/* 自动生成：xos_loginbg 160x120，源 gui_desk_02_登录界面.png */
static const u32 xos_loginbg[160u * 120u] = {
    0x2b3a55,0x2b3a55,0x2b3a55,0x2b3a55,0x2b3a55,0x2b3a55,0x2b3a55,0x2b3a55,0x2b3a55,0x2b3a55,0x2b3a55,0x2b3a55,
    0x2b3a55,0x2b3a55,0x2b3a55,0x2b3a55,0x2b3a55,0x2b3a55,0x2b3a55,0x2b3a55,0x2b3a55,0x2b3a55,0x2b3a55,0x2b3a55,
    0x2b3a55,0x2b3a55,0x2b3a55,0x2b3a55,0x2b3a55,0x2b3a55,0x2b3a55,0x2b3a55,0x2b3a55,0x2b3a55,0x2b3a55,0x2b3a55,
    0x2b3a55,0x2b3a55,0x2b3a55,0x2b3a55,0x2b3a55,0x2b3a55,0x2b3a55,0x2b3a55,0x2b3a55,0x2b3a55,0x2b3a55,0x2b3a55,
    0x2b3a55,0x2b3a55,0x2b3a55,0x2b3a55,0x2b3a55,0x2b3a55,0x2b3a55,0x2b3a55,0x2b3a55,0x2b3a55,0x2b3a55,0x2b3a55,
    0x2b3a55,0x2b3a55,0x2b3a55,0x2b3a55,0x2b3a55,0x2b3a55,0x2b3a55,0x2b3a55,0x2b3a55,0x2b3a55,0x2b3a55,0x2b3a55,
    0x2b3a55,0x2b3a55,0x2b3a55,0x2b3a55,0x2b3a55,0x2b3a55,0x2b3a55,0x2b3a55,0x2b3a55,0x2b3a55,0x2b3a55,0x2b3a55,
    0x2b3a55,0x2b3a55,0x2b3a55,0x2b3a55,0x2b3a55,0x2b3a55,0x2b3a55,0x2b3a55,0x2b3a55,0x2b3a55,0x2b3a55,0x2b3a55,
    0x2b3a55,0x2b3a55,0x2b3a55,0x2b3a55,0x2b3a55,0x2b3a55,0x2b3a55,0x2b3a55,0x2b3a55,0x2b3a55,0x2b3a55,0x2b3a55,
    0x2b3a55,0x2b3a55,0x2b3a55,0x2b3a55,0x2b3a55,0x2b3a55,0x2b3a55,0x2b3a55,0x2b3a55,0x2b3a55,0x2b3a55,0x2b3a55,
    0x2b3a55,0x2b3a55,0x2b3a55,0x2b3a55,0x2b3a55,0x2b3a55,0x2b3a55,0x2b3a55,0x2b3a55,0x2b3a55,0x2b3a55,0x2b3a55,
    0x2b3a55,0x2b3a55,0x2b3a55,0x2b3a55,0x2b3a55,0x2b3a55,0x2b3a55,0x2b3a55,0x2b3a55,0x2b3a55,0x2b3a55,0x2b3a55,
    0x2b3a55,0x2b3a55,0x2b3a55,0x2b3a55,0x2b3a55,0x2b3a55,0x2b3a55,0x2b3a55,0x2b3a55,0x2b3a55,0x2b3a55,0x2b3a55,
    0x2b3a55,0x2b3a55,0x2b3a55,0x2b3a55,
    0x2b3a55,0x2b3a55,0x2b3a55,0x2b3a55,0x2b3a55,0x2b3a55,0x2b3a55,0x2b3a55,0x2b3a55,0x2b3a55,0x2b3a55,0x2b3a55,
    0x2b3a55,0x2b3a55,0x2b3a55,0x2b3a55,0x2b3a55,0x2b3a55,0x2b3a55,0x2b3a55,0x2b3a55,0x2b3a55,0x2b3a55,0x2b3a55,
    0x2b3a55,0x2b3a55,0x2b3a55,0x2b3a55,0x2b3a55,0x2b3a55,0x2b3a55,0x2b3a55,0x2b3a55,0x2b3a55,0x2b3a55,0x2b3a55,
    0x2b3a55,0x2b3a55,0x2b3a55,0x2b3a55,0x2b3a55,0x2b3a55,0x2b3a55,0x2b3a55,0x2b3a55,0x2b3a55,0x2b3a55,0x2b3a55,
    0x2b3a55,0x2b3a55,0x2b3a55,0x2b3a55,0x2b3a55,0x2b3a55,0x2b3a55,0x2b3a55,0x2b3a55,0x2b3a55,0x2b3a55,0x2b3a55,
    0x2b3a55,0x2b3a55,0x2b3a55,0x2b3a55,0x2b3a55,0x2b3a55,0x2b3a55,0x2b3a55,0x2b3a55,0x2b3a55,0x2b3a55,0x2b3a55,
    0x2b3a55,0x2b3a55,0x2b3a55,0x2b3a55,0x2b3a55,0x2b3a55,0x2b3a55,0x2b3a55,0x2b3a55,0x2b3a55,0x2b3a55,0x2b3a55,
    0x2b3a55,0x2b3a55,0x2b3a55,0x2b3a55,0x2b3a55,0x2b3a55,0x2b3a55,0x2b3a55,0x2b3a55,0x2b3a55,0x2b3a55,0x2b3a55,
    0x2b3a55,0x2b3a55,0x2b3a55,0x2b3a55,0x2b3a55,0x2b3a55,0x2b3a55,0x2b3a55,0x2b3a55,0x2b3a55,0x2b3a55,0x2b3a55,
    0x2b3a55,0x2b3a55,0x2b3a55,0x2b3a55,0x2b3a55,0x2b3a55,0x2b3a55,0x2b3a55,0x2b3a55,0x2b3a55,0x2b3a55,0x2b3a55,
    0x2b3a55,0x2b3a55,0x2b3a55,0x2b3a55,0x2b3a55,0x2b3a55,0x2b3a55,0x2b3a55,0x2b3a55,0x2b3a55,0x2b3a55,0x2b3a55,
    0x2b3a55,0x2b3a55,0x2b3a55,0x2b3a55,0x2b3a55,0x2b3a55,0x2b3a55,0x2b3a55,0x2b3a55,0x2b3a55,0x2b3a55,0x2b3a55,
    0x2b3a55,0x2b3a55,0x2b3a55,0x2b3a55,0x2b3a55,0x2b3a55,0x2b3a55,0x2b3a55,0x2b3a55,0x2b3a55,0x2b3a55,0x2b3a55,
    0x2b3a55,0x2b3a55,0x2b3a55,0x2b3a55,
    0x2b3a55,0x2b3a55,0x2b3a55,0x2b3a55,0x2b3a55,0x2b3a55,0x2b3a55,0x2b3a55,0x2b3a55,0x2b3a55,0x2b3a55,0x2b3a55,
    0x2b3a55,0x2b3a55,0x2b3a55,0x2b3a55,0x2b3a55,0x2b3a55,0x2b3a55,0x2b3a55,0x2b3a55,0x2b3a55,0x2b3a55,0x2b3a55,
    0x2b3a55,0x2b3a55,0x2b3a55,0x2b3a55,0x2b3a55,0x2b3a55,0x2b3a55,0x2b3a55,0x2b3a55,0x2b3a55,0x2b3a55,0x2b3a55,
    0x2b3a55,0x2b3a55,0x2b3a55,0x2b3a55,0x2b3a55,0x2b3a55,0x2b3a55,0x2b3a55,0x2b3a55,0x2b3a55,0x2b3a55,0x2b3a55,
    0x2b3a55,0x2b3a55,0x2b3a55,0x2b3a55,0x2b3a55,0x2b3a55,0x2b3a55,0x2b3a55,0x2b3a55,0x2b3a55,0x2b3a55,0x2b3a55,
    0x2b3a55,0x2b3a55,0x2b3a55,0x2b3a55,0x2b3a55,0x2b3a55,0x2b3a55,0x2b3a55,0x2b3a55,0x2b3a55,0x2b3a55,0x2b3a55,
    0x2b3a55,0x2b3a55,0x2b3a55,0x2b3a55,0x2b3a55,0x2b3a55,0x2b3a55,0x2b3a55,0x2b3a55,0x2b3a55,0x2b3a55,0x2b3a55,
    0x2b3a55,0x2b3a55,0x2b3a55,0x2b3a55,0x2b3a55,0x2b3a55,0x2b3a55,0x2b3a55,0x2b3a55,0x2b3a55,0x2b3a55,0x2b3a55,
    0x2b3a55,0x2b3a55,0x2b3a55,0x2b3a55,0x2b3a55,0x2b3a55,0x2b3a55,0x2b3a55,0x2b3a55,0x2b3a55,0x2b3a55,0x2b3a55,
    0x2b3a55,0x2b3a55,0x2b3a55,0x2b3a55,0x2b3a55,0x2b3a55,0x2b3a55,0x2b3a55,0x2b3a55,0x2b3a55,0x2b3a55,0x2b3a55,
    0x2b3a55,0x2b3a55,0x2b3a55,0x2b3a55,0x2b3a55,0x2b3a55,0x2b3a55,0x2b3a55,0x2b3a55,0x2b3a55,0x2b3a55,0x2b3a55,
    0x2b3a55,0x2b3a55,0x2b3a55,0x2b3a55,0x2b3a55,0x2b3a55,0x2b3a55,0x2b3a55,0x2b3a55,0x2b3a55,0x2b3a55,0x2b3a55,
    0x2b3a55,0x2b3a55,0x2b3a55,0x2b3a55,0x2b3a55,0x2b3a55,0x2b3a55,0x2b3a55,0x2b3a55,0x2b3a55,0x2b3a55,0x2b3a55,
    0x2b3a55,0x2b3a55,0x2b3a55,0x2b3a55,
    0x2b3a55,0x2b3a55,0x2b3a55,0x2b3a55,0x2b3a55,0x2b3a55,0x2b3a55,0x2b3a55,0x2b3a55,0x2b3a55,0x2b3a55,0x2b3a55,
    0x2b3a55,0x2b3a55,0x2b3a55,0x2b3a55,0x2b3a55,0x2b3a55,0x2b3a55,0x2b3a55,0x2b3a55,0x2b3a55,0x2b3a55,0x2b3a55,
    0x2b3a55,0x2b3a55,0x2b3a55,0x2b3a55,0x2b3a55,0x2b3a55,0x2b3a55,0x2b3a55,0x2b3a55,0x2b3a55,0x2b3a55,0x2b3a55,
    0x2b3a55,0x2b3a55,0x2b3a55,0x2b3a55,0x2b3a55,0x2b3a55,0x2b3a55,0x2b3a55,0x2b3a55,0x2b3a55,0x2b3a55,0x2b3a55,
    0x2b3a55,0x2b3a55,0x2b3a55,0x2b3a55,0x2b3a55,0x2b3a55,0x2b3a55,0x2b3a55,0x2b3a55,0x2b3a55,0x2b3a55,0x2b3a55,
    0x2b3a55,0x2b3a55,0x2b3a55,0x2b3a55,0x2b3a55,0x2b3a55,0x2b3a55,0x2b3a55,0x2b3a55,0x2b3a55,0x2b3a55,0x2b3a55,
    0x2b3a55,0x2b3a55,0x2b3a55,0x2b3a55,0x2b3a55,0x2b3a55,0x2b3a55,0x2b3a55,0x2b3a55,0x2b3a55,0x2b3a55,0x2b3a55,
    0x2b3a55,0x2b3a55,0x2b3a55,0x2b3a55,0x2b3a55,0x2b3a55,0x2b3a55,0x2b3a55,0x2b3a55,0x2b3a55,0x2b3a55,0x2b3a55,
    0x2b3a55,0x2b3a55,0x2b3a55,0x2b3a55,0x2b3a55,0x2b3a55,0x2b3a55,0x2b3a55,0x2b3a55,0x2b3a55,0x2b3a55,0x2b3a55,
    0x2b3a55,0x2b3a55,0x2b3a55,0x2b3a55,0x2b3a55,0x2b3a55,0x2b3a55,0x2b3a55,0x2b3a55,0x2b3a55,0x2b3a55,0x2b3a55,
    0x2b3a55,0x2b3a55,0x2b3a55,0x2b3a55,0x2b3a55,0x2b3a55,0x2b3a55,0x2b3a55,0x2b3a55,0x2b3a55,0x2b3a55,0x2b3a55,
    0x2b3a55,0x2b3a55,0x2b3a55,0x2b3a55,0x2b3a55,0x2b3a55,0x2b3a55,0x2b3a55,0x2b3a55,0x2b3a55,0x2b3a55,0x2b3a55,
    0x2b3a55,0x2b3a55,0x2b3a55,0x2b3a55,0x2b3a55,0x2b3a55,0x2b3a55,0x2b3a55,0x2b3a55,0x2b3a55,0x2b3a55,0x2b3a55,
    0x2b3a55,0x2b3a55,0x2b3a55,0x2b3a55,
    0x2b3a55,0x2b3a55,0x2b3a55,0x2b3a55,0x2b3a55,0x2b3a55,0x2b3a55,0x2b3a55,0x2b3a55,0x2b3a55,0x2b3a55,0x2b3a55,
    0x2b3a55,0x2b3a55,0x2b3a55,0x2b3a55,0x2b3a55,0x2b3a55,0x2b3a55,0x2b3a55,0x2b3a55,0x2b3a55,0x2b3a55,0x2b3a55,
    0x2b3a55,0x2b3a55,0x2b3a55,0x2b3a55,0x2b3a55,0x2b3a55,0x2b3a55,0x2b3a55,0x2b3a55,0x2b3a55,0x2b3a55,0x2b3a55,
    0x2b3a55,0x2b3a55,0x2b3a55,0x2b3a55,0x2b3a55,0x2b3a55,0x2b3a55,0x2b3a55,0x2b3a55,0x2b3a55,0x2b3a55,0x2b3a55,
    0x2b3a55,0x2b3a55,0x2b3a55,0x2b3a55,0x2b3a55,0x2b3a55,0x2b3a55,0x2b3a55,0x2b3a55,0x2b3a55,0x2b3a55,0x2b3a55,
    0x2b3a55,0x2b3a55,0x2b3a55,0x2b3a55,0x2b3a55,0x2b3a55,0x2b3a55,0x2b3a55,0x2b3a55,0x2b3a55,0x2b3a55,0x2b3a55,
    0x2b3a55,0x2b3a55,0x2b3a55,0x2b3a55,0x2b3a55,0x2b3a55,0x2b3a55,0x2b3a55,0x2b3a55,0x2b3a55,0x2b3a55,0x2b3a55,
    0x2b3a55,0x2b3a55,0x2b3a55,0x2b3a55,0x2b3a55,0x2b3a55,0x2b3a55,0x2b3a55,0x2b3a55,0x2b3a55,0x2b3a55,0x2b3a55,
    0x2b3a55,0x2b3a55,0x2b3a55,0x2b3a55,0x2b3a55,0x2b3a55,0x2b3a55,0x2b3a55,0x2b3a55,0x2b3a55,0x2b3a55,0x2b3a55,
    0x2b3a55,0x2b3a55,0x2b3a55,0x2b3a55,0x2b3a55,0x2b3a55,0x2b3a55,0x2b3a55,0x2b3a55,0x2b3a55,0x2b3a55,0x2b3a55,
    0x2b3a55,0x2b3a55,0x2b3a55,0x2b3a55,0x2b3a55,0x2b3a55,0x2b3a55,0x2b3a55,0x2b3a55,0x2b3a55,0x2b3a55,0x2b3a55,
    0x2b3a55,0x2b3a55,0x2b3a55,0x2b3a55,0x2b3a55,0x2b3a55,0x2b3a55,0x2b3a55,0x2b3a55,0x2b3a55,0x2b3a55,0x2b3a55,
    0x2b3a55,0x2b3a55,0x2b3a55,0x2b3a55,0x2b3a55,0x2b3a55,0x2b3a55,0x2b3a55,0x2b3a55,0x2b3a55,0x2b3a55,0x2b3a55,
    0x2b3a55,0x2b3a55,0x2b3a55,0x2b3a55,
    0x2b3a55,0x2b3a55,0x2b3a55,0x2b3a55,0x2b3a55,0x2b3a55,0x2b3a55,0x2b3a55,0x2b3a55,0x2b3a55,0x2b3a55,0x2b3a55,
    0x2b3a55,0x2b3a55,0x2b3a55,0x2b3a55,0x2b3a55,0x2b3a55,0x2b3a55,0x2b3a55,0x2b3a55,0x2b3a55,0x2b3a55,0x2b3a55,
    0x2b3a55,0x2b3a55,0x2b3a55,0x2b3a55,0x2b3a55,0x2b3a55,0x2b3a55,0x2b3a55,0x2b3a55,0x2b3a55,0x2b3a55,0x2b3a55,
    0x2b3a55,0x2b3a55,0x2b3a55,0x2b3a55,0x2b3a55,0x2b3a55,0x2b3a55,0x2b3a55,0x2b3a55,0x2b3a55,0x2b3a55,0x2b3a55,
    0x2b3a55,0x2b3a55,0x2b3a55,0x2b3a55,0x2b3a55,0x2b3a55,0x2b3a55,0x2b3a55,0x2b3a55,0x2b3a55,0x2b3a55,0x2b3a55,
    0x2b3a55,0x2b3a55,0x2b3a55,0x2b3a55,0x2b3a55,0x2b3a55,0x2b3a55,0x2b3a55,0x2b3a55,0x2b3a55,0x2b3a55,0x2b3a55,
    0x2b3a55,0x2b3a55,0x2b3a55,0x2b3a55,0x2b3a55,0x2b3a55,0x2b3a55,0x2b3a55,0x2b3a55,0x2b3a55,0x2b3a55,0x2b3a55,
    0x2b3a55,0x2b3a55,0x2b3a55,0x2b3a55,0x2b3a55,0x2b3a55,0x2b3a55,0x2b3a55,0x2b3a55,0x2b3a55,0x2b3a55,0x2b3a55,
    0x2b3a55,0x2b3a55,0x2b3a55,0x2b3a55,0x2b3a55,0x2b3a55,0x2b3a55,0x2b3a55,0x2b3a55,0x2b3a55,0x2b3a55,0x2b3a55,
    0x2b3a55,0x2b3a55,0x2b3a55,0x2b3a55,0x2b3a55,0x2b3a55,0x2b3a55,0x2b3a55,0x2b3a55,0x2b3a55,0x2b3a55,0x2b3a55,
    0x2b3a55,0x2b3a55,0x2b3a55,0x2b3a55,0x2b3a55,0x2b3a55,0x2b3a55,0x2b3a55,0x2b3a55,0x2b3a55,0x2b3a55,0x2b3a55,
    0x2b3a55,0x2b3a55,0x2b3a55,0x2b3a55,0x2b3a55,0x2b3a55,0x2b3a55,0x2b3a55,0x2b3a55,0x2b3a55,0x2b3a55,0x2b3a55,
    0x2b3a55,0x2b3a55,0x2b3a55,0x2b3a55,0x2b3a55,0x2b3a55,0x2b3a55,0x2b3a55,0x2b3a55,0x2b3a55,0x2b3a55,0x2b3a55,
    0x2b3a55,0x2b3a55,0x2b3a55,0x2b3a55,
    0x2b3a55,0x2b3a55,0x2b3a55,0x2b3a55,0x2b3a55,0x2b3a55,0x2b3a55,0x2b3a55,0x2b3a55,0x2b3a55,0x2b3a55,0x2b3a55,
    0x2b3a55,0x2b3a55,0x2b3a55,0x2b3a55,0x2b3a55,0x2b3a55,0x2b3a55,0x2b3a55,0x2b3a55,0x2b3a55,0x2b3a55,0x2b3a55,
    0x2b3a55,0x2b3a55,0x2b3a55,0x2b3a55,0x2b3a55,0x2b3a55,0x2b3a55,0x2b3a55,0x2b3a55,0x2b3a55,0x2b3a55,0x2b3a55,
    0x2b3a55,0x2b3a55,0x2b3a55,0x2b3a55,0x2b3a55,0x2b3a55,0x2b3a55,0x2b3a55,0x2b3a55,0x2b3a55,0x2b3a55,0x2b3a55,
    0x2b3a55,0x2b3a55,0x2b3a55,0x2b3a55,0x2b3a55,0x2b3a55,0x2b3a55,0x2b3a55,0x2b3a55,0x2b3a55,0x2b3a55,0x2b3a55,
    0x2b3a55,0x2b3a55,0x2b3a55,0x2b3a55,0x2b3a55,0x2b3a55,0x2b3a55,0x2b3a55,0x2b3a55,0x2b3a55,0x2b3a55,0x2b3a55,
    0x2b3a55,0x2b3a55,0x2b3a55,0x2b3a55,0x2b3a55,0x2b3a55,0x2b3a55,0x2b3a55,0x2b3a55,0x2b3a55,0x2b3a55,0x2b3a55,
    0x2b3a55,0x2b3a55,0x2b3a55,0x2b3a55,0x2b3a55,0x2b3a55,0x2b3a55,0x2b3a55,0x2b3a55,0x2b3a55,0x2b3a55,0x2b3a55,
    0x2b3a55,0x2b3a55,0x2b3a55,0x2b3a55,0x2b3a55,0x2b3a55,0x2b3a55,0x2b3a55,0x2b3a55,0x2b3a55,0x2b3a55,0x2b3a55,
    0x2b3a55,0x2b3a55,0x2b3a55,0x2b3a55,0x2b3a55,0x2b3a55,0x2b3a55,0x2b3a55,0x2b3a55,0x2b3a55,0x2b3a55,0x2b3a55,
    0x2b3a55,0x2b3a55,0x2b3a55,0x2b3a55,0x2b3a55,0x2b3a55,0x2b3a55,0x2b3a55,0x2b3a55,0x2b3a55,0x2b3a55,0x2b3a55,
    0x2b3a55,0x2b3a55,0x2b3a55,0x2b3a55,0x2b3a55,0x2b3a55,0x2b3a55,0x2b3a55,0x2b3a55,0x2b3a55,0x2b3a55,0x2b3a55,
    0x2b3a55,0x2b3a55,0x2b3a55,0x2b3a55,0x2b3a55,0x2b3a55,0x2b3a55,0x2b3a55,0x2b3a55,0x2b3a55,0x2b3a55,0x2b3a55,
    0x2b3a55,0x2b3a55,0x2b3a55,0x2b3a55,
    0x2b3a55,0x2b3a55,0x2b3a55,0x2b3a55,0x2b3a55,0x2b3a55,0x2b3a55,0x2b3a55,0x2b3a55,0x2b3a55,0x2b3a55,0x2b3a55,
    0x2b3a55,0x2b3a55,0x2b3a55,0x2b3a55,0x2b3a55,0x2b3a55,0x2b3a55,0x2b3a55,0x2b3a55,0x2b3a55,0x2b3a55,0x2b3a55,
    0x2b3a55,0x2b3a55,0x2b3a55,0x2b3a55,0x2b3a55,0x2b3a55,0x2b3a55,0x2b3a55,0x2b3a55,0x2b3a55,0x2b3a55,0x2b3a55,
    0x2b3a55,0x2b3a55,0x2b3a55,0x2b3a55,0x2b3a55,0x2b3a55,0x2b3a55,0x2b3a55,0x2b3a55,0x2b3a55,0x2b3a55,0x2b3a55,
    0x2b3a55,0x2b3a55,0x2b3a55,0x2b3a55,0x2b3a55,0x2b3a55,0x2b3a55,0x2b3a55,0x2b3a55,0x2b3a55,0x2b3a55,0x2b3a55,
    0x2b3a55,0x2b3a55,0x2b3a55,0x2b3a55,0x2b3a55,0x2b3a55,0x2b3a55,0x2b3a55,0x2b3a55,0x2b3a55,0x2b3a55,0x2b3a55,
    0x2b3a55,0x2b3a55,0x2b3a55,0x2b3a55,0x2b3a55,0x2b3a55,0x2b3a55,0x2b3a55,0x2b3a55,0x2b3a55,0x2b3a55,0x2b3a55,
    0x2b3a55,0x2b3a55,0x2b3a55,0x2b3a55,0x2b3a55,0x2b3a55,0x2b3a55,0x2b3a55,0x2b3a55,0x2b3a55,0x2b3a55,0x2b3a55,
    0x2b3a55,0x2b3a55,0x2b3a55,0x2b3a55,0x2b3a55,0x2b3a55,0x2b3a55,0x2b3a55,0x2b3a55,0x2b3a55,0x2b3a55,0x2b3a55,
    0x2b3a55,0x2b3a55,0x2b3a55,0x2b3a55,0x2b3a55,0x2b3a55,0x2b3a55,0x2b3a55,0x2b3a55,0x2b3a55,0x2b3a55,0x2b3a55,
    0x2b3a55,0x2b3a55,0x2b3a55,0x2b3a55,0x2b3a55,0x2b3a55,0x2b3a55,0x2b3a55,0x2b3a55,0x2b3a55,0x2b3a55,0x2b3a55,
    0x2b3a55,0x2b3a55,0x2b3a55,0x2b3a55,0x2b3a55,0x2b3a55,0x2b3a55,0x2b3a55,0x2b3a55,0x2b3a55,0x2b3a55,0x2b3a55,
    0x2b3a55,0x2b3a55,0x2b3a55,0x2b3a55,0x2b3a55,0x2b3a55,0x2b3a55,0x2b3a55,0x2b3a55,0x2b3a55,0x2b3a55,0x2b3a55,
    0x2b3a55,0x2b3a55,0x2b3a55,0x2b3a55,
    0x2b3a55,0x2b3a55,0x2b3a55,0x2b3a55,0x2b3a55,0x2b3a55,0x2b3a55,0x2b3a55,0x2b3a55,0x2b3a55,0x2b3a55,0x2b3a55,
    0x2b3a55,0x2b3a55,0x2b3a55,0x2b3a55,0x2b3a55,0x2b3a55,0x2b3a55,0x2b3a55,0x2b3a55,0x2b3a55,0x2b3a55,0x2b3a55,
    0x2b3a55,0x2b3a55,0x2b3a55,0x2b3a55,0x2b3a55,0x2b3a55,0x2b3a55,0x2b3a55,0x2b3a55,0x2b3a55,0x2b3a55,0x2b3a55,
    0x2b3a55,0x2b3a55,0x2b3a55,0x2b3a55,0x2b3a55,0x2b3a55,0x2b3a55,0x2b3a55,0x2b3a55,0x2b3a55,0x2b3a55,0x2b3a55,
    0x2b3a55,0x2b3a55,0x2b3a55,0x2b3a55,0x2b3a55,0x2b3a55,0x2b3a55,0x2b3a55,0x2b3a55,0x2b3a55,0x2b3a55,0x2b3a55,
    0x2b3a55,0x2b3a55,0x2b3a55,0x2b3a55,0x2b3a55,0x2b3a55,0x2b3a55,0x2b3a55,0x2b3a55,0x2b3a55,0x2b3a55,0x2b3a55,
    0x2b3a55,0x2b3a55,0x2b3a55,0x2b3a55,0x2b3a55,0x2b3a55,0x2b3a55,0x2b3a55,0x2b3a55,0x2b3a55,0x2b3a55,0x2b3a55,
    0x2b3a55,0x2b3a55,0x2b3a55,0x2b3a55,0x2b3a55,0x2b3a55,0x2b3a55,0x2b3a55,0x2b3a55,0x2b3a55,0x2b3a55,0x2b3a55,
    0x2b3a55,0x2b3a55,0x2b3a55,0x2b3a55,0x2b3a55,0x2b3a55,0x2b3a55,0x2b3a55,0x2b3a55,0x2b3a55,0x2b3a55,0x2b3a55,
    0x2b3a55,0x2b3a55,0x2b3a55,0x2b3a55,0x2b3a55,0x2b3a55,0x2b3a55,0x2b3a55,0x2b3a55,0x2b3a55,0x2b3a55,0x2b3a55,
    0x2b3a55,0x2b3a55,0x2b3a55,0x2b3a55,0x2b3a55,0x2b3a55,0x2b3a55,0x2b3a55,0x2b3a55,0x2b3a55,0x2b3a55,0x2b3a55,
    0x2b3a55,0x2b3a55,0x2b3a55,0x2b3a55,0x2b3a55,0x2b3a55,0x2b3a55,0x2b3a55,0x2b3a55,0x2b3a55,0x2b3a55,0x2b3a55,
    0x2b3a55,0x2b3a55,0x2b3a55,0x2b3a55,0x2b3a55,0x2b3a55,0x2b3a55,0x2b3a55,0x2b3a55,0x2b3a55,0x2b3a55,0x2b3a55,
    0x2b3a55,0x2b3a55,0x2b3a55,0x2b3a55,
    0x2b3a55,0x2b3a55,0x2b3a55,0x2b3a55,0x2b3a55,0x2b3a55,0x2b3a55,0x2b3a55,0x2b3a55,0x2b3a55,0x2b3a55,0x2b3a55,
    0x2b3a55,0x2b3a55,0x2b3a55,0x2b3a55,0x2b3a55,0x2b3a55,0x2b3a55,0x2b3a55,0x2b3a55,0x2b3a55,0x2b3a55,0x2b3a55,
    0x2b3a55,0x2b3a55,0x2b3a55,0x2b3a55,0x2b3a55,0x2b3a55,0x2b3a55,0x2b3a55,0x2b3a55,0x2b3a55,0x2b3a55,0x2b3a55,
    0x2b3a55,0x2b3a55,0x2b3a55,0x2b3a55,0x2b3a55,0x2b3a55,0x2b3a55,0x2b3a55,0x2b3a55,0x2b3a55,0x2b3a55,0x2b3a55,
    0x2b3a55,0x2b3a55,0x2b3a55,0x2b3a55,0x2b3a55,0x2b3a55,0x2b3a55,0x2b3a55,0x2b3a55,0x2b3a55,0x2b3a55,0x2b3a55,
    0x2b3a55,0x2b3a55,0x2b3a55,0x2b3a55,0x2b3a55,0x2b3a55,0x2b3a55,0x2b3a55,0x2b3a55,0x2b3a55,0x2b3a55,0x2b3a55,
    0x2b3a55,0x2b3a55,0x2b3a55,0x2b3a55,0x2b3a55,0x2b3a55,0x2b3a55,0x2b3a55,0x2b3a55,0x2b3a55,0x2b3a55,0x2b3a55,
    0x2b3a55,0x2b3a55,0x2b3a55,0x2b3a55,0x2b3a55,0x2b3a55,0x2b3a55,0x2b3a55,0x2b3a55,0x2b3a55,0x2b3a55,0x2b3a55,
    0x2b3a55,0x2b3a55,0x2b3a55,0x2b3a55,0x2b3a55,0x2b3a55,0x2b3a55,0x2b3a55,0x2b3a55,0x2b3a55,0x2b3a55,0x2b3a55,
    0x2b3a55,0x2b3a55,0x2b3a55,0x2b3a55,0x2b3a55,0x2b3a55,0x2b3a55,0x2b3a55,0x2b3a55,0x2b3a55,0x2b3a55,0x2b3a55,
    0x2b3a55,0x2b3a55,0x2b3a55,0x2b3a55,0x2b3a55,0x2b3a55,0x2b3a55,0x2b3a55,0x2b3a55,0x2b3a55,0x2b3a55,0x2b3a55,
    0x2b3a55,0x2b3a55,0x2b3a55,0x2b3a55,0x2b3a55,0x2b3a55,0x2b3a55,0x2b3a55,0x2b3a55,0x2b3a55,0x2b3a55,0x2b3a55,
    0x2b3a55,0x2b3a55,0x2b3a55,0x2b3a55,0x2b3a55,0x2b3a55,0x2b3a55,0x2b3a55,0x2b3a55,0x2b3a55,0x2b3a55,0x2b3a55,
    0x2b3a55,0x2b3a55,0x2b3a55,0x2b3a55,
    0x2b3a55,0x2b3a55,0x2b3a55,0x2b3a55,0x2b3a55,0x2b3a55,0x2b3a55,0x2b3a55,0x2b3a55,0x2b3a55,0x2b3a55,0x2b3a55,
    0x2b3a55,0x2b3a55,0x2b3a55,0x2b3a55,0x2b3a55,0x2b3a55,0x2b3a55,0x2b3a55,0x2b3a55,0x2b3a55,0x2b3a55,0x2b3a55,
    0x2b3a55,0x2b3a55,0x2b3a55,0x2b3a55,0x2b3a55,0x2b3a55,0x2b3a55,0x2b3a55,0x2b3a55,0x2b3a55,0x2b3a55,0x2b3a55,
    0x2b3a55,0x2b3a55,0x2b3a55,0x2b3a55,0x2b3a55,0x2b3a55,0x2b3a55,0x2b3a55,0x2b3a55,0x2b3a55,0x2b3a55,0x2b3a55,
    0x2b3a55,0x2b3a55,0x2b3a55,0x2b3a55,0x2b3a55,0x2b3a55,0x2b3a55,0x2b3a55,0x2b3a55,0x2b3a55,0x2b3a55,0x2b3a55,
    0x2b3a55,0x2b3a55,0x2b3a55,0x2b3a55,0x2b3a55,0x2b3a55,0x2b3a55,0x2b3a55,0x2b3a55,0x2b3a55,0x2b3a55,0x2b3a55,
    0x2b3a55,0x2b3a55,0x2b3a55,0x2b3a55,0x2b3a55,0x2b3a55,0x2b3a55,0x2b3a55,0x2b3a55,0x2b3a55,0x2b3a55,0x2b3a55,
    0x2b3a55,0x2b3a55,0x2b3a55,0x2b3a55,0x2b3a55,0x2b3a55,0x2b3a55,0x2b3a55,0x2b3a55,0x2b3a55,0x2b3a55,0x2b3a55,
    0x2b3a55,0x2b3a55,0x2b3a55,0x2b3a55,0x2b3a55,0x2b3a55,0x2b3a55,0x2b3a55,0x2b3a55,0x2b3a55,0x2b3a55,0x2b3a55,
    0x2b3a55,0x2b3a55,0x2b3a55,0x2b3a55,0x2b3a55,0x2b3a55,0x2b3a55,0x2b3a55,0x2b3a55,0x2b3a55,0x2b3a55,0x2b3a55,
    0x2b3a55,0x2b3a55,0x2b3a55,0x2b3a55,0x2b3a55,0x2b3a55,0x2b3a55,0x2b3a55,0x2b3a55,0x2b3a55,0x2b3a55,0x2b3a55,
    0x2b3a55,0x2b3a55,0x2b3a55,0x2b3a55,0x2b3a55,0x2b3a55,0x2b3a55,0x2b3a55,0x2b3a55,0x2b3a55,0x2b3a55,0x2b3a55,
    0x2b3a55,0x2b3a55,0x2b3a55,0x2b3a55,0x2b3a55,0x2b3a55,0x2b3a55,0x2b3a55,0x2b3a55,0x2b3a55,0x2b3a55,0x2b3a55,
    0x2b3a55,0x2b3a55,0x2b3a55,0x2b3a55,
    0x2b3a55,0x2b3a55,0x2b3a55,0x2b3a55,0x2b3a55,0x2b3a55,0x2b3a55,0x2b3a55,0x2b3a55,0x2b3a55,0x2b3a55,0x2b3a55,
    0x2b3a55,0x2b3a55,0x2b3a55,0x2b3a55,0x2b3a55,0x2b3a55,0x2b3a55,0x2b3a55,0x2b3a55,0x2b3a55,0x2b3a55,0x2b3a55,
    0x2b3a55,0x2b3a55,0x2b3a55,0x2b3a55,0x2b3a55,0x2b3a55,0x2b3a55,0x2b3a55,0x2b3a55,0x2b3a55,0x2b3a55,0x2b3a55,
    0x2b3a55,0x2b3a55,0x2b3a55,0x2b3a55,0x2b3a55,0x2b3a55,0x2b3a55,0x2b3a55,0x2b3a55,0x2b3a55,0x2b3a55,0x2b3a55,
    0x2b3a55,0x2b3a55,0x2b3a55,0x2b3a55,0x2b3a55,0x2b3a55,0x2b3a55,0x2b3a55,0x2b3a55,0x2b3a55,0x2b3a55,0x2b3a55,
    0x2b3a55,0x2b3a55,0x2b3a55,0x2b3a55,0x2b3a55,0x2b3a55,0x2b3a55,0x2b3a55,0x2b3a55,0x2b3a55,0x2b3a55,0x2b3a55,
    0x2b3a55,0x2b3a55,0x2b3a55,0x2b3a55,0x2b3a55,0x2b3a55,0x2b3a55,0x2b3a55,0x2b3a55,0x2b3a55,0x2b3a55,0x2b3a55,
    0x2b3a55,0x2b3a55,0x2b3a55,0x2b3a55,0x2b3a55,0x2b3a55,0x2b3a55,0x2b3a55,0x2b3a55,0x2b3a55,0x2b3a55,0x2b3a55,
    0x2b3a55,0x2b3a55,0x2b3a55,0x2b3a55,0x2b3a55,0x2b3a55,0x2b3a55,0x2b3a55,0x2b3a55,0x2b3a55,0x2b3a55,0x2b3a55,
    0x2b3a55,0x2b3a55,0x2b3a55,0x2b3a55,0x2b3a55,0x2b3a55,0x2b3a55,0x2b3a55,0x2b3a55,0x2b3a55,0x2b3a55,0x2b3a55,
    0x2b3a55,0x2b3a55,0x2b3a55,0x2b3a55,0x2b3a55,0x2b3a55,0x2b3a55,0x2b3a55,0x2b3a55,0x2b3a55,0x2b3a55,0x2b3a55,
    0x2b3a55,0x2b3a55,0x2b3a55,0x2c3b55,0x2c3b56,0x2d3c56,0x2d3b56,0x2c3b55,0x2b3a55,0x2b3a55,0x2b3a55,0x2b3a55,
    0x2b3a55,0x2b3a55,0x2b3a55,0x2b3a55,0x2b3a55,0x2b3a55,0x2b3a55,0x2b3a55,0x2b3a55,0x2b3a55,0x2b3a55,0x2b3a55,
    0x2b3a55,0x2b3a55,0x2b3a55,0x2b3a55,
    0x2b3a55,0x2b3a55,0x2b3a55,0x2b3a55,0x2b3a55,0x2b3a55,0x2b3a55,0x2b3a55,0x2b3a55,0x2b3a55,0x2b3a55,0x2b3a55,
    0x2b3a55,0x2b3a55,0x2b3a55,0x2b3a55,0x2b3a55,0x2b3a55,0x2b3a55,0x2b3a55,0x2b3a55,0x2b3a55,0x2b3a55,0x2b3a55,
    0x2b3a55,0x2b3a55,0x2b3a55,0x2b3a55,0x2b3a55,0x2b3a55,0x2b3a55,0x2b3a55,0x2b3a55,0x2b3a55,0x2b3a55,0x2b3a55,
    0x2b3a55,0x2b3a55,0x2b3a55,0x2b3a55,0x2b3a55,0x2b3a55,0x2b3a55,0x2b3a55,0x2b3a55,0x2b3a55,0x2b3a55,0x2b3a55,
    0x2b3a55,0x2b3a55,0x2b3a55,0x2b3a55,0x2b3a55,0x2b3a55,0x2b3a55,0x2b3a55,0x2b3a55,0x2b3a55,0x2b3a55,0x2b3a55,
    0x2b3a55,0x2b3a55,0x2b3a55,0x2b3a55,0x2b3a55,0x2b3a55,0x2b3a55,0x2b3a55,0x2b3a55,0x2b3a55,0x2b3a55,0x2b3a55,
    0x2b3a55,0x2b3a55,0x2b3a55,0x2b3a55,0x2b3a55,0x2b3a55,0x2b3a55,0x2b3a55,0x2b3a55,0x2b3a55,0x2b3a55,0x2b3a55,
    0x2b3a55,0x2b3a55,0x2b3a55,0x2b3a55,0x2b3a55,0x2b3a55,0x2b3a55,0x2b3a55,0x2b3a55,0x2b3a55,0x2b3a55,0x2b3a55,
    0x2b3a55,0x2b3a55,0x2b3a55,0x2b3a55,0x2b3a55,0x2b3a55,0x2b3a55,0x2b3a55,0x2b3a55,0x2b3a55,0x2b3a55,0x2b3a55,
    0x2b3a55,0x2b3a55,0x2b3a55,0x2b3a55,0x2b3a55,0x2b3a55,0x2b3a55,0x2b3a55,0x2b3a55,0x2b3a55,0x2b3a55,0x2b3a55,
    0x2b3a55,0x2b3a55,0x2b3a55,0x2b3a55,0x2b3a55,0x2b3a55,0x2b3a55,0x2b3a55,0x2b3a55,0x2b3a55,0x2b3a55,0x2b3a55,
    0x2b3a55,0x2d3c56,0x2d3c56,0x293854,0x243451,0x233350,0x243451,0x283753,0x2d3c56,0x2d3c56,0x2b3a55,0x2b3a55,
    0x2b3a55,0x2b3a55,0x2b3a55,0x2b3a55,0x2b3a55,0x2b3a55,0x2b3a55,0x2b3a55,0x2b3a55,0x2b3a55,0x2b3a55,0x2b3a55,
    0x2b3a55,0x2b3a55,0x2b3a55,0x2b3a55,
    0x2b3a55,0x2b3a55,0x2b3a55,0x2b3a55,0x2b3a55,0x2b3a55,0x2b3a55,0x2b3a55,0x2b3a55,0x2b3a55,0x2b3a55,0x2b3a55,
    0x2b3a55,0x2b3a55,0x2b3a55,0x2b3a55,0x2b3a55,0x2b3a55,0x2b3a55,0x2b3a55,0x2b3a55,0x2b3a55,0x2b3a55,0x2b3a55,
    0x2b3a55,0x2b3a55,0x2b3a55,0x2b3a55,0x2b3a55,0x2b3a55,0x2b3a55,0x2b3a55,0x2b3a55,0x2b3a55,0x2b3a55,0x2b3a55,
    0x2b3a55,0x2b3a55,0x2b3a55,0x2b3a55,0x2b3a55,0x2b3a55,0x2b3a55,0x2b3a55,0x2b3a55,0x2b3a55,0x2b3a55,0x2b3a55,
    0x2b3a55,0x2b3a55,0x2b3a55,0x2b3a55,0x2b3a55,0x2b3a55,0x2b3a55,0x2b3a55,0x2b3a55,0x2b3a55,0x2b3a55,0x2b3a55,
    0x2b3a55,0x2b3a55,0x2b3a55,0x2b3a55,0x2b3a55,0x2b3a55,0x2b3a55,0x2b3a55,0x2b3a55,0x2b3a55,0x2b3a55,0x2b3a55,
    0x2b3a55,0x2b3a55,0x2b3a55,0x2b3a55,0x2b3a55,0x2b3a55,0x2b3a55,0x2b3a55,0x2b3a55,0x2b3a55,0x2b3a55,0x2b3a55,
    0x2b3a55,0x2b3a55,0x2b3a55,0x2b3a55,0x2b3a55,0x2b3a55,0x2b3a55,0x2b3a55,0x2b3a55,0x2b3a55,0x2b3a55,0x2b3a55,
    0x2b3a55,0x2b3a55,0x2b3a55,0x2b3a55,0x2b3a55,0x2b3a55,0x2b3a55,0x2b3a55,0x2b3a55,0x2b3a55,0x2b3a55,0x2b3a55,
    0x2b3a55,0x2b3a55,0x2b3a55,0x2b3a55,0x2b3a55,0x2b3a55,0x2b3a55,0x2b3a55,0x2b3a55,0x2b3a55,0x2b3a55,0x2b3a55,
    0x2b3a55,0x2b3a55,0x2b3a55,0x2b3a55,0x2b3a55,0x2b3a55,0x2b3a55,0x2b3a55,0x2b3a55,0x2b3a55,0x2b3a55,0x2c3a55,
    0x2d3c56,0x223250,0x20304f,0x33415a,0x485365,0x525c6c,0x4b5667,0x37455c,0x233350,0x20304f,0x2c3b55,0x2c3b56,
    0x2b3a55,0x2b3a55,0x2b3a55,0x2b3a55,0x2b3a55,0x2b3a55,0x2b3a55,0x2b3a55,0x2b3a55,0x2b3a55,0x2b3a55,0x2b3a55,
    0x2b3a55,0x2b3a55,0x2b3a55,0x2b3a55,
    0x2b3a55,0x2b3a55,0x2b3a55,0x2b3a55,0x2b3a55,0x2b3a55,0x2b3a55,0x2b3a55,0x2b3a55,0x2b3a55,0x2b3a55,0x2b3a55,
    0x2b3a55,0x2b3a55,0x2b3a55,0x2b3a55,0x2b3a55,0x2b3a55,0x2b3a55,0x2b3a55,0x2b3a55,0x2b3a55,0x2b3a55,0x2b3a55,
    0x2b3a55,0x2b3a55,0x2b3a55,0x2b3a55,0x2b3a55,0x2b3a55,0x2b3a55,0x2b3a55,0x2b3a55,0x2b3a55,0x2b3a55,0x2b3a55,
    0x2b3a55,0x2b3a55,0x2b3a55,0x2b3a55,0x2b3a55,0x2b3a55,0x2b3a55,0x2b3a55,0x2b3a55,0x2b3a55,0x2b3a55,0x2b3a55,
    0x2b3a55,0x2b3a55,0x2b3a55,0x2b3a55,0x2b3a55,0x2b3a55,0x2b3a55,0x2b3a55,0x2b3a55,0x2b3a55,0x2b3a55,0x2b3a55,
    0x2b3a55,0x2b3a55,0x2b3a55,0x2b3a55,0x2b3a55,0x2b3a55,0x2b3a55,0x2b3a55,0x2b3a55,0x2b3a55,0x2b3a55,0x2b3a55,
    0x2b3a55,0x2b3a55,0x2b3a55,0x2b3a55,0x2b3a55,0x2b3a55,0x2b3a55,0x2b3a55,0x2b3a55,0x2b3a55,0x2b3a55,0x2b3a55,
    0x2b3a55,0x2b3a55,0x2b3a55,0x2b3a55,0x2b3a55,0x2b3a55,0x2b3a55,0x2b3a55,0x2b3a55,0x2b3a55,0x2b3a55,0x2b3a55,
    0x2b3a55,0x2b3a55,0x2b3a55,0x2b3a55,0x2b3a55,0x2b3a55,0x2b3a55,0x2b3a55,0x2b3a55,0x2b3a55,0x2b3a55,0x2b3a55,
    0x2b3a55,0x2b3a55,0x2b3a55,0x2b3a55,0x2b3a55,0x2b3a55,0x2b3a55,0x2b3a55,0x2b3a55,0x2b3a55,0x2b3a55,0x2b3a55,
    0x2b3a55,0x2b3a55,0x2b3a55,0x2b3a55,0x2b3a55,0x2b3a55,0x2b3a55,0x2b3a55,0x2b3a55,0x2b3a55,0x2c3b55,0x2b3a55,
    0x21314f,0x57606e,0xa3a29a,0xcfc8b3,0xe0d6bd,0xe5dbc0,0xe1d8be,0xd3ccb6,0xafaca1,0x676e78,0x253552,0x273753,
    0x2d3b56,0x2b3a55,0x2b3a55,0x2b3a55,0x2b3a55,0x2b3a55,0x2b3a55,0x2b3a55,0x2b3a55,0x2b3a55,0x2b3a55,0x2b3a55,
    0x2b3a55,0x2b3a55,0x2b3a55,0x2b3a55,
    0x2b3a55,0x2b3a55,0x2b3a55,0x2b3a55,0x2b3a55,0x2b3a55,0x2b3a55,0x2b3a55,0x2b3a55,0x2b3a55,0x2b3a55,0x2b3a55,
    0x2b3a55,0x2b3a55,0x2b3a55,0x2b3a55,0x2b3a55,0x2b3a55,0x2b3a55,0x2b3a55,0x2b3a55,0x2b3a55,0x2b3a55,0x2b3a55,
    0x2b3a55,0x2b3a55,0x2b3a55,0x2b3a55,0x2b3a55,0x2b3a55,0x2b3a55,0x2b3a55,0x2b3a55,0x2b3a55,0x2b3a55,0x2b3a55,
    0x2b3a55,0x2b3a55,0x2b3a55,0x2b3a55,0x2b3a55,0x2b3a55,0x2b3a55,0x2b3a55,0x2b3a55,0x2b3a55,0x2b3a55,0x2b3a55,
    0x2b3a55,0x2b3a55,0x2b3a55,0x2b3a55,0x2b3a55,0x2b3a55,0x2b3a55,0x2b3a55,0x2b3a55,0x2b3a55,0x2b3a55,0x2b3a55,
    0x2b3a55,0x2b3a55,0x2b3a55,0x2b3a55,0x2b3a55,0x2b3a55,0x2b3a55,0x2b3a55,0x2b3a55,0x2b3a55,0x2b3a55,0x2b3a55,
    0x2b3a55,0x2b3a55,0x2b3a55,0x2b3a55,0x2b3a55,0x2b3a55,0x2b3a55,0x2b3a55,0x2b3a55,0x2b3a55,0x2b3a55,0x2b3a55,
    0x2b3a55,0x2b3a55,0x2b3a55,0x2b3a55,0x2b3a55,0x2b3a55,0x2b3a55,0x2b3a55,0x2b3a55,0x2b3a55,0x2b3a55,0x2b3a55,
    0x2b3a55,0x2b3a55,0x2b3a55,0x2b3a55,0x2b3a55,0x2b3a55,0x2b3a55,0x2b3a55,0x2b3a55,0x2b3a55,0x2b3a55,0x2b3a55,
    0x2b3a55,0x2b3a55,0x2b3a55,0x2b3a55,0x2b3a55,0x2b3a55,0x2b3a55,0x2b3a55,0x2b3a55,0x2b3a55,0x2b3a55,0x2b3a55,
    0x2b3a55,0x2b3a55,0x2b3a55,0x2b3a55,0x2b3a55,0x2b3a55,0x2b3a55,0x2b3a55,0x2b3a55,0x2c3b55,0x2a3955,0x283753,
    0x959692,0xe9dfc2,0xebe1c4,0xe4dabf,0xe0d7bd,0xdfd6bd,0xe0d7bd,0xe3dabf,0xeae0c3,0xece2c4,0xaeaca0,0x34425a,
    0x273653,0x2c3b56,0x2b3a55,0x2b3a55,0x2b3a55,0x2b3a55,0x2b3a55,0x2b3a55,0x2b3a55,0x2b3a55,0x2b3a55,0x2b3a55,
    0x2b3a55,0x2b3a55,0x2b3a55,0x2b3a55,
    0x2b3a55,0x2b3a55,0x2b3a55,0x2b3a55,0x2b3a55,0x2b3a55,0x2b3a55,0x2b3a55,0x2b3a55,0x2b3a55,0x2b3a55,0x2b3a55,
    0x2b3a55,0x2b3a55,0x2b3a55,0x2b3a55,0x2b3a55,0x2b3a55,0x2b3a55,0x2b3a55,0x2b3a55,0x2b3a55,0x2b3a55,0x2b3a55,
    0x2b3a55,0x2b3a55,0x2b3a55,0x2b3a55,0x2b3a55,0x2b3a55,0x2b3a55,0x2b3a55,0x2b3a55,0x2b3a55,0x2b3a55,0x2b3a55,
    0x2b3a55,0x2b3a55,0x2b3a55,0x2b3a55,0x2b3a55,0x2b3a55,0x2b3a55,0x2b3a55,0x2b3a55,0x2b3a55,0x2b3a55,0x2b3a55,
    0x2b3a55,0x2b3a55,0x2b3a55,0x2b3a55,0x2b3a55,0x2b3a55,0x2b3a55,0x2b3a55,0x2b3a55,0x2b3a55,0x2b3a55,0x2b3a55,
    0x2b3a55,0x2b3a55,0x2b3a55,0x2b3a55,0x2b3a55,0x2b3a55,0x2b3a55,0x2b3a55,0x2b3a55,0x2b3a55,0x2b3a55,0x2b3a55,
    0x2b3a55,0x2b3a55,0x2b3a55,0x2b3a55,0x2b3a55,0x2b3a55,0x2b3a55,0x2b3a55,0x2b3a55,0x2b3a55,0x2b3a55,0x2b3a55,
    0x2b3a55,0x2b3a55,0x2b3a55,0x2b3a55,0x2b3a55,0x2b3a55,0x2b3a55,0x2b3a55,0x2b3a55,0x2b3a55,0x2b3a55,0x2b3a55,
    0x2b3a55,0x2b3a55,0x2b3a55,0x2b3a55,0x2b3a55,0x2b3a55,0x2b3a55,0x2b3a55,0x2b3a55,0x2b3a55,0x2b3a55,0x2b3a55,
    0x2b3a55,0x2b3a55,0x2b3a55,0x2b3a55,0x2b3a55,0x2b3a55,0x2b3a55,0x2b3a55,0x2b3a55,0x2b3a55,0x2b3a55,0x2b3a55,
    0x2b3a55,0x2b3a55,0x2b3a55,0x2b3a55,0x2b3a55,0x2b3a55,0x2b3a55,0x2b3a55,0x2b3a55,0x2d3c56,0x223250,0x979893,
    0xf2e7c7,0xddd5bc,0xddd4bb,0xdfd6bc,0xe0d7bd,0xe0d7bd,0xe0d7bd,0xdfd6bd,0xded5bc,0xdcd4bb,0xf0e5c6,0xb8b4a6,
    0x2b3a55,0x2b3955,0x2b3a55,0x2b3a55,0x2b3a55,0x2b3a55,0x2b3a55,0x2b3a55,0x2b3a55,0x2b3a55,0x2b3a55,0x2b3a55,
    0x2b3a55,0x2b3a55,0x2b3a55,0x2b3a55,
    0x2b3a55,0x2b3a55,0x2b3a55,0x2b3a55,0x2b3a55,0x2b3a55,0x2b3a55,0x2b3a55,0x2b3a55,0x2b3a55,0x2b3a55,0x2b3a55,
    0x2b3a55,0x2b3a55,0x2b3a55,0x2b3a55,0x2b3a55,0x2b3a55,0x2b3a55,0x2b3a55,0x2b3a55,0x2b3a55,0x2b3a55,0x2b3a55,
    0x2b3a55,0x2b3a55,0x2b3a55,0x2b3a55,0x2b3a55,0x2b3a55,0x2b3a55,0x2b3a55,0x2b3a55,0x2b3a55,0x2b3a55,0x2b3a55,
    0x2b3a55,0x2b3a55,0x2b3a55,0x2b3a55,0x2b3a55,0x2b3a55,0x2b3a55,0x2b3a55,0x2b3a55,0x2b3a55,0x2b3a55,0x2b3a55,
    0x2b3a55,0x2b3a55,0x2b3a55,0x2b3a55,0x2b3a55,0x2b3a55,0x2b3a55,0x2b3a55,0x2b3a55,0x2b3a55,0x2b3a55,0x2b3a55,
    0x2b3a55,0x2b3a55,0x2b3a55,0x2b3a55,0x2b3a55,0x2b3a55,0x2b3a55,0x2b3a55,0x2b3a55,0x2b3a55,0x2b3a55,0x2b3a55,
    0x2b3a55,0x2b3a55,0x2b3a55,0x2b3a55,0x2b3a55,0x2b3a55,0x2b3a55,0x2b3a55,0x2b3a55,0x2b3a55,0x2b3a55,0x2b3a55,
    0x2b3a55,0x2b3a55,0x2b3a55,0x2b3a55,0x2b3a55,0x2b3a55,0x2b3a55,0x2b3a55,0x2b3a55,0x2b3a55,0x2b3a55,0x2b3a55,
    0x2b3a55,0x2b3a55,0x2b3a55,0x2b3a55,0x2b3a55,0x2b3a55,0x2b3a55,0x2b3a55,0x2b3a55,0x2b3a55,0x2b3a55,0x2b3a55,
    0x2b3a55,0x2b3a55,0x2b3a55,0x2b3a55,0x2b3a55,0x2b3a55,0x2b3a55,0x2b3a55,0x2b3a55,0x2b3a55,0x2b3a55,0x2b3a55,
    0x2b3a55,0x2b3a55,0x2b3a55,0x2b3a55,0x2b3a55,0x2b3a55,0x2b3a55,0x2b3a55,0x2d3c56,0x223250,0x555f6e,0xe9dfc2,
    0xddd5bb,0xdfd6bd,0xe0d7bd,0xe0d7bd,0xe0d7bd,0xe0d7bd,0xe0d7bd,0xe0d7bd,0xe0d7bd,0xe0d7bd,0xdbd3ba,0xf0e4c6,
    0x787c81,0x1f2f4e,0x2e3c57,0x2b3a55,0x2b3a55,0x2b3a55,0x2b3a55,0x2b3a55,0x2b3a55,0x2b3a55,0x2b3a55,0x2b3a55,
    0x2b3a55,0x2b3a55,0x2b3a55,0x2b3a55,
    0x2b3a55,0x2b3a55,0x2b3a55,0x2b3a55,0x2b3a55,0x2b3a55,0x2b3a55,0x2b3a55,0x2b3a55,0x2b3a55,0x2b3a55,0x2b3a55,
    0x2b3a55,0x2b3a55,0x2b3a55,0x2b3a55,0x2b3a55,0x2b3a55,0x2b3a55,0x2b3a55,0x2b3a55,0x2b3a55,0x2b3a55,0x2b3a55,
    0x2b3a55,0x2b3a55,0x2b3a55,0x2b3a55,0x2b3a55,0x2b3a55,0x2b3a55,0x2b3a55,0x2b3a55,0x2b3a55,0x2b3a55,0x2b3a55,
    0x2b3a55,0x2b3a55,0x2b3a55,0x2b3a55,0x2b3a55,0x2b3a55,0x2b3a55,0x2b3a55,0x2b3a55,0x2b3a55,0x2b3a55,0x2b3a55,
    0x2b3a55,0x2b3a55,0x2b3a55,0x2b3a55,0x2b3a55,0x2b3a55,0x2b3a55,0x2b3a55,0x2b3a55,0x2b3a55,0x2b3a55,0x2b3a55,
    0x2b3a55,0x2b3a55,0x2b3a55,0x2b3a55,0x2b3a55,0x2b3a55,0x2b3a55,0x2b3a55,0x2b3a55,0x2b3a55,0x2b3a55,0x2b3a55,
    0x2b3a55,0x2b3a55,0x2b3a55,0x2b3a55,0x2b3a55,0x2b3a55,0x2b3a55,0x2b3a55,0x2b3a55,0x2b3a55,0x2b3a55,0x2b3a55,
    0x2b3a55,0x2b3a55,0x2b3a55,0x2b3a55,0x2b3a55,0x2b3a55,0x2b3a55,0x2b3a55,0x2b3a55,0x2b3a55,0x2b3a55,0x2b3a55,
    0x2b3a55,0x2b3a55,0x2b3a55,0x2b3a55,0x2b3a55,0x2b3a55,0x2b3a55,0x2b3a55,0x2b3a55,0x2b3a55,0x2b3a55,0x2b3a55,
    0x2b3a55,0x2b3a55,0x2b3a55,0x2b3a55,0x2b3a55,0x2b3a55,0x2b3a55,0x2b3a55,0x2b3a55,0x2b3a55,0x2b3a55,0x2b3a55,
    0x2b3a55,0x2b3a55,0x2b3a55,0x2b3a55,0x2b3a55,0x2b3a55,0x2b3a55,0x2b3a55,0x2e3d57,0x1e2f4e,0x8d8f8d,0xede2c4,
    0xddd4bb,0xe0d7bd,0xe0d7bd,0xe0d7bd,0xe0d7bd,0xe0d7bd,0xe0d7bd,0xe0d7bd,0xe0d7bd,0xe0d7bd,0xded5bc,0xe9dfc2,
    0xb0ada1,0x233350,0x2d3c56,0x2b3a55,0x2b3a55,0x2b3a55,0x2b3a55,0x2b3a55,0x2b3a55,0x2b3a55,0x2b3a55,0x2b3a55,
    0x2b3a55,0x2b3a55,0x2b3a55,0x2b3a55,
    0x2b3a55,0x2b3a55,0x2b3a55,0x2b3a55,0x2b3a55,0x2b3a55,0x2b3a55,0x2b3a55,0x2b3a55,0x2b3a55,0x2b3a55,0x2b3a55,
    0x2b3a55,0x2b3a55,0x2b3a55,0x2b3a55,0x2b3a55,0x2b3a55,0x2b3a55,0x2b3a55,0x2b3a55,0x2b3a55,0x2b3a55,0x2b3a55,
    0x2b3a55,0x2b3a55,0x2b3a55,0x2b3a55,0x2b3a55,0x2b3a55,0x2b3a55,0x2b3a55,0x2b3a55,0x2b3a55,0x2b3a55,0x2b3a55,
    0x2b3a55,0x2b3a55,0x2b3a55,0x2b3a55,0x2b3a55,0x2b3a55,0x2b3a55,0x2b3a55,0x2b3a55,0x2b3a55,0x2b3a55,0x2b3a55,
    0x2b3a55,0x2b3a55,0x2b3a55,0x2b3a55,0x2b3a55,0x2b3a55,0x2b3a55,0x2b3a55,0x2b3a55,0x2b3a55,0x2b3a55,0x2b3a55,
    0x2b3a55,0x2b3a55,0x2b3a55,0x2b3a55,0x2b3a55,0x2b3a55,0x2b3a55,0x2b3a55,0x2b3a55,0x2b3a55,0x2b3a55,0x2b3a55,
    0x2b3a55,0x2b3a55,0x2b3a55,0x2b3a55,0x2b3a55,0x2b3a55,0x2b3a55,0x2b3a55,0x2b3a55,0x2b3a55,0x2b3a55,0x2b3a55,
    0x2b3a55,0x2b3a55,0x2b3a55,0x2b3a55,0x2b3a55,0x2b3a55,0x2b3a55,0x2b3a55,0x2b3a55,0x2b3a55,0x2b3a55,0x2b3a55,
    0x2b3a55,0x2b3a55,0x2b3a55,0x2b3a55,0x2b3a55,0x2b3a55,0x2b3a55,0x2b3a55,0x2b3a55,0x2b3a55,0x2b3a55,0x2b3a55,
    0x2b3a55,0x2b3a55,0x2b3a55,0x2b3a55,0x2b3a55,0x2b3a55,0x2b3a55,0x2b3a55,0x2b3a55,0x2b3a55,0x2b3a55,0x2b3a55,
    0x2b3a55,0x2b3a55,0x2b3a55,0x2b3a55,0x2b3a55,0x2b3a55,0x2b3a55,0x2b3a55,0x2e3c57,0x1f2f4e,0x969792,0xece1c4,
    0xddd5bb,0xe0d7bd,0xe0d7bd,0xe0d7bd,0xe0d7bd,0xe0d7bd,0xe0d7bd,0xe0d7bd,0xe0d7bd,0xe0d7bd,0xded5bc,0xe8dec2,
    0xb7b4a6,0x263652,0x2c3b56,0x2b3a55,0x2b3a55,0x2b3a55,0x2b3a55,0x2b3a55,0x2b3a55,0x2b3a55,0x2b3a55,0x2b3a55,
    0x2b3a55,0x2b3a55,0x2b3a55,0x2b3a55,
    0x2b3a55,0x2b3a55,0x2b3a55,0x2b3a55,0x2b3a55,0x2b3a55,0x2b3a55,0x2b3a55,0x2b3a55,0x2b3a55,0x2b3a55,0x2b3a55,
    0x2b3a55,0x2b3a55,0x2b3a55,0x2b3a55,0x2b3a55,0x2b3a55,0x2b3a55,0x2b3a55,0x2b3a55,0x2b3a55,0x2b3a55,0x2b3a55,
    0x2b3a55,0x2b3a55,0x2b3a55,0x2b3a55,0x2b3a55,0x2b3a55,0x2b3a55,0x2b3a55,0x2b3a55,0x2b3a55,0x2b3a55,0x2b3a55,
    0x2b3a55,0x2b3a55,0x2b3a55,0x2b3a55,0x2b3a55,0x2b3a55,0x2b3a55,0x2b3a55,0x2b3a55,0x2b3a55,0x2b3a55,0x2b3a55,
    0x2b3a55,0x2b3a55,0x2b3a55,0x2b3a55,0x2b3a55,0x2b3a55,0x2b3a55,0x2b3a55,0x2b3a55,0x2b3a55,0x2b3a55,0x2b3a55,
    0x2b3a55,0x2b3a55,0x2b3a55,0x2b3a55,0x2b3a55,0x2b3a55,0x2b3a55,0x2b3a55,0x2b3a55,0x2b3a55,0x2b3a55,0x2b3a55,
    0x2b3a55,0x2b3a55,0x2b3a55,0x2b3a55,0x2b3a55,0x2b3a55,0x2b3a55,0x2b3a55,0x2b3a55,0x2b3a55,0x2b3a55,0x2b3a55,
    0x2b3a55,0x2b3a55,0x2b3a55,0x2b3a55,0x2b3a55,0x2b3a55,0x2b3a55,0x2b3a55,0x2b3a55,0x2b3a55,0x2b3a55,0x2b3a55,
    0x2b3a55,0x2b3a55,0x2b3a55,0x2b3a55,0x2b3a55,0x2b3a55,0x2b3a55,0x2b3a55,0x2b3a55,0x2b3a55,0x2b3a55,0x2b3a55,
    0x2b3a55,0x2b3a55,0x2b3a55,0x2b3a55,0x2b3a55,0x2b3a55,0x2b3a55,0x2b3a55,0x2b3a55,0x2b3a55,0x2b3a55,0x2b3a55,
    0x2b3a55,0x2b3a55,0x2b3a55,0x2b3a55,0x2b3a55,0x2b3a55,0x2b3a55,0x2b3a55,0x2e3c57,0x1f304e,0x70767d,0xede3c5,
    0xdcd3bb,0xe0d7bd,0xe0d7bd,0xe0d7bd,0xe0d7bd,0xe0d7bd,0xe0d7bd,0xe0d7bd,0xe0d7bd,0xe0d7bd,0xdcd3ba,0xeee3c5,
    0x959692,0x1e2f4e,0x2e3c57,0x2b3a55,0x2b3a55,0x2b3a55,0x2b3a55,0x2b3a55,0x2b3a55,0x2b3a55,0x2b3a55,0x2b3a55,
    0x2b3a55,0x2b3a55,0x2b3a55,0x2b3a55,
    0x2b3a55,0x2b3a55,0x2b3a55,0x2b3a55,0x2b3a55,0x2b3a55,0x2b3a55,0x2b3a55,0x2b3a55,0x2b3a55,0x2b3a55,0x2b3a55,
    0x2b3a55,0x2b3a55,0x2b3a55,0x2b3a55,0x2b3a55,0x2b3a55,0x2b3a55,0x2b3a55,0x2b3a55,0x2b3a55,0x2b3a55,0x2b3a55,
    0x2b3a55,0x2b3a55,0x2b3a55,0x2b3a55,0x2b3a55,0x2b3a55,0x2b3a55,0x2b3a55,0x2b3a55,0x2b3a55,0x2b3a55,0x2b3a55,
    0x2b3a55,0x2b3a55,0x2b3a55,0x2b3a55,0x2b3a55,0x2b3a55,0x2b3a55,0x2b3a55,0x2b3a55,0x2b3a55,0x2b3a55,0x2b3a55,
    0x2b3a55,0x2b3a55,0x2b3a55,0x2b3a55,0x2b3a55,0x2b3a55,0x2b3a55,0x2b3a55,0x2b3a55,0x2b3a55,0x2b3a55,0x2b3a55,
    0x2b3a55,0x2b3a55,0x2b3a55,0x2b3a55,0x2b3a55,0x2b3a55,0x2b3a55,0x2b3a55,0x2b3a55,0x2b3a55,0x2b3a55,0x2b3a55,
    0x2b3a55,0x2b3a55,0x2b3a55,0x2b3a55,0x2b3a55,0x2b3a55,0x2b3a55,0x2b3a55,0x2b3a55,0x2b3a55,0x2b3a55,0x2b3a55,
    0x2b3a55,0x2b3a55,0x2b3a55,0x2b3a55,0x2b3a55,0x2b3a55,0x2b3a55,0x2b3a55,0x2b3a55,0x2b3a55,0x2b3a55,0x2b3a55,
    0x2b3a55,0x2b3a55,0x2b3a55,0x2b3a55,0x2b3a55,0x2b3a55,0x2b3a55,0x2b3a55,0x2b3a55,0x2b3a55,0x2b3a55,0x2b3a55,
    0x2b3a55,0x2b3a55,0x2b3a55,0x2b3a55,0x2b3a55,0x2b3a55,0x2b3a55,0x2b3a55,0x2b3a55,0x2b3a55,0x2b3a55,0x2b3a55,
    0x2b3a55,0x2b3a55,0x2b3a55,0x2b3a55,0x2b3a55,0x2b3a55,0x2b3a55,0x2b3a55,0x2c3b55,0x2a3954,0x2f3e57,0xc7c1af,
    0xeae0c3,0xdbd3ba,0xe0d7bd,0xe0d7bd,0xe0d7bd,0xe0d7bd,0xe0d7bd,0xe0d7bd,0xe0d7bd,0xdcd4bb,0xe4dabf,0xded5bc,
    0x445063,0x253552,0x2d3b56,0x2b3a55,0x2b3a55,0x2b3a55,0x2b3a55,0x2b3a55,0x2b3a55,0x2b3a55,0x2b3a55,0x2b3a55,
    0x2b3a55,0x2b3a55,0x2b3a55,0x2b3a55,
    0x2b3a55,0x2b3a55,0x2b3a55,0x2b3a55,0x2b3a55,0x2b3a55,0x2b3a55,0x2b3a55,0x2b3a55,0x2b3a55,0x2b3a55,0x2b3a55,
    0x2b3a55,0x2b3a55,0x2b3a55,0x2b3a55,0x2b3a55,0x2b3a55,0x2b3a55,0x2b3a55,0x2b3a55,0x2b3a55,0x2b3a55,0x2b3a55,
    0x2b3a55,0x2b3a55,0x2b3a55,0x2b3a55,0x2b3a55,0x2b3a55,0x2b3a55,0x2b3a55,0x2b3a55,0x2b3a55,0x2b3a55,0x2b3a55,
    0x2b3a55,0x2b3a55,0x2b3a55,0x2b3a55,0x2b3a55,0x2b3a55,0x2b3a55,0x2b3a55,0x2b3a55,0x2b3a55,0x2b3a55,0x2b3a55,
    0x2b3a55,0x2b3a55,0x2b3a55,0x2b3a55,0x2b3a55,0x2b3a55,0x2b3a55,0x2b3a55,0x2b3a55,0x2b3a55,0x2b3a55,0x2b3a55,
    0x2b3a55,0x2b3a55,0x2b3a55,0x2b3a55,0x2b3a55,0x2b3a55,0x2b3a55,0x2b3a55,0x2b3a55,0x2b3a55,0x2b3a55,0x2b3a55,
    0x2b3a55,0x2b3a55,0x2b3a55,0x2b3a55,0x2b3a55,0x2b3a55,0x2b3a55,0x2b3a55,0x2b3a55,0x2b3a55,0x2b3a55,0x2b3a55,
    0x2b3a55,0x2b3a55,0x2b3a55,0x2b3a55,0x2b3a55,0x2b3a55,0x2b3a55,0x2b3a55,0x2b3a55,0x2b3a55,0x2b3a55,0x2b3a55,
    0x2b3a55,0x2b3a55,0x2b3a55,0x2b3a55,0x2b3a55,0x2b3a55,0x2b3a55,0x2b3a55,0x2b3a55,0x2b3a55,0x2b3a55,0x2b3a55,
    0x2b3a55,0x2b3a55,0x2b3a55,0x2b3a55,0x2b3a55,0x2b3a55,0x2b3a55,0x2b3a55,0x2b3a55,0x2b3a55,0x2b3a55,0x2b3a55,
    0x2b3a55,0x2b3a55,0x2b3a55,0x2b3a55,0x2b3a55,0x2b3a55,0x2b3a55,0x2b3a55,0x2b3a55,0x2d3c56,0x243451,0x485366,
    0xd1cab4,0xeee3c5,0xe1d8be,0xddd5bc,0xddd4bb,0xddd5bb,0xddd4bb,0xddd5bb,0xe0d7bd,0xebe1c3,0xe2d8be,0x626974,
    0x21314f,0x2d3c56,0x2b3a55,0x2b3a55,0x2b3a55,0x2b3a55,0x2b3a55,0x2b3a55,0x2b3a55,0x2b3a55,0x2b3a55,0x2b3a55,
    0x2b3a55,0x2b3a55,0x2b3a55,0x2b3a55,
    0x2b3a55,0x2b3a55,0x2b3a55,0x2b3a55,0x2b3a55,0x2b3a55,0x2b3a55,0x2b3a55,0x2b3a55,0x2b3a55,0x2b3a55,0x2b3a55,
    0x2b3a55,0x2b3a55,0x2b3a55,0x2b3a55,0x2b3a55,0x2b3a55,0x2b3a55,0x2b3a55,0x2b3a55,0x2b3a55,0x2b3a55,0x2b3a55,
    0x2b3a55,0x2b3a55,0x2b3a55,0x2b3a55,0x2b3a55,0x2b3a55,0x2b3a55,0x2b3a55,0x2b3a55,0x2b3a55,0x2b3a55,0x2b3a55,
    0x2b3a55,0x2b3a55,0x2b3a55,0x2b3a55,0x2b3a55,0x2b3a55,0x2b3a55,0x2b3a55,0x2b3a55,0x2b3a55,0x2b3a55,0x2b3a55,
    0x2b3a55,0x2b3a55,0x2b3a55,0x2b3a55,0x2b3a55,0x2b3a55,0x2b3a55,0x2b3a55,0x2b3a55,0x2b3a55,0x2b3a55,0x2b3a55,
    0x2b3a55,0x2b3a55,0x2b3a55,0x2b3a55,0x2b3a55,0x2b3a55,0x2b3a55,0x2b3a55,0x2b3a55,0x2b3a55,0x2b3a55,0x2b3a55,
    0x2b3a55,0x2b3a55,0x2b3a55,0x2b3a55,0x2b3a55,0x2b3a55,0x2b3a55,0x2b3a55,0x2b3a55,0x2b3a55,0x2b3a55,0x2b3a55,
    0x2b3a55,0x2b3a55,0x2b3a55,0x2b3a55,0x2b3a55,0x2b3a55,0x2b3a55,0x2b3a55,0x2b3a55,0x2b3a55,0x2b3a55,0x2b3a55,
    0x2b3a55,0x2b3a55,0x2b3a55,0x2b3a55,0x2b3a55,0x2b3a55,0x2b3a55,0x2b3a55,0x2b3a55,0x2b3a55,0x2b3a55,0x2b3a55,
    0x2b3a55,0x2b3a55,0x2b3a55,0x2b3a55,0x2b3a55,0x2b3a55,0x2b3a55,0x2b3a55,0x2b3a55,0x2b3a55,0x2b3a55,0x2b3a55,
    0x2b3a55,0x2b3a55,0x2b3a55,0x2b3a55,0x2b3a55,0x2b3a55,0x2b3a55,0x2b3a55,0x2b3a55,0x2b3a55,0x2d3c56,0x233350,
    0x3a475d,0x9d9d96,0xdbd3ba,0xebe1c3,0xede2c4,0xece2c4,0xede2c4,0xece1c4,0xe1d8bd,0xaeaca0,0x4a5567,0x21314f,
    0x2d3c56,0x2b3a55,0x2b3a55,0x2b3a55,0x2b3a55,0x2b3a55,0x2b3a55,0x2b3a55,0x2b3a55,0x2b3a55,0x2b3a55,0x2b3a55,
    0x2b3a55,0x2b3a55,0x2b3a55,0x2b3a55,
    0x2b3a55,0x2b3a55,0x2b3a55,0x2b3a55,0x2b3a55,0x2b3a55,0x2b3a55,0x2b3a55,0x2b3a55,0x2b3a55,0x2b3a55,0x2b3a55,
    0x2b3a55,0x2b3a55,0x2b3a55,0x2b3a55,0x2b3a55,0x2b3a55,0x2b3a55,0x2b3a55,0x2b3a55,0x2b3a55,0x2b3a55,0x2b3a55,
    0x2b3a55,0x2b3a55,0x2b3a55,0x2b3a55,0x2b3a55,0x2b3a55,0x2b3a55,0x2b3a55,0x2b3a55,0x2b3a55,0x2b3a55,0x2b3a55,
    0x2b3a55,0x2b3a55,0x2b3a55,0x2b3a55,0x2b3a55,0x2b3a55,0x2b3a55,0x2b3a55,0x2b3a55,0x2b3a55,0x2b3a55,0x2b3a55,
    0x2b3a55,0x2b3a55,0x2b3a55,0x2b3a55,0x2b3a55,0x2b3a55,0x2b3a55,0x2b3a55,0x2b3a55,0x2b3a55,0x2b3a55,0x2b3a55,
    0x2b3a55,0x2b3a55,0x2b3a55,0x2b3a55,0x2b3a55,0x2b3a55,0x2b3a55,0x2b3a55,0x2b3a55,0x2b3a55,0x2b3a55,0x2b3a55,
    0x2b3a55,0x2b3a55,0x2b3a55,0x2b3a55,0x2b3a55,0x2b3a55,0x2b3a55,0x2b3a55,0x2b3a55,0x2b3a55,0x2b3a55,0x2b3a55,
    0x2b3a55,0x2b3a55,0x2b3a55,0x2b3a55,0x2b3a55,0x2b3a55,0x2b3a55,0x2b3a55,0x2b3a55,0x2b3a55,0x2b3a55,0x2b3a55,
    0x2b3a55,0x2b3a55,0x2b3a55,0x2b3a55,0x2b3a55,0x2b3a55,0x2b3a55,0x2b3a55,0x2b3a55,0x2b3a55,0x2b3a55,0x2b3a55,
    0x2b3a55,0x2b3a55,0x2b3a55,0x2b3a55,0x2b3a55,0x2b3a55,0x2b3a55,0x2b3a55,0x2b3a55,0x2b3a55,0x2b3a55,0x2b3a55,
    0x2b3a55,0x2b3a55,0x2b3a55,0x2b3a55,0x2b3a55,0x2b3a55,0x2b3a55,0x2b3a55,0x2b3a55,0x2b3a55,0x2b3a55,0x2d3c56,
    0x273753,0x20304e,0x3f4b60,0x6c727a,0x8a8d8c,0x989893,0x8f918e,0x74797f,0x485365,0x233350,0x243451,0x2e3c56,
    0x2b3a55,0x2b3a55,0x2b3a55,0x2b3a55,0x2b3a55,0x2b3a55,0x2b3a55,0x2b3a55,0x2b3a55,0x2b3a55,0x2b3a55,0x2b3a55,
    0x2b3a55,0x2b3a55,0x2b3a55,0x2b3a55,
    0x2b3a55,0x2b3a55,0x2b3a55,0x2b3a55,0x2b3a55,0x2b3a55,0x2b3a55,0x2b3a55,0x2b3a55,0x2b3a55,0x2b3a55,0x2b3a55,
    0x2b3a55,0x2b3a55,0x2b3a55,0x2b3a55,0x2b3a55,0x2b3a55,0x2b3a55,0x2b3a55,0x2b3a55,0x2b3a55,0x2b3a55,0x2b3a55,
    0x2b3a55,0x2b3a55,0x2b3a55,0x2b3a55,0x2b3a55,0x2b3a55,0x2b3a55,0x2b3a55,0x2b3a55,0x2b3a55,0x2b3a55,0x2b3a55,
    0x2b3a55,0x2b3a55,0x2b3a55,0x2b3a55,0x2b3a55,0x2b3a55,0x2b3a55,0x2b3a55,0x2b3a55,0x2b3a55,0x2b3a55,0x2b3a55,
    0x2b3a55,0x2b3a55,0x2b3a55,0x2b3a55,0x2b3a55,0x2b3a55,0x2b3a55,0x2b3a55,0x2b3a55,0x2b3a55,0x2b3a55,0x2b3a55,
    0x2b3a55,0x2b3a55,0x2b3a55,0x2b3a55,0x2b3a55,0x2b3a55,0x2b3a55,0x2b3a55,0x2b3a55,0x2b3a55,0x2b3a55,0x2b3a55,
    0x2b3a55,0x2b3a55,0x2b3a55,0x2b3a55,0x2b3a55,0x2b3a55,0x2b3a55,0x2b3a55,0x2b3a55,0x2b3a55,0x2b3a55,0x2b3a55,
    0x2b3a55,0x2b3a55,0x2b3a55,0x2b3a55,0x2b3a55,0x2b3a55,0x2b3a55,0x2b3a55,0x2b3a55,0x2b3a55,0x2b3a55,0x2b3a55,
    0x2b3a55,0x2b3a55,0x2b3a55,0x2b3a55,0x2b3a55,0x2b3a55,0x2b3a55,0x2b3a55,0x2b3a55,0x2b3a55,0x2b3a55,0x2b3a55,
    0x2b3a55,0x2b3a55,0x2b3a55,0x2b3a55,0x2b3a55,0x2b3a55,0x2b3a55,0x2b3a55,0x2b3a55,0x2b3a55,0x2b3a55,0x2b3a55,
    0x2b3a55,0x2b3a55,0x2b3a55,0x2b3a55,0x2b3a55,0x2b3a55,0x2b3a55,0x2b3a55,0x2b3a55,0x2b3a55,0x2b3a55,0x2b3a55,
    0x2c3b56,0x2d3c56,0x263652,0x1f304e,0x1e2f4e,0x1f2f4e,0x1e2f4e,0x1e2f4e,0x243451,0x2d3b56,0x2d3c56,0x2b3a55,
    0x2b3a55,0x2b3a55,0x2b3a55,0x2b3a55,0x2b3a55,0x2b3a55,0x2b3a55,0x2b3a55,0x2b3a55,0x2b3a55,0x2b3a55,0x2b3a55,
    0x2b3a55,0x2b3a55,0x2b3a55,0x2b3a55,
    0x2b3a55,0x2b3a55,0x2b3a55,0x2b3a55,0x2b3a55,0x2b3a55,0x2b3a55,0x2b3a55,0x2b3a55,0x2b3a55,0x2b3a55,0x2b3a55,
    0x2b3a55,0x2b3a55,0x2b3a55,0x2b3a55,0x2b3a55,0x2b3a55,0x2b3a55,0x2b3a55,0x2b3a55,0x2b3a55,0x2b3a55,0x2b3a55,
    0x2b3a55,0x2b3a55,0x2b3a55,0x2b3a55,0x2b3a55,0x2b3a55,0x2b3a55,0x2b3a55,0x2b3a55,0x2b3a55,0x2b3a55,0x2b3a55,
    0x2b3a55,0x2b3a55,0x2b3a55,0x2b3a55,0x2b3a55,0x2b3a55,0x2b3a55,0x2b3a55,0x2b3a55,0x2b3a55,0x2b3a55,0x2b3a55,
    0x2b3a55,0x2c3b56,0x2e3c57,0x2e3d57,0x2e3d57,0x2e3d57,0x2e3d57,0x2e3d57,0x2e3d57,0x2e3d57,0x2e3d57,0x2e3d57,
    0x2e3d57,0x2e3d57,0x2e3d57,0x2e3d57,0x2e3d57,0x2e3d57,0x2e3d57,0x2e3d57,0x2e3d57,0x2e3d57,0x2e3d57,0x2e3d57,
    0x2e3d57,0x2e3d57,0x2e3d57,0x2e3d57,0x2e3d57,0x2e3d57,0x2e3d57,0x2e3d57,0x2e3d57,0x2e3d57,0x2e3d57,0x2e3d57,
    0x2e3d57,0x2e3d57,0x2e3d57,0x2e3d57,0x2e3d57,0x2e3d57,0x2e3d57,0x2e3d57,0x2e3d57,0x2e3d57,0x2e3d57,0x2e3d57,
    0x2e3d57,0x2e3d57,0x2e3d57,0x2e3d57,0x2e3d57,0x2e3d57,0x2e3d57,0x2e3d57,0x2e3d57,0x2e3d57,0x2e3d57,0x2e3d57,
    0x2e3d57,0x2e3c57,0x2c3b56,0x2b3a55,0x2b3a55,0x2b3a55,0x2b3a55,0x2b3a55,0x2b3a55,0x2b3a55,0x2b3a55,0x2b3a55,
    0x2b3a55,0x2b3a55,0x2b3a55,0x2b3a55,0x2b3a55,0x2b3a55,0x2b3a55,0x2b3a55,0x2b3a55,0x2b3a55,0x2b3a55,0x2b3a55,
    0x2b3a55,0x2b3a55,0x2c3b56,0x2e3c57,0x2e3d57,0x2e3c57,0x2e3d57,0x2e3c57,0x2c3b56,0x2b3a55,0x2b3a55,0x2b3a55,
    0x2b3a55,0x2b3a55,0x2b3a55,0x2b3a55,0x2b3a55,0x2b3a55,0x2b3a55,0x2b3a55,0x2b3a55,0x2b3a55,0x2b3a55,0x2b3a55,
    0x2b3a55,0x2b3a55,0x2b3a55,0x2b3a55,
    0x2b3a55,0x2b3a55,0x2b3a55,0x2b3a55,0x2b3a55,0x2b3a55,0x2b3a55,0x2b3a55,0x2b3a55,0x2b3a55,0x2b3a55,0x2b3a55,
    0x2b3a55,0x2b3a55,0x2b3a55,0x2b3a55,0x2b3a55,0x2b3a55,0x2b3a55,0x2b3a55,0x2b3a55,0x2b3a55,0x2b3a55,0x2b3a55,
    0x2b3a55,0x2b3a55,0x2b3a55,0x2b3a55,0x2b3a55,0x2b3a55,0x2b3a55,0x2b3a55,0x2b3a55,0x2b3a55,0x2b3a55,0x2b3a55,
    0x2b3a55,0x2b3a55,0x2b3a55,0x2b3a55,0x2b3a55,0x2b3a55,0x2b3a55,0x2b3a55,0x2b3a55,0x2b3a55,0x2b3a55,0x2b3a55,
    0x2d3c56,0x263550,0x202f4b,0x1f2f4b,0x1f2f4b,0x1f2f4b,0x1f2f4b,0x1f2f4b,0x1f2f4b,0x1f2f4b,0x1f2f4b,0x1f2f4b,
    0x1f2f4b,0x1f2f4b,0x1f2f4b,0x1f2f4b,0x1f2f4b,0x1f2f4b,0x1f2f4b,0x1f2f4b,0x1f2f4b,0x1f2f4b,0x1f2f4b,0x1f2f4b,
    0x1f2f4b,0x1f2f4b,0x1f2f4b,0x1f2f4b,0x1f2f4b,0x1f2f4b,0x1f2f4b,0x1f2f4b,0x1f2f4b,0x1f2f4b,0x1f2f4b,0x1f2f4b,
    0x1f2f4b,0x1f2f4b,0x1f2f4b,0x1f2f4b,0x1f2f4b,0x1f2f4b,0x1f2f4b,0x1f2f4b,0x1f2f4b,0x1f2f4b,0x1f2f4b,0x1f2f4b,
    0x1f2f4b,0x1f2f4b,0x1f2f4b,0x1f2f4b,0x1f2f4b,0x1f2f4b,0x1f2f4b,0x1f2f4b,0x1f2f4b,0x1f2f4b,0x1f2f4b,0x1f2f4b,
    0x1f2f4b,0x202f4b,0x263550,0x2d3c56,0x2b3a55,0x2b3a55,0x2b3a55,0x2b3a55,0x2b3a55,0x2b3a55,0x2b3a55,0x2b3a55,
    0x2b3a55,0x2b3a55,0x2b3a55,0x2b3a55,0x2b3a55,0x2b3a55,0x2b3a55,0x2b3a55,0x2b3a55,0x2b3a55,0x2b3a55,0x2b3a55,
    0x2b3a55,0x2b3a55,0x2b3a55,0x2b3a55,0x2b3a55,0x2b3a55,0x2b3a55,0x2b3a55,0x2b3a55,0x2b3a55,0x2b3a55,0x2b3a55,
    0x2b3a55,0x2b3a55,0x2b3a55,0x2b3a55,0x2b3a55,0x2b3a55,0x2b3a55,0x2b3a55,0x2b3a55,0x2b3a55,0x2b3a55,0x2b3a55,
    0x2b3a55,0x2b3a55,0x2b3a55,0x2b3a55,
    0x2b3a55,0x2b3a55,0x2b3a55,0x2b3a55,0x2b3a55,0x2b3a55,0x2b3a55,0x2b3a55,0x2b3a55,0x2b3a55,0x2b3a55,0x2b3a55,
    0x2b3a55,0x2b3a55,0x2b3a55,0x2b3a55,0x2b3a55,0x2b3a55,0x2b3a55,0x2b3a55,0x2b3a55,0x2b3a55,0x2b3a55,0x2b3a55,
    0x2b3a55,0x2b3a55,0x2b3a55,0x2b3a55,0x2b3a55,0x2b3a55,0x2b3a55,0x2b3a55,0x2b3a55,0x2b3a55,0x2b3a55,0x2b3a55,
    0x2b3a55,0x2b3a55,0x2b3a55,0x2b3a55,0x2b3a55,0x2b3a55,0x2b3a55,0x2b3a55,0x2b3a55,0x2b3a55,0x2b3a55,0x2b3a55,
    0x23334e,0x44526c,0x677389,0x6d798e,0x6d798e,0x6d798e,0x6d798e,0x6d798e,0x6d798e,0x6d798e,0x6d798e,0x6d798e,
    0x6d798e,0x6d798e,0x6d798e,0x6d798e,0x6d798e,0x6d798e,0x6d798e,0x6d798e,0x6d798e,0x6d798e,0x6d798e,0x6d798e,
    0x6d798e,0x6d798e,0x6d798e,0x6d798e,0x6d798e,0x6d798e,0x6d798e,0x6d798e,0x6d798e,0x6d798e,0x6d798e,0x6d798e,
    0x6d798e,0x6d798e,0x6d798e,0x6d798e,0x6d798e,0x6d798e,0x6d798e,0x6d798e,0x6d798e,0x6d798e,0x6d798e,0x6d798e,
    0x6d798e,0x6d798e,0x6d798e,0x6d798e,0x6d798e,0x6d798e,0x6d798e,0x6d798e,0x6d798e,0x6d798e,0x6d798e,0x6d798e,
    0x6d798e,0x677389,0x44526c,0x23334e,0x2b3a55,0x2b3a55,0x2b3a55,0x2b3a55,0x2b3a55,0x2b3a55,0x2b3a55,0x2b3a55,
    0x2b3a55,0x2b3a55,0x2b3a55,0x2b3a55,0x2b3a55,0x2b3a55,0x2b3a55,0x2b3a55,0x2b3a55,0x2b3a55,0x2b3a55,0x2b3a55,
    0x2b3a55,0x2b3a55,0x2b3a55,0x2b3a55,0x2b3a55,0x2b3a55,0x2b3a55,0x2b3a55,0x2b3a55,0x2b3a55,0x2b3a55,0x2b3a55,
    0x2b3a55,0x2b3a55,0x2b3a55,0x2b3a55,0x2b3a55,0x2b3a55,0x2b3a55,0x2b3a55,0x2b3a55,0x2b3a55,0x2b3a55,0x2b3a55,
    0x2b3a55,0x2b3a55,0x2b3a55,0x2b3a55,
    0x2b3a55,0x2b3a55,0x2b3a55,0x2b3a55,0x2b3a55,0x2b3a55,0x2b3a55,0x2b3a55,0x2b3a55,0x2b3a55,0x2b3a55,0x2b3a55,
    0x2b3a55,0x2b3a55,0x2b3a55,0x2b3a55,0x2b3a55,0x2b3a55,0x2b3a55,0x2b3a55,0x2b3a55,0x2b3a55,0x2b3a55,0x2b3a55,
    0x2b3a55,0x2b3a55,0x2b3a55,0x2b3a55,0x2b3a55,0x2b3a55,0x2b3a55,0x2b3a55,0x2b3a55,0x2b3a55,0x2b3a55,0x2b3a55,
    0x2b3a55,0x2b3a55,0x2b3a55,0x2b3a55,0x2b3a55,0x2b3a55,0x2b3a55,0x2b3a55,0x2b3a55,0x2b3a55,0x2c3b56,0x23334f,
    0x838ea0,0xf1f3f7,0xffffff,0xffffff,0xffffff,0xffffff,0xffffff,0xffffff,0xffffff,0xffffff,0xffffff,0xffffff,
    0xffffff,0xffffff,0xffffff,0xffffff,0xffffff,0xffffff,0xffffff,0xffffff,0xffffff,0xffffff,0xffffff,0xffffff,
    0xffffff,0xffffff,0xffffff,0xffffff,0xffffff,0xffffff,0xffffff,0xffffff,0xffffff,0xffffff,0xffffff,0xffffff,
    0xffffff,0xffffff,0xffffff,0xffffff,0xffffff,0xffffff,0xffffff,0xffffff,0xffffff,0xffffff,0xffffff,0xffffff,
    0xffffff,0xffffff,0xffffff,0xffffff,0xffffff,0xffffff,0xffffff,0xffffff,0xffffff,0xffffff,0xffffff,0xffffff,
    0xffffff,0xffffff,0xf1f3f7,0x838ea0,0x23334f,0x2c3b56,0x2b3a55,0x2b3a55,0x2b3a55,0x2b3a55,0x2b3a55,0x2b3a55,
    0x2b3a55,0x2b3a55,0x2b3a55,0x2b3a55,0x2b3a55,0x2b3a55,0x2b3a55,0x2b3a55,0x2b3a55,0x2b3a55,0x2b3a55,0x2b3a55,
    0x2b3a55,0x2b3a55,0x2b3a55,0x2b3a55,0x2b3a55,0x2b3a55,0x2b3a55,0x2b3a55,0x2b3a55,0x2b3a55,0x2b3a55,0x2b3a55,
    0x2b3a55,0x2b3a55,0x2b3a55,0x2b3a55,0x2b3a55,0x2b3a55,0x2b3a55,0x2b3a55,0x2b3a55,0x2b3a55,0x2b3a55,0x2b3a55,
    0x2b3a55,0x2b3a55,0x2b3a55,0x2b3a55,
    0x2b3a55,0x2b3a55,0x2b3a55,0x2b3a55,0x2b3a55,0x2b3a55,0x2b3a55,0x2b3a55,0x2b3a55,0x2b3a55,0x2b3a55,0x2b3a55,
    0x2b3a55,0x2b3a55,0x2b3a55,0x2b3a55,0x2b3a55,0x2b3a55,0x2b3a55,0x2b3a55,0x2b3a55,0x2b3a55,0x2b3a55,0x2b3a55,
    0x2b3a55,0x2b3a55,0x2b3a55,0x2b3a55,0x2b3a55,0x2b3a55,0x2b3a55,0x2b3a55,0x2b3a55,0x2b3a55,0x2b3a55,0x2b3a55,
    0x2b3a55,0x2b3a55,0x2b3a55,0x2b3a55,0x2b3a55,0x2b3a55,0x2b3a55,0x2b3a55,0x2b3a55,0x2c3b56,0x273651,0x3c4b65,
    0xf1f4f7,0xffffff,0xfdfcfc,0xfefdfd,0xfefdfd,0xfdfdfd,0xfdfdfd,0xfdfdfd,0xfdfdfd,0xfdfdfd,0xfdfdfd,0xfdfdfd,
    0xfdfdfd,0xfdfdfd,0xfdfdfd,0xfdfdfd,0xfdfdfd,0xfdfdfd,0xfdfdfd,0xfdfdfd,0xfdfdfd,0xfdfdfd,0xfdfdfd,0xfdfdfd,
    0xfdfdfd,0xfdfdfd,0xfdfdfd,0xfdfdfd,0xfdfdfd,0xfdfdfd,0xfdfdfd,0xfdfdfd,0xfdfdfd,0xfdfdfd,0xfdfdfd,0xfdfdfd,
    0xfdfdfd,0xfdfdfd,0xfdfdfd,0xfdfdfd,0xfdfdfd,0xfdfdfd,0xfdfdfd,0xfdfdfd,0xfdfdfd,0xfdfdfd,0xfdfdfd,0xfdfdfd,
    0xfdfdfd,0xfdfdfd,0xfdfdfd,0xfdfdfd,0xfdfdfd,0xfdfdfd,0xfdfdfd,0xfdfdfd,0xfdfdfd,0xfdfdfd,0xfdfdfd,0xfefdfd,
    0xfefdfd,0xfdfcfc,0xffffff,0xf1f3f7,0x3c4b65,0x273651,0x2c3b56,0x2b3a55,0x2b3a55,0x2b3a55,0x2b3a55,0x2b3a55,
    0x2b3a55,0x2b3a55,0x2b3a55,0x2b3a55,0x2b3a55,0x2b3a55,0x2b3a55,0x2b3a55,0x2b3a55,0x2b3a55,0x2b3a55,0x2b3a55,
    0x2b3a55,0x2b3a55,0x2b3a55,0x2b3a55,0x2b3a55,0x2b3a55,0x2b3a55,0x2b3a55,0x2b3a55,0x2b3a55,0x2b3a55,0x2b3a55,
    0x2b3a55,0x2b3a55,0x2b3a55,0x2b3a55,0x2b3a55,0x2b3a55,0x2b3a55,0x2b3a55,0x2b3a55,0x2b3a55,0x2b3a55,0x2b3a55,
    0x2b3a55,0x2b3a55,0x2b3a55,0x2b3a55,
    0x2b3a55,0x2b3a55,0x2b3a55,0x2b3a55,0x2b3a55,0x2b3a55,0x2b3a55,0x2b3a55,0x2b3a55,0x2b3a55,0x2b3a55,0x2b3a55,
    0x2b3a55,0x2b3a55,0x2b3a55,0x2b3a55,0x2b3a55,0x2b3a55,0x2b3a55,0x2b3a55,0x2b3a55,0x2b3a55,0x2b3a55,0x2b3a55,
    0x2b3a55,0x2b3a55,0x2b3a55,0x2b3a55,0x2b3a55,0x2b3a55,0x2b3a55,0x2b3a55,0x2b3a55,0x2b3a55,0x2b3a55,0x2b3a55,
    0x2b3a55,0x2b3a55,0x2b3a55,0x2b3a55,0x2b3a55,0x2b3a55,0x2b3a55,0x2b3a55,0x2b3a55,0x2d3c56,0x24334f,0x4b5972,
    0xf7f9fb,0xfefefe,0xfefeff,0xffffff,0xffffff,0xffffff,0xffffff,0xffffff,0xffffff,0xffffff,0xffffff,0xffffff,
    0xffffff,0xffffff,0xffffff,0xffffff,0xffffff,0xffffff,0xffffff,0xffffff,0xffffff,0xffffff,0xffffff,0xffffff,
    0xffffff,0xffffff,0xffffff,0xffffff,0xffffff,0xffffff,0xffffff,0xffffff,0xffffff,0xffffff,0xffffff,0xffffff,
    0xffffff,0xffffff,0xffffff,0xffffff,0xffffff,0xffffff,0xffffff,0xffffff,0xffffff,0xffffff,0xffffff,0xffffff,
    0xffffff,0xffffff,0xffffff,0xffffff,0xffffff,0xffffff,0xffffff,0xffffff,0xffffff,0xffffff,0xffffff,0xffffff,
    0xffffff,0xfefeff,0xfefefe,0xf7f9fb,0x4b5972,0x24334f,0x2d3c56,0x2b3a55,0x2b3a55,0x2b3a55,0x2b3a55,0x2b3a55,
    0x2b3a55,0x2b3a55,0x2b3a55,0x2b3a55,0x2b3a55,0x2b3a55,0x2b3a55,0x2b3a55,0x2b3a55,0x2b3a55,0x2b3a55,0x2b3a55,
    0x2b3a55,0x2b3a55,0x2b3a55,0x2b3a55,0x2b3a55,0x2b3a55,0x2b3a55,0x2b3a55,0x2b3a55,0x2b3a55,0x2b3a55,0x2b3a55,
    0x2b3a55,0x2b3a55,0x2b3a55,0x2b3a55,0x2b3a55,0x2b3a55,0x2b3a55,0x2b3a55,0x2b3a55,0x2b3a55,0x2b3a55,0x2b3a55,
    0x2b3a55,0x2b3a55,0x2b3a55,0x2b3a55,
    0x2b3a55,0x2b3a55,0x2b3a55,0x2b3a55,0x2b3a55,0x2b3a55,0x2b3a55,0x2b3a55,0x2b3a55,0x2b3a55,0x2b3a55,0x2b3a55,
    0x2b3a55,0x2b3a55,0x2b3a55,0x2b3a55,0x2b3a55,0x2b3a55,0x2b3a55,0x2b3a55,0x2b3a55,0x2b3a55,0x2b3a55,0x2b3a55,
    0x2b3a55,0x2b3a55,0x2b3a55,0x2b3a55,0x2b3a55,0x2b3a55,0x2b3a55,0x2b3a55,0x2b3a55,0x2b3a55,0x2b3a55,0x2b3a55,
    0x2b3a55,0x2b3a55,0x2b3a55,0x2b3a55,0x2b3a55,0x2b3a55,0x2b3a55,0x2b3a55,0x2b3a55,0x2d3c56,0x24334f,0x4a5871,
    0xf7f9fb,0xffffff,0xfefeff,0xffffff,0xffffff,0xffffff,0xffffff,0xffffff,0xffffff,0xffffff,0xffffff,0xffffff,
    0xffffff,0xffffff,0xffffff,0xffffff,0xffffff,0xffffff,0xffffff,0xffffff,0xffffff,0xffffff,0xffffff,0xffffff,
    0xffffff,0xffffff,0xffffff,0xffffff,0xffffff,0xffffff,0xffffff,0xffffff,0xffffff,0xffffff,0xffffff,0xffffff,
    0xffffff,0xffffff,0xffffff,0xffffff,0xffffff,0xffffff,0xffffff,0xffffff,0xffffff,0xffffff,0xffffff,0xffffff,
    0xffffff,0xffffff,0xffffff,0xffffff,0xffffff,0xffffff,0xffffff,0xffffff,0xffffff,0xffffff,0xffffff,0xffffff,
    0xffffff,0xfefeff,0xffffff,0xf7f9fb,0x4a5871,0x24334f,0x2d3c56,0x2b3a55,0x2b3a55,0x2b3a55,0x2b3a55,0x2b3a55,
    0x2b3a55,0x2b3a55,0x2b3a55,0x2b3a55,0x2b3a55,0x2b3a55,0x2b3a55,0x2b3a55,0x2b3a55,0x2b3a55,0x2b3a55,0x2b3a55,
    0x2b3a55,0x2b3a55,0x2b3a55,0x2b3a55,0x2b3a55,0x2b3a55,0x2b3a55,0x2b3a55,0x2b3a55,0x2b3a55,0x2b3a55,0x2b3a55,
    0x2b3a55,0x2b3a55,0x2b3a55,0x2b3a55,0x2b3a55,0x2b3a55,0x2b3a55,0x2b3a55,0x2b3a55,0x2b3a55,0x2b3a55,0x2b3a55,
    0x2b3a55,0x2b3a55,0x2b3a55,0x2b3a55,
    0x2b3a55,0x2b3a55,0x2b3a55,0x2b3a55,0x2b3a55,0x2b3a55,0x2b3a55,0x2b3a55,0x2b3a55,0x2b3a55,0x2b3a55,0x2b3a55,
    0x2b3a55,0x2b3a55,0x2b3a55,0x2b3a55,0x2b3a55,0x2b3a55,0x2b3a55,0x2b3a55,0x2b3a55,0x2b3a55,0x2b3a55,0x2b3a55,
    0x2b3a55,0x2b3a55,0x2b3a55,0x2b3a55,0x2b3a55,0x2b3a55,0x2b3a55,0x2b3a55,0x2b3a55,0x2b3a55,0x2b3a55,0x2b3a55,
    0x2b3a55,0x2b3a55,0x2b3a55,0x2b3a55,0x2b3a55,0x2b3a55,0x2b3a55,0x2b3a55,0x2b3a55,0x2d3c56,0x24334f,0x4a5871,
    0xf7f9fb,0xffffff,0xfefeff,0xffffff,0xffffff,0xffffff,0xffffff,0xffffff,0xffffff,0xffffff,0xffffff,0xffffff,
    0xffffff,0xffffff,0xffffff,0xffffff,0xffffff,0xffffff,0xffffff,0xffffff,0xffffff,0xffffff,0xffffff,0xffffff,
    0xffffff,0xffffff,0xffffff,0xffffff,0xffffff,0xffffff,0xffffff,0xffffff,0xffffff,0xffffff,0xffffff,0xffffff,
    0xffffff,0xffffff,0xffffff,0xffffff,0xffffff,0xffffff,0xffffff,0xffffff,0xffffff,0xffffff,0xffffff,0xffffff,
    0xffffff,0xffffff,0xffffff,0xffffff,0xffffff,0xffffff,0xffffff,0xffffff,0xffffff,0xffffff,0xffffff,0xffffff,
    0xffffff,0xfefeff,0xffffff,0xf7f9fb,0x4a5871,0x24334f,0x2d3c56,0x2b3a55,0x2b3a55,0x2b3a55,0x2b3a55,0x2b3a55,
    0x2b3a55,0x2b3a55,0x2b3a55,0x2b3a55,0x2b3a55,0x2b3a55,0x2b3a55,0x2b3a55,0x2b3a55,0x2b3a55,0x2b3a55,0x2b3a55,
    0x2b3a55,0x2b3a55,0x2b3a55,0x2b3a55,0x2b3a55,0x2b3a55,0x2b3a55,0x2b3a55,0x2b3a55,0x2b3a55,0x2b3a55,0x2b3a55,
    0x2b3a55,0x2b3a55,0x2b3a55,0x2b3a55,0x2b3a55,0x2b3a55,0x2b3a55,0x2b3a55,0x2b3a55,0x2b3a55,0x2b3a55,0x2b3a55,
    0x2b3a55,0x2b3a55,0x2b3a55,0x2b3a55,
    0x2b3a55,0x2b3a55,0x2b3a55,0x2b3a55,0x2b3a55,0x2b3a55,0x2b3a55,0x2b3a55,0x2b3a55,0x2b3a55,0x2b3a55,0x2b3a55,
    0x2b3a55,0x2b3a55,0x2b3a55,0x2b3a55,0x2b3a55,0x2b3a55,0x2b3a55,0x2b3a55,0x2b3a55,0x2b3a55,0x2b3a55,0x2b3a55,
    0x2b3a55,0x2b3a55,0x2b3a55,0x2b3a55,0x2b3a55,0x2b3a55,0x2b3a55,0x2b3a55,0x2b3a55,0x2b3a55,0x2b3a55,0x2b3a55,
    0x2b3a55,0x2b3a55,0x2b3a55,0x2b3a55,0x2b3a55,0x2b3a55,0x2b3a55,0x2b3a55,0x2b3a55,0x2d3c56,0x24334f,0x4a5871,
    0xf7f9fb,0xffffff,0xfefeff,0xffffff,0xffffff,0xffffff,0xffffff,0xffffff,0xffffff,0xffffff,0xffffff,0xffffff,
    0xffffff,0xffffff,0xffffff,0xffffff,0xffffff,0xffffff,0xffffff,0xffffff,0xffffff,0xffffff,0xffffff,0xffffff,
    0xffffff,0xffffff,0xffffff,0xffffff,0xffffff,0xffffff,0xffffff,0xffffff,0xffffff,0xffffff,0xffffff,0xffffff,
    0xffffff,0xffffff,0xffffff,0xffffff,0xffffff,0xffffff,0xffffff,0xffffff,0xffffff,0xffffff,0xffffff,0xffffff,
    0xffffff,0xffffff,0xffffff,0xffffff,0xffffff,0xffffff,0xffffff,0xffffff,0xffffff,0xffffff,0xffffff,0xffffff,
    0xffffff,0xfefeff,0xffffff,0xf7f9fb,0x4a5871,0x24334f,0x2d3c56,0x2b3a55,0x2b3a55,0x2b3a55,0x2b3a55,0x2b3a55,
    0x2b3a55,0x2b3a55,0x2b3a55,0x2b3a55,0x2b3a55,0x2b3a55,0x2b3a55,0x2b3a55,0x2b3a55,0x2b3a55,0x2b3a55,0x2b3a55,
    0x2b3a55,0x2b3a55,0x2b3a55,0x2b3a55,0x2b3a55,0x2b3a55,0x2b3a55,0x2b3a55,0x2b3a55,0x2b3a55,0x2b3a55,0x2b3a55,
    0x2b3a55,0x2b3a55,0x2b3a55,0x2b3a55,0x2b3a55,0x2b3a55,0x2b3a55,0x2b3a55,0x2b3a55,0x2b3a55,0x2b3a55,0x2b3a55,
    0x2b3a55,0x2b3a55,0x2b3a55,0x2b3a55,
    0x2b3a55,0x2b3a55,0x2b3a55,0x2b3a55,0x2b3a55,0x2b3a55,0x2b3a55,0x2b3a55,0x2b3a55,0x2b3a55,0x2b3a55,0x2b3a55,
    0x2b3a55,0x2b3a55,0x2b3a55,0x2b3a55,0x2b3a55,0x2b3a55,0x2b3a55,0x2b3a55,0x2b3a55,0x2b3a55,0x2b3a55,0x2b3a55,
    0x2b3a55,0x2b3a55,0x2b3a55,0x2b3a55,0x2b3a55,0x2b3a55,0x2b3a55,0x2b3a55,0x2b3a55,0x2b3a55,0x2b3a55,0x2b3a55,
    0x2b3a55,0x2b3a55,0x2b3a55,0x2b3a55,0x2b3a55,0x2b3a55,0x2b3a55,0x2b3a55,0x2b3a55,0x2d3c56,0x24334f,0x4a5871,
    0xf7f9fb,0xffffff,0xfefeff,0xffffff,0xffffff,0xffffff,0xffffff,0xffffff,0xffffff,0xffffff,0xffffff,0xffffff,
    0xffffff,0xffffff,0xffffff,0xffffff,0xffffff,0xffffff,0xffffff,0xffffff,0xffffff,0xffffff,0xffffff,0xffffff,
    0xffffff,0xffffff,0xffffff,0xffffff,0xffffff,0xffffff,0xffffff,0xffffff,0xffffff,0xffffff,0xffffff,0xffffff,
    0xffffff,0xffffff,0xffffff,0xffffff,0xffffff,0xffffff,0xffffff,0xffffff,0xffffff,0xffffff,0xffffff,0xffffff,
    0xffffff,0xffffff,0xffffff,0xffffff,0xffffff,0xffffff,0xffffff,0xffffff,0xffffff,0xffffff,0xffffff,0xffffff,
    0xffffff,0xfefeff,0xffffff,0xf7f9fb,0x4a5871,0x24334f,0x2d3c56,0x2b3a55,0x2b3a55,0x2b3a55,0x2b3a55,0x2b3a55,
    0x2b3a55,0x2b3a55,0x2b3a55,0x2b3a55,0x2b3a55,0x2b3a55,0x2b3a55,0x2b3a55,0x2b3a55,0x2b3a55,0x2b3a55,0x2b3a55,
    0x2b3a55,0x2b3a55,0x2b3a55,0x2b3a55,0x2b3a55,0x2b3a55,0x2b3a55,0x2b3a55,0x2b3a55,0x2b3a55,0x2b3a55,0x2b3a55,
    0x2b3a55,0x2b3a55,0x2b3a55,0x2b3a55,0x2b3a55,0x2b3a55,0x2b3a55,0x2b3a55,0x2b3a55,0x2b3a55,0x2b3a55,0x2b3a55,
    0x2b3a55,0x2b3a55,0x2b3a55,0x2b3a55,
    0x2b3a55,0x2b3a55,0x2b3a55,0x2b3a55,0x2b3a55,0x2b3a55,0x2b3a55,0x2b3a55,0x2b3a55,0x2b3a55,0x2b3a55,0x2b3a55,
    0x2b3a55,0x2b3a55,0x2b3a55,0x2b3a55,0x2b3a55,0x2b3a55,0x2b3a55,0x2b3a55,0x2b3a55,0x2b3a55,0x2b3a55,0x2b3a55,
    0x2b3a55,0x2b3a55,0x2b3a55,0x2b3a55,0x2b3a55,0x2b3a55,0x2b3a55,0x2b3a55,0x2b3a55,0x2b3a55,0x2b3a55,0x2b3a55,
    0x2b3a55,0x2b3a55,0x2b3a55,0x2b3a55,0x2b3a55,0x2b3a55,0x2b3a55,0x2b3a55,0x2b3a55,0x2d3c56,0x24334f,0x4a5871,
    0xf7f9fb,0xffffff,0xfefeff,0xffffff,0xffffff,0xffffff,0xffffff,0xffffff,0xffffff,0xffffff,0xffffff,0xffffff,
    0xffffff,0xffffff,0xffffff,0xffffff,0xffffff,0xffffff,0xffffff,0xffffff,0xffffff,0xfcfdff,0xfcfdff,0xfcfdff,
    0xfcfdff,0xfcfdff,0xfcfdff,0xfcfdff,0xfcfdff,0xfcfdff,0xfcfdff,0xfcfdff,0xfcfdff,0xfcfdff,0xfcfdff,0xfcfdff,
    0xfcfdff,0xfcfdff,0xfcfdff,0xfcfdff,0xfcfdff,0xfcfdff,0xfcfdff,0xffffff,0xffffff,0xffffff,0xffffff,0xffffff,
    0xffffff,0xffffff,0xffffff,0xffffff,0xffffff,0xffffff,0xffffff,0xffffff,0xffffff,0xffffff,0xffffff,0xffffff,
    0xffffff,0xfefeff,0xffffff,0xf7f9fb,0x4a5871,0x24334f,0x2d3c56,0x2b3a55,0x2b3a55,0x2b3a55,0x2b3a55,0x2b3a55,
    0x2b3a55,0x2b3a55,0x2b3a55,0x2b3a55,0x2b3a55,0x2b3a55,0x2b3a55,0x2b3a55,0x2b3a55,0x2b3a55,0x2b3a55,0x2b3a55,
    0x2b3a55,0x2b3a55,0x2b3a55,0x2b3a55,0x2b3a55,0x2b3a55,0x2b3a55,0x2b3a55,0x2b3a55,0x2b3a55,0x2b3a55,0x2b3a55,
    0x2b3a55,0x2b3a55,0x2b3a55,0x2b3a55,0x2b3a55,0x2b3a55,0x2b3a55,0x2b3a55,0x2b3a55,0x2b3a55,0x2b3a55,0x2b3a55,
    0x2b3a55,0x2b3a55,0x2b3a55,0x2b3a55,
    0x2b3a55,0x2b3a55,0x2b3a55,0x2b3a55,0x2b3a55,0x2b3a55,0x2b3a55,0x2b3a55,0x2b3a55,0x2b3a55,0x2b3a55,0x2b3a55,
    0x2b3a55,0x2b3a55,0x2b3a55,0x2b3a55,0x2b3a55,0x2b3a55,0x2b3a55,0x2b3a55,0x2b3a55,0x2b3a55,0x2b3a55,0x2b3a55,
    0x2b3a55,0x2b3a55,0x2b3a55,0x2b3a55,0x2b3a55,0x2b3a55,0x2b3a55,0x2b3a55,0x2b3a55,0x2b3a55,0x2b3a55,0x2b3a55,
    0x2b3a55,0x2b3a55,0x2b3a55,0x2b3a55,0x2b3a55,0x2b3a55,0x2b3a55,0x2b3a55,0x2b3a55,0x2d3c56,0x24334f,0x4a5871,
    0xf7f9fb,0xffffff,0xfefeff,0xffffff,0xffffff,0xffffff,0xffffff,0xffffff,0xffffff,0xffffff,0xffffff,0xffffff,
    0xffffff,0xffffff,0xffffff,0xffffff,0xffffff,0xffffff,0xffffff,0xffffff,0xffffff,0xffffff,0xffffff,0xffffff,
    0xffffff,0xffffff,0xffffff,0xffffff,0xffffff,0xffffff,0xffffff,0xffffff,0xffffff,0xffffff,0xffffff,0xffffff,
    0xffffff,0xffffff,0xffffff,0xffffff,0xffffff,0xffffff,0xffffff,0xffffff,0xffffff,0xffffff,0xffffff,0xffffff,
    0xffffff,0xffffff,0xffffff,0xffffff,0xffffff,0xffffff,0xffffff,0xffffff,0xffffff,0xffffff,0xffffff,0xffffff,
    0xffffff,0xfefeff,0xffffff,0xf7f9fb,0x4a5871,0x24334f,0x2d3c56,0x2b3a55,0x2b3a55,0x2b3a55,0x2b3a55,0x2b3a55,
    0x2b3a55,0x2b3a55,0x2b3a55,0x2b3a55,0x2b3a55,0x2b3a55,0x2b3a55,0x2b3a55,0x2b3a55,0x2b3a55,0x2b3a55,0x2b3a55,
    0x2b3a55,0x2b3a55,0x2b3a55,0x2b3a55,0x2b3a55,0x2b3a55,0x2b3a55,0x2b3a55,0x2b3a55,0x2b3a55,0x2b3a55,0x2b3a55,
    0x2b3a55,0x2b3a55,0x2b3a55,0x2b3a55,0x2b3a55,0x2b3a55,0x2b3a55,0x2b3a55,0x2b3a55,0x2b3a55,0x2b3a55,0x2b3a55,
    0x2b3a55,0x2b3a55,0x2b3a55,0x2b3a55,
    0x2b3a55,0x2b3a55,0x2b3a55,0x2b3a55,0x2b3a55,0x2b3a55,0x2b3a55,0x2b3a55,0x2b3a55,0x2b3a55,0x2b3a55,0x2b3a55,
    0x2b3a55,0x2b3a55,0x2b3a55,0x2b3a55,0x2b3a55,0x2b3a55,0x2b3a55,0x2b3a55,0x2b3a55,0x2b3a55,0x2b3a55,0x2b3a55,
    0x2b3a55,0x2b3a55,0x2b3a55,0x2b3a55,0x2b3a55,0x2b3a55,0x2b3a55,0x2b3a55,0x2b3a55,0x2b3a55,0x2b3a55,0x2b3a55,
    0x2b3a55,0x2b3a55,0x2b3a55,0x2b3a55,0x2b3a55,0x2b3a55,0x2b3a55,0x2b3a55,0x2b3a55,0x2d3c56,0x24334f,0x4a5871,
    0xf7f9fb,0xffffff,0xfefeff,0xffffff,0xffffff,0xffffff,0xffffff,0xffffff,0xffffff,0xffffff,0xffffff,0xffffff,
    0xffffff,0xffffff,0xffffff,0xffffff,0xffffff,0xffffff,0xffffff,0xfefeff,0xffffff,0xbed2f9,0x82a9f4,0x83a9f4,
    0x82a9f4,0x82a9f4,0x82a9f4,0x82a9f4,0x82a9f4,0x83a9f4,0x84aaf4,0x84aaf4,0x84aaf4,0x84aaf4,0x83a9f4,0x82a9f4,
    0x82a9f4,0x82a9f4,0x82a9f4,0x82a9f4,0x83a9f4,0x82a9f4,0xbed2f9,0xffffff,0xfefeff,0xffffff,0xffffff,0xffffff,
    0xffffff,0xffffff,0xffffff,0xffffff,0xffffff,0xffffff,0xffffff,0xffffff,0xffffff,0xffffff,0xffffff,0xffffff,
    0xffffff,0xfefeff,0xffffff,0xf7f9fb,0x4a5871,0x24334f,0x2d3c56,0x2b3a55,0x2b3a55,0x2b3a55,0x2b3a55,0x2b3a55,
    0x2b3a55,0x2b3a55,0x2b3a55,0x2b3a55,0x2b3a55,0x2b3a55,0x2b3a55,0x2b3a55,0x2b3a55,0x2b3a55,0x2b3a55,0x2b3a55,
    0x2b3a55,0x2b3a55,0x2b3a55,0x2b3a55,0x2b3a55,0x2b3a55,0x2b3a55,0x2b3a55,0x2b3a55,0x2b3a55,0x2b3a55,0x2b3a55,
    0x2b3a55,0x2b3a55,0x2b3a55,0x2b3a55,0x2b3a55,0x2b3a55,0x2b3a55,0x2b3a55,0x2b3a55,0x2b3a55,0x2b3a55,0x2b3a55,
    0x2b3a55,0x2b3a55,0x2b3a55,0x2b3a55,
    0x2b3a55,0x2b3a55,0x2b3a55,0x2b3a55,0x2b3a55,0x2b3a55,0x2b3a55,0x2b3a55,0x2b3a55,0x2b3a55,0x2b3a55,0x2b3a55,
    0x2b3a55,0x2b3a55,0x2b3a55,0x2b3a55,0x2b3a55,0x2b3a55,0x2b3a55,0x2b3a55,0x2b3a55,0x2b3a55,0x2b3a55,0x2b3a55,
    0x2b3a55,0x2b3a55,0x2b3a55,0x2b3a55,0x2b3a55,0x2b3a55,0x2b3a55,0x2b3a55,0x2b3a55,0x2b3a55,0x2b3a55,0x2b3a55,
    0x2b3a55,0x2b3a55,0x2b3a55,0x2b3a55,0x2b3a55,0x2b3a55,0x2b3a55,0x2b3a55,0x2b3a55,0x2d3c56,0x24334f,0x4a5871,
    0xf7f9fb,0xffffff,0xfefeff,0xffffff,0xffffff,0xffffff,0xffffff,0xffffff,0xffffff,0xffffff,0xffffff,0xffffff,
    0xffffff,0xffffff,0xffffff,0xffffff,0xffffff,0xffffff,0xfdfeff,0xffffff,0xdfe9fc,0x286aed,0x1f64ec,0x2166ec,
    0x2165ec,0x2165ec,0x2165ec,0x2165ec,0x2166ec,0x1c62eb,0x1b61eb,0x1a60eb,0x1960eb,0x1b61eb,0x1d62eb,0x2266ec,
    0x2165ec,0x2165ec,0x2165ec,0x2165ec,0x2166ec,0x1f64ec,0x296aed,0xdfe9fc,0xffffff,0xfdfeff,0xffffff,0xffffff,
    0xffffff,0xffffff,0xffffff,0xffffff,0xffffff,0xffffff,0xffffff,0xffffff,0xffffff,0xffffff,0xffffff,0xffffff,
    0xffffff,0xfefeff,0xffffff,0xf7f9fb,0x4a5871,0x24334f,0x2d3c56,0x2b3a55,0x2b3a55,0x2b3a55,0x2b3a55,0x2b3a55,
    0x2b3a55,0x2b3a55,0x2b3a55,0x2b3a55,0x2b3a55,0x2b3a55,0x2b3a55,0x2b3a55,0x2b3a55,0x2b3a55,0x2b3a55,0x2b3a55,
    0x2b3a55,0x2b3a55,0x2b3a55,0x2b3a55,0x2b3a55,0x2b3a55,0x2b3a55,0x2b3a55,0x2b3a55,0x2b3a55,0x2b3a55,0x2b3a55,
    0x2b3a55,0x2b3a55,0x2b3a55,0x2b3a55,0x2b3a55,0x2b3a55,0x2b3a55,0x2b3a55,0x2b3a55,0x2b3a55,0x2b3a55,0x2b3a55,
    0x2b3a55,0x2b3a55,0x2b3a55,0x2b3a55,
    0x2b3a55,0x2b3a55,0x2b3a55,0x2b3a55,0x2b3a55,0x2b3a55,0x2b3a55,0x2b3a55,0x2b3a55,0x2b3a55,0x2b3a55,0x2b3a55,
    0x2b3a55,0x2b3a55,0x2b3a55,0x2b3a55,0x2b3a55,0x2b3a55,0x2b3a55,0x2b3a55,0x2b3a55,0x2b3a55,0x2b3a55,0x2b3a55,
    0x2b3a55,0x2b3a55,0x2b3a55,0x2b3a55,0x2b3a55,0x2b3a55,0x2b3a55,0x2b3a55,0x2b3a55,0x2b3a55,0x2b3a55,0x2b3a55,
    0x2b3a55,0x2b3a55,0x2b3a55,0x2b3a55,0x2b3a55,0x2b3a55,0x2b3a55,0x2b3a55,0x2b3a55,0x2d3c56,0x24334f,0x4a5871,
    0xf7f9fb,0xffffff,0xfefeff,0xffffff,0xffffff,0xffffff,0xffffff,0xffffff,0xffffff,0xffffff,0xffffff,0xffffff,
    0xffffff,0xffffff,0xffffff,0xffffff,0xffffff,0xffffff,0xfdfeff,0xffffff,0xd0dffb,0x2b6bed,0x3473ed,0x3271ed,
    0x3271ed,0x3271ed,0x3271ed,0x3372ed,0x3070ed,0x4b83ef,0x4b83ef,0x5388f0,0x5489f0,0x4f85f0,0x4780ef,0x2e6eed,
    0x3372ed,0x3271ed,0x3271ed,0x3271ed,0x3271ed,0x3473ed,0x2b6bed,0xd0dffb,0xffffff,0xfdfeff,0xffffff,0xffffff,
    0xffffff,0xffffff,0xffffff,0xffffff,0xffffff,0xffffff,0xffffff,0xffffff,0xffffff,0xffffff,0xffffff,0xffffff,
    0xffffff,0xfefeff,0xffffff,0xf7f9fb,0x4a5871,0x24334f,0x2d3c56,0x2b3a55,0x2b3a55,0x2b3a55,0x2b3a55,0x2b3a55,
    0x2b3a55,0x2b3a55,0x2b3a55,0x2b3a55,0x2b3a55,0x2b3a55,0x2b3a55,0x2b3a55,0x2b3a55,0x2b3a55,0x2b3a55,0x2b3a55,
    0x2b3a55,0x2b3a55,0x2b3a55,0x2b3a55,0x2b3a55,0x2b3a55,0x2b3a55,0x2b3a55,0x2b3a55,0x2b3a55,0x2b3a55,0x2b3a55,
    0x2b3a55,0x2b3a55,0x2b3a55,0x2b3a55,0x2b3a55,0x2b3a55,0x2b3a55,0x2b3a55,0x2b3a55,0x2b3a55,0x2b3a55,0x2b3a55,
    0x2b3a55,0x2b3a55,0x2b3a55,0x2b3a55,
    0x2b3a55,0x2b3a55,0x2b3a55,0x2b3a55,0x2b3a55,0x2b3a55,0x2b3a55,0x2b3a55,0x2b3a55,0x2b3a55,0x2b3a55,0x2b3a55,
    0x2b3a55,0x2b3a55,0x2b3a55,0x2b3a55,0x2b3a55,0x2b3a55,0x2b3a55,0x2b3a55,0x2b3a55,0x2b3a55,0x2b3a55,0x2b3a55,
    0x2b3a55,0x2b3a55,0x2b3a55,0x2b3a55,0x2b3a55,0x2b3a55,0x2b3a55,0x2b3a55,0x2b3a55,0x2b3a55,0x2b3a55,0x2b3a55,
    0x2b3a55,0x2b3a55,0x2b3a55,0x2b3a55,0x2b3a55,0x2b3a55,0x2b3a55,0x2b3a55,0x2b3a55,0x2d3c56,0x24334f,0x4a5871,
    0xf7f9fb,0xffffff,0xfefeff,0xffffff,0xffffff,0xffffff,0xffffff,0xffffff,0xffffff,0xffffff,0xffffff,0xffffff,
    0xffffff,0xffffff,0xffffff,0xffffff,0xffffff,0xffffff,0xfdfeff,0xffffff,0xd2e0fb,0x2a6bed,0x3070ed,0x2f6fed,
    0x2f6fed,0x2f6fed,0x2f6fed,0x3171ed,0x2467ec,0x6e9af2,0xb9cff9,0x8cb0f5,0x91b3f5,0xb3caf8,0x88adf5,0x2367ec,
    0x3171ed,0x2f6fed,0x2f6fed,0x2f6fed,0x2f6fed,0x3070ed,0x2a6bed,0xd2e0fb,0xffffff,0xfdfeff,0xffffff,0xffffff,
    0xffffff,0xffffff,0xffffff,0xffffff,0xffffff,0xffffff,0xffffff,0xffffff,0xffffff,0xffffff,0xffffff,0xffffff,
    0xffffff,0xfefeff,0xffffff,0xf7f9fb,0x4a5871,0x24334f,0x2d3c56,0x2b3a55,0x2b3a55,0x2b3a55,0x2b3a55,0x2b3a55,
    0x2b3a55,0x2b3a55,0x2b3a55,0x2b3a55,0x2b3a55,0x2b3a55,0x2b3a55,0x2b3a55,0x2b3a55,0x2b3a55,0x2b3a55,0x2b3a55,
    0x2b3a55,0x2b3a55,0x2b3a55,0x2b3a55,0x2b3a55,0x2b3a55,0x2b3a55,0x2b3a55,0x2b3a55,0x2b3a55,0x2b3a55,0x2b3a55,
    0x2b3a55,0x2b3a55,0x2b3a55,0x2b3a55,0x2b3a55,0x2b3a55,0x2b3a55,0x2b3a55,0x2b3a55,0x2b3a55,0x2b3a55,0x2b3a55,
    0x2b3a55,0x2b3a55,0x2b3a55,0x2b3a55,
    0x2b3a55,0x2b3a55,0x2b3a55,0x2b3a55,0x2b3a55,0x2b3a55,0x2b3a55,0x2b3a55,0x2b3a55,0x2b3a55,0x2b3a55,0x2b3a55,
    0x2b3a55,0x2b3a55,0x2b3a55,0x2b3a55,0x2b3a55,0x2b3a55,0x2b3a55,0x2b3a55,0x2b3a55,0x2b3a55,0x2b3a55,0x2b3a55,
    0x2b3a55,0x2b3a55,0x2b3a55,0x2b3a55,0x2b3a55,0x2b3a55,0x2b3a55,0x2b3a55,0x2b3a55,0x2b3a55,0x2b3a55,0x2b3a55,
    0x2b3a55,0x2b3a55,0x2b3a55,0x2b3a55,0x2b3a55,0x2b3a55,0x2b3a55,0x2b3a55,0x2b3a55,0x2d3c56,0x24334f,0x4a5871,
    0xf7f9fb,0xffffff,0xfefeff,0xffffff,0xffffff,0xffffff,0xffffff,0xffffff,0xffffff,0xffffff,0xffffff,0xffffff,
    0xffffff,0xffffff,0xffffff,0xffffff,0xffffff,0xffffff,0xfdfeff,0xffffff,0xd2e0fb,0x2a6bed,0x3070ed,0x2f6fed,
    0x2f6fed,0x2f6fed,0x2f6fed,0x3070ed,0x296bec,0x5e8ff1,0x7ea6f4,0x76a0f3,0x77a0f3,0x6d9af2,0x78a1f3,0x276aec,
    0x3170ed,0x2f6fed,0x2f6fed,0x2f6fed,0x2f6fed,0x3070ed,0x2a6bed,0xd2e0fb,0xffffff,0xfdfeff,0xffffff,0xffffff,
    0xffffff,0xffffff,0xffffff,0xffffff,0xffffff,0xffffff,0xffffff,0xffffff,0xffffff,0xffffff,0xffffff,0xffffff,
    0xffffff,0xfefeff,0xffffff,0xf7f9fb,0x4a5871,0x24334f,0x2d3c56,0x2b3a55,0x2b3a55,0x2b3a55,0x2b3a55,0x2b3a55,
    0x2b3a55,0x2b3a55,0x2b3a55,0x2b3a55,0x2b3a55,0x2b3a55,0x2b3a55,0x2b3a55,0x2b3a55,0x2b3a55,0x2b3a55,0x2b3a55,
    0x2b3a55,0x2b3a55,0x2b3a55,0x2b3a55,0x2b3a55,0x2b3a55,0x2b3a55,0x2b3a55,0x2b3a55,0x2b3a55,0x2b3a55,0x2b3a55,
    0x2b3a55,0x2b3a55,0x2b3a55,0x2b3a55,0x2b3a55,0x2b3a55,0x2b3a55,0x2b3a55,0x2b3a55,0x2b3a55,0x2b3a55,0x2b3a55,
    0x2b3a55,0x2b3a55,0x2b3a55,0x2b3a55,
    0x2b3a55,0x2b3a55,0x2b3a55,0x2b3a55,0x2b3a55,0x2b3a55,0x2b3a55,0x2b3a55,0x2b3a55,0x2b3a55,0x2b3a55,0x2b3a55,
    0x2b3a55,0x2b3a55,0x2b3a55,0x2b3a55,0x2b3a55,0x2b3a55,0x2b3a55,0x2b3a55,0x2b3a55,0x2b3a55,0x2b3a55,0x2b3a55,
    0x2b3a55,0x2b3a55,0x2b3a55,0x2b3a55,0x2b3a55,0x2b3a55,0x2b3a55,0x2b3a55,0x2b3a55,0x2b3a55,0x2b3a55,0x2b3a55,
    0x2b3a55,0x2b3a55,0x2b3a55,0x2b3a55,0x2b3a55,0x2b3a55,0x2b3a55,0x2b3a55,0x2b3a55,0x2d3c56,0x24334f,0x4a5871,
    0xf7f9fb,0xffffff,0xfefeff,0xffffff,0xffffff,0xffffff,0xffffff,0xffffff,0xffffff,0xffffff,0xffffff,0xffffff,
    0xffffff,0xffffff,0xffffff,0xffffff,0xffffff,0xffffff,0xfdfeff,0xffffff,0xd0dffb,0x2b6bed,0x3473ed,0x3271ed,
    0x3271ed,0x3271ed,0x3271ed,0x3271ed,0x3372ed,0x3070ed,0x2b6ced,0x2f6fed,0x2e6eed,0x3070ed,0x2c6ded,0x3371ed,
    0x3271ed,0x3271ed,0x3271ed,0x3271ed,0x3271ed,0x3473ed,0x2b6bed,0xd0dffb,0xffffff,0xfdfeff,0xffffff,0xffffff,
    0xffffff,0xffffff,0xffffff,0xffffff,0xffffff,0xffffff,0xffffff,0xffffff,0xffffff,0xffffff,0xffffff,0xffffff,
    0xffffff,0xfefeff,0xffffff,0xf7f9fb,0x4a5871,0x24334f,0x2d3c56,0x2b3a55,0x2b3a55,0x2b3a55,0x2b3a55,0x2b3a55,
    0x2b3a55,0x2b3a55,0x2b3a55,0x2b3a55,0x2b3a55,0x2b3a55,0x2b3a55,0x2b3a55,0x2b3a55,0x2b3a55,0x2b3a55,0x2b3a55,
    0x2b3a55,0x2b3a55,0x2b3a55,0x2b3a55,0x2b3a55,0x2b3a55,0x2b3a55,0x2b3a55,0x2b3a55,0x2b3a55,0x2b3a55,0x2b3a55,
    0x2b3a55,0x2b3a55,0x2b3a55,0x2b3a55,0x2b3a55,0x2b3a55,0x2b3a55,0x2b3a55,0x2b3a55,0x2b3a55,0x2b3a55,0x2b3a55,
    0x2b3a55,0x2b3a55,0x2b3a55,0x2b3a55,
    0x2b3a55,0x2b3a55,0x2b3a55,0x2b3a55,0x2b3a55,0x2b3a55,0x2b3a55,0x2b3a55,0x2b3a55,0x2b3a55,0x2b3a55,0x2b3a55,
    0x2b3a55,0x2b3a55,0x2b3a55,0x2b3a55,0x2b3a55,0x2b3a55,0x2b3a55,0x2b3a55,0x2b3a55,0x2b3a55,0x2b3a55,0x2b3a55,
    0x2b3a55,0x2b3a55,0x2b3a55,0x2b3a55,0x2b3a55,0x2b3a55,0x2b3a55,0x2b3a55,0x2b3a55,0x2b3a55,0x2b3a55,0x2b3a55,
    0x2b3a55,0x2b3a55,0x2b3a55,0x2b3a55,0x2b3a55,0x2b3a55,0x2b3a55,0x2b3a55,0x2b3a55,0x2d3c56,0x24334f,0x4a5871,
    0xf7f9fb,0xffffff,0xfefeff,0xffffff,0xffffff,0xffffff,0xffffff,0xffffff,0xffffff,0xffffff,0xffffff,0xffffff,
    0xffffff,0xffffff,0xffffff,0xffffff,0xffffff,0xffffff,0xfdfeff,0xffffff,0xdfe9fc,0x286aed,0x1f64ec,0x2166ec,
    0x2165ec,0x2165ec,0x2165ec,0x2165ec,0x2165ec,0x2165ec,0x2266ec,0x2266ec,0x2266ec,0x2165ec,0x2266ec,0x2165ec,
    0x2165ec,0x2165ec,0x2165ec,0x2165ec,0x2166ec,0x1f64ec,0x296aed,0xdfe9fc,0xffffff,0xfdfeff,0xffffff,0xffffff,
    0xffffff,0xffffff,0xffffff,0xffffff,0xffffff,0xffffff,0xffffff,0xffffff,0xffffff,0xffffff,0xffffff,0xffffff,
    0xffffff,0xfefeff,0xffffff,0xf7f9fb,0x4a5871,0x24334f,0x2d3c56,0x2b3a55,0x2b3a55,0x2b3a55,0x2b3a55,0x2b3a55,
    0x2b3a55,0x2b3a55,0x2b3a55,0x2b3a55,0x2b3a55,0x2b3a55,0x2b3a55,0x2b3a55,0x2b3a55,0x2b3a55,0x2b3a55,0x2b3a55,
    0x2b3a55,0x2b3a55,0x2b3a55,0x2b3a55,0x2b3a55,0x2b3a55,0x2b3a55,0x2b3a55,0x2b3a55,0x2b3a55,0x2b3a55,0x2b3a55,
    0x2b3a55,0x2b3a55,0x2b3a55,0x2b3a55,0x2b3a55,0x2b3a55,0x2b3a55,0x2b3a55,0x2b3a55,0x2b3a55,0x2b3a55,0x2b3a55,
    0x2b3a55,0x2b3a55,0x2b3a55,0x2b3a55,
    0x2b3a55,0x2b3a55,0x2b3a55,0x2b3a55,0x2b3a55,0x2b3a55,0x2b3a55,0x2b3a55,0x2b3a55,0x2b3a55,0x2b3a55,0x2b3a55,
    0x2b3a55,0x2b3a55,0x2b3a55,0x2b3a55,0x2b3a55,0x2b3a55,0x2b3a55,0x2b3a55,0x2b3a55,0x2b3a55,0x2b3a55,0x2b3a55,
    0x2b3a55,0x2b3a55,0x2b3a55,0x2b3a55,0x2b3a55,0x2b3a55,0x2b3a55,0x2b3a55,0x2b3a55,0x2b3a55,0x2b3a55,0x2b3a55,
    0x2b3a55,0x2b3a55,0x2b3a55,0x2b3a55,0x2b3a55,0x2b3a55,0x2b3a55,0x2b3a55,0x2b3a55,0x2d3c56,0x24334f,0x4a5871,
    0xf7f9fb,0xffffff,0xfefeff,0xffffff,0xffffff,0xffffff,0xffffff,0xffffff,0xffffff,0xffffff,0xffffff,0xffffff,
    0xffffff,0xffffff,0xffffff,0xffffff,0xffffff,0xffffff,0xffffff,0xfefeff,0xffffff,0xbed2f9,0x82a9f4,0x83a9f4,
    0x82a9f4,0x82a9f4,0x82a9f4,0x82a9f4,0x82a9f4,0x82a9f4,0x82a9f4,0x82a9f4,0x82a9f4,0x82a9f4,0x82a9f4,0x82a9f4,
    0x82a9f4,0x82a9f4,0x82a9f4,0x82a9f4,0x83a9f4,0x82a9f4,0xbed2f9,0xffffff,0xfefeff,0xffffff,0xffffff,0xffffff,
    0xffffff,0xffffff,0xffffff,0xffffff,0xffffff,0xffffff,0xffffff,0xffffff,0xffffff,0xffffff,0xffffff,0xffffff,
    0xffffff,0xfefeff,0xffffff,0xf7f9fb,0x4a5871,0x24334f,0x2d3c56,0x2b3a55,0x2b3a55,0x2b3a55,0x2b3a55,0x2b3a55,
    0x2b3a55,0x2b3a55,0x2b3a55,0x2b3a55,0x2b3a55,0x2b3a55,0x2b3a55,0x2b3a55,0x2b3a55,0x2b3a55,0x2b3a55,0x2b3a55,
    0x2b3a55,0x2b3a55,0x2b3a55,0x2b3a55,0x2b3a55,0x2b3a55,0x2b3a55,0x2b3a55,0x2b3a55,0x2b3a55,0x2b3a55,0x2b3a55,
    0x2b3a55,0x2b3a55,0x2b3a55,0x2b3a55,0x2b3a55,0x2b3a55,0x2b3a55,0x2b3a55,0x2b3a55,0x2b3a55,0x2b3a55,0x2b3a55,
    0x2b3a55,0x2b3a55,0x2b3a55,0x2b3a55,
    0x2b3a55,0x2b3a55,0x2b3a55,0x2b3a55,0x2b3a55,0x2b3a55,0x2b3a55,0x2b3a55,0x2b3a55,0x2b3a55,0x2b3a55,0x2b3a55,
    0x2b3a55,0x2b3a55,0x2b3a55,0x2b3a55,0x2b3a55,0x2b3a55,0x2b3a55,0x2b3a55,0x2b3a55,0x2b3a55,0x2b3a55,0x2b3a55,
    0x2b3a55,0x2b3a55,0x2b3a55,0x2b3a55,0x2b3a55,0x2b3a55,0x2b3a55,0x2b3a55,0x2b3a55,0x2b3a55,0x2b3a55,0x2b3a55,
    0x2b3a55,0x2b3a55,0x2b3a55,0x2b3a55,0x2b3a55,0x2b3a55,0x2b3a55,0x2b3a55,0x2b3a55,0x2d3c56,0x24334f,0x4a5871,
    0xf7f9fb,0xffffff,0xfefeff,0xffffff,0xffffff,0xffffff,0xffffff,0xffffff,0xffffff,0xffffff,0xffffff,0xffffff,
    0xffffff,0xffffff,0xffffff,0xffffff,0xffffff,0xffffff,0xffffff,0xffffff,0xffffff,0xffffff,0xffffff,0xffffff,
    0xffffff,0xffffff,0xffffff,0xffffff,0xffffff,0xffffff,0xffffff,0xffffff,0xffffff,0xffffff,0xffffff,0xffffff,
    0xffffff,0xffffff,0xffffff,0xffffff,0xffffff,0xffffff,0xffffff,0xffffff,0xffffff,0xffffff,0xffffff,0xffffff,
    0xffffff,0xffffff,0xffffff,0xffffff,0xffffff,0xffffff,0xffffff,0xffffff,0xffffff,0xffffff,0xffffff,0xffffff,
    0xffffff,0xfefeff,0xffffff,0xf7f9fb,0x4a5871,0x24334f,0x2d3c56,0x2b3a55,0x2b3a55,0x2b3a55,0x2b3a55,0x2b3a55,
    0x2b3a55,0x2b3a55,0x2b3a55,0x2b3a55,0x2b3a55,0x2b3a55,0x2b3a55,0x2b3a55,0x2b3a55,0x2b3a55,0x2b3a55,0x2b3a55,
    0x2b3a55,0x2b3a55,0x2b3a55,0x2b3a55,0x2b3a55,0x2b3a55,0x2b3a55,0x2b3a55,0x2b3a55,0x2b3a55,0x2b3a55,0x2b3a55,
    0x2b3a55,0x2b3a55,0x2b3a55,0x2b3a55,0x2b3a55,0x2b3a55,0x2b3a55,0x2b3a55,0x2b3a55,0x2b3a55,0x2b3a55,0x2b3a55,
    0x2b3a55,0x2b3a55,0x2b3a55,0x2b3a55,
    0x2b3a55,0x2b3a55,0x2b3a55,0x2b3a55,0x2b3a55,0x2b3a55,0x2b3a55,0x2b3a55,0x2b3a55,0x2b3a55,0x2b3a55,0x2b3a55,
    0x2b3a55,0x2b3a55,0x2b3a55,0x2b3a55,0x2b3a55,0x2b3a55,0x2b3a55,0x2b3a55,0x2b3a55,0x2b3a55,0x2b3a55,0x2b3a55,
    0x2b3a55,0x2b3a55,0x2b3a55,0x2b3a55,0x2b3a55,0x2b3a55,0x2b3a55,0x2b3a55,0x2b3a55,0x2b3a55,0x2b3a55,0x2b3a55,
    0x2b3a55,0x2b3a55,0x2b3a55,0x2b3a55,0x2b3a55,0x2b3a55,0x2b3a55,0x2b3a55,0x2b3a55,0x2d3c56,0x24334f,0x4a5871,
    0xf7f9fb,0xffffff,0xfefeff,0xffffff,0xffffff,0xffffff,0xffffff,0xffffff,0xffffff,0xffffff,0xffffff,0xffffff,
    0xffffff,0xffffff,0xffffff,0xffffff,0xffffff,0xffffff,0xffffff,0xffffff,0xffffff,0xfcfdff,0xfcfdff,0xfcfdff,
    0xfcfdff,0xfcfdff,0xfcfdff,0xfcfdff,0xfcfdff,0xfcfdff,0xfcfdff,0xfcfdff,0xfcfdff,0xfcfdff,0xfcfdff,0xfcfdff,
    0xfcfdff,0xfcfdff,0xfcfdff,0xfcfdff,0xfcfdff,0xfcfdff,0xfcfdff,0xffffff,0xffffff,0xffffff,0xffffff,0xffffff,
    0xffffff,0xffffff,0xffffff,0xffffff,0xffffff,0xffffff,0xffffff,0xffffff,0xffffff,0xffffff,0xffffff,0xffffff,
    0xffffff,0xfefeff,0xffffff,0xf7f9fb,0x4a5871,0x24334f,0x2d3c56,0x2b3a55,0x2b3a55,0x2b3a55,0x2b3a55,0x2b3a55,
    0x2b3a55,0x2b3a55,0x2b3a55,0x2b3a55,0x2b3a55,0x2b3a55,0x2b3a55,0x2b3a55,0x2b3a55,0x2b3a55,0x2b3a55,0x2b3a55,
    0x2b3a55,0x2b3a55,0x2b3a55,0x2b3a55,0x2b3a55,0x2b3a55,0x2b3a55,0x2b3a55,0x2b3a55,0x2b3a55,0x2b3a55,0x2b3a55,
    0x2b3a55,0x2b3a55,0x2b3a55,0x2b3a55,0x2b3a55,0x2b3a55,0x2b3a55,0x2b3a55,0x2b3a55,0x2b3a55,0x2b3a55,0x2b3a55,
    0x2b3a55,0x2b3a55,0x2b3a55,0x2b3a55,
    0x2b3a55,0x2b3a55,0x2b3a55,0x2b3a55,0x2b3a55,0x2b3a55,0x2b3a55,0x2b3a55,0x2b3a55,0x2b3a55,0x2b3a55,0x2b3a55,
    0x2b3a55,0x2b3a55,0x2b3a55,0x2b3a55,0x2b3a55,0x2b3a55,0x2b3a55,0x2b3a55,0x2b3a55,0x2b3a55,0x2b3a55,0x2b3a55,
    0x2b3a55,0x2b3a55,0x2b3a55,0x2b3a55,0x2b3a55,0x2b3a55,0x2b3a55,0x2b3a55,0x2b3a55,0x2b3a55,0x2b3a55,0x2b3a55,
    0x2b3a55,0x2b3a55,0x2b3a55,0x2b3a55,0x2b3a55,0x2b3a55,0x2b3a55,0x2b3a55,0x2b3a55,0x2d3c56,0x24334f,0x4a5871,
    0xf7f9fb,0xffffff,0xfefeff,0xffffff,0xffffff,0xffffff,0xffffff,0xffffff,0xffffff,0xffffff,0xffffff,0xffffff,
    0xffffff,0xffffff,0xffffff,0xffffff,0xffffff,0xffffff,0xffffff,0xffffff,0xffffff,0xffffff,0xfefefe,0xfdfdfd,
    0xfdfdfd,0xfefefe,0xfdfdfd,0xfdfdfd,0xfdfdfe,0xfefefe,0xfdfdfd,0xfefefe,0xfefefe,0xffffff,0xfefefe,0xffffff,
    0xfefeff,0xffffff,0xfefefe,0xffffff,0xfefefe,0xfefefe,0xffffff,0xffffff,0xffffff,0xffffff,0xffffff,0xffffff,
    0xffffff,0xffffff,0xffffff,0xffffff,0xffffff,0xffffff,0xffffff,0xffffff,0xffffff,0xffffff,0xffffff,0xffffff,
    0xffffff,0xfefeff,0xffffff,0xf7f9fb,0x4a5871,0x24334f,0x2d3c56,0x2b3a55,0x2b3a55,0x2b3a55,0x2b3a55,0x2b3a55,
    0x2b3a55,0x2b3a55,0x2b3a55,0x2b3a55,0x2b3a55,0x2b3a55,0x2b3a55,0x2b3a55,0x2b3a55,0x2b3a55,0x2b3a55,0x2b3a55,
    0x2b3a55,0x2b3a55,0x2b3a55,0x2b3a55,0x2b3a55,0x2b3a55,0x2b3a55,0x2b3a55,0x2b3a55,0x2b3a55,0x2b3a55,0x2b3a55,
    0x2b3a55,0x2b3a55,0x2b3a55,0x2b3a55,0x2b3a55,0x2b3a55,0x2b3a55,0x2b3a55,0x2b3a55,0x2b3a55,0x2b3a55,0x2b3a55,
    0x2b3a55,0x2b3a55,0x2b3a55,0x2b3a55,
    0x2b3a55,0x2b3a55,0x2b3a55,0x2b3a55,0x2b3a55,0x2b3a55,0x2b3a55,0x2b3a55,0x2b3a55,0x2b3a55,0x2b3a55,0x2b3a55,
    0x2b3a55,0x2b3a55,0x2b3a55,0x2b3a55,0x2b3a55,0x2b3a55,0x2b3a55,0x2b3a55,0x2b3a55,0x2b3a55,0x2b3a55,0x2b3a55,
    0x2b3a55,0x2b3a55,0x2b3a55,0x2b3a55,0x2b3a55,0x2b3a55,0x2b3a55,0x2b3a55,0x2b3a55,0x2b3a55,0x2b3a55,0x2b3a55,
    0x2b3a55,0x2b3a55,0x2b3a55,0x2b3a55,0x2b3a55,0x2b3a55,0x2b3a55,0x2b3a55,0x2b3a55,0x2d3c56,0x24334f,0x4a5871,
    0xf7f9fb,0xffffff,0xfefeff,0xffffff,0xffffff,0xffffff,0xffffff,0xffffff,0xffffff,0xffffff,0xffffff,0xffffff,
    0xffffff,0xffffff,0xffffff,0xffffff,0xffffff,0xffffff,0xffffff,0xffffff,0xffffff,0xffffff,0xffffff,0xffffff,
    0xffffff,0xffffff,0xffffff,0xffffff,0xffffff,0xffffff,0xffffff,0xffffff,0xffffff,0xffffff,0xffffff,0xffffff,
    0xffffff,0xffffff,0xffffff,0xfdfdfd,0xffffff,0xffffff,0xffffff,0xffffff,0xffffff,0xffffff,0xffffff,0xffffff,
    0xffffff,0xffffff,0xffffff,0xffffff,0xffffff,0xffffff,0xffffff,0xffffff,0xffffff,0xffffff,0xffffff,0xffffff,
    0xffffff,0xfefeff,0xffffff,0xf7f9fb,0x4a5871,0x24334f,0x2d3c56,0x2b3a55,0x2b3a55,0x2b3a55,0x2b3a55,0x2b3a55,
    0x2b3a55,0x2b3a55,0x2b3a55,0x2b3a55,0x2b3a55,0x2b3a55,0x2b3a55,0x2b3a55,0x2b3a55,0x2b3a55,0x2b3a55,0x2b3a55,
    0x2b3a55,0x2b3a55,0x2b3a55,0x2b3a55,0x2b3a55,0x2b3a55,0x2b3a55,0x2b3a55,0x2b3a55,0x2b3a55,0x2b3a55,0x2b3a55,
    0x2b3a55,0x2b3a55,0x2b3a55,0x2b3a55,0x2b3a55,0x2b3a55,0x2b3a55,0x2b3a55,0x2b3a55,0x2b3a55,0x2b3a55,0x2b3a55,
    0x2b3a55,0x2b3a55,0x2b3a55,0x2b3a55,
    0x2b3a55,0x2b3a55,0x2b3a55,0x2b3a55,0x2b3a55,0x2b3a55,0x2b3a55,0x2b3a55,0x2b3a55,0x2b3a55,0x2b3a55,0x2b3a55,
    0x2b3a55,0x2b3a55,0x2b3a55,0x2b3a55,0x2b3a55,0x2b3a55,0x2b3a55,0x2b3a55,0x2b3a55,0x2b3a55,0x2b3a55,0x2b3a55,
    0x2b3a55,0x2b3a55,0x2b3a55,0x2b3a55,0x2b3a55,0x2b3a55,0x2b3a55,0x2b3a55,0x2b3a55,0x2b3a55,0x2b3a55,0x2b3a55,
    0x2b3a55,0x2b3a55,0x2b3a55,0x2b3a55,0x2b3a55,0x2b3a55,0x2b3a55,0x2b3a55,0x2b3a55,0x2d3c56,0x24334f,0x4a5871,
    0xf7f9fb,0xffffff,0xfefeff,0xffffff,0xffffff,0xffffff,0xffffff,0xffffff,0xffffff,0xffffff,0xffffff,0xffffff,
    0xffffff,0xffffff,0xffffff,0xffffff,0xffffff,0xffffff,0xffffff,0xffffff,0xffffff,0xffffff,0xe5e5e5,0xd8d8d8,
    0xdadadb,0xf7f7f7,0xdfdfdf,0xd3d3d4,0xe2e2e2,0xefefef,0xd0d0d0,0xededee,0xe2e2e2,0xf9f9f9,0xf3f3f3,0xffffff,
    0xf5f5f5,0xfefefe,0xe7e7e8,0xffffff,0xf4f4f4,0xe9e9ea,0xffffff,0xffffff,0xffffff,0xffffff,0xffffff,0xffffff,
    0xffffff,0xffffff,0xffffff,0xffffff,0xffffff,0xffffff,0xffffff,0xffffff,0xffffff,0xffffff,0xffffff,0xffffff,
    0xffffff,0xfefeff,0xffffff,0xf7f9fb,0x4a5871,0x24334f,0x2d3c56,0x2b3a55,0x2b3a55,0x2b3a55,0x2b3a55,0x2b3a55,
    0x2b3a55,0x2b3a55,0x2b3a55,0x2b3a55,0x2b3a55,0x2b3a55,0x2b3a55,0x2b3a55,0x2b3a55,0x2b3a55,0x2b3a55,0x2b3a55,
    0x2b3a55,0x2b3a55,0x2b3a55,0x2b3a55,0x2b3a55,0x2b3a55,0x2b3a55,0x2b3a55,0x2b3a55,0x2b3a55,0x2b3a55,0x2b3a55,
    0x2b3a55,0x2b3a55,0x2b3a55,0x2b3a55,0x2b3a55,0x2b3a55,0x2b3a55,0x2b3a55,0x2b3a55,0x2b3a55,0x2b3a55,0x2b3a55,
    0x2b3a55,0x2b3a55,0x2b3a55,0x2b3a55,
    0x2b3a55,0x2b3a55,0x2b3a55,0x2b3a55,0x2b3a55,0x2b3a55,0x2b3a55,0x2b3a55,0x2b3a55,0x2b3a55,0x2b3a55,0x2b3a55,
    0x2b3a55,0x2b3a55,0x2b3a55,0x2b3a55,0x2b3a55,0x2b3a55,0x2b3a55,0x2b3a55,0x2b3a55,0x2b3a55,0x2b3a55,0x2b3a55,
    0x2b3a55,0x2b3a55,0x2b3a55,0x2b3a55,0x2b3a55,0x2b3a55,0x2b3a55,0x2b3a55,0x2b3a55,0x2b3a55,0x2b3a55,0x2b3a55,
    0x2b3a55,0x2b3a55,0x2b3a55,0x2b3a55,0x2b3a55,0x2b3a55,0x2b3a55,0x2b3a55,0x2b3a55,0x2d3c56,0x24334f,0x4a5871,
    0xf7f9fb,0xffffff,0xfefeff,0xffffff,0xffffff,0xffffff,0xffffff,0xffffff,0xffffff,0xffffff,0xffffff,0xffffff,
    0xffffff,0xffffff,0xffffff,0xffffff,0xffffff,0xffffff,0xffffff,0xffffff,0xfefefe,0xffffff,0x7b7b7c,0x555557,
    0x49494b,0xa2a2a3,0x7f7f80,0x48484a,0x5e5e5f,0xa6a6a7,0x4a4a4c,0x818182,0x6f6f71,0xfbfbfb,0xb4b4b5,0x7d7d7f,
    0xb3b3b4,0x99999a,0x777778,0xa7a7a8,0x6e6e6f,0xc0c0c1,0xfefefe,0xfefefe,0xffffff,0xffffff,0xffffff,0xffffff,
    0xffffff,0xffffff,0xffffff,0xffffff,0xffffff,0xffffff,0xffffff,0xffffff,0xffffff,0xffffff,0xffffff,0xffffff,
    0xffffff,0xfefeff,0xffffff,0xf7f9fb,0x4a5871,0x24334f,0x2d3c56,0x2b3a55,0x2b3a55,0x2b3a55,0x2b3a55,0x2b3a55,
    0x2b3a55,0x2b3a55,0x2b3a55,0x2b3a55,0x2b3a55,0x2b3a55,0x2b3a55,0x2b3a55,0x2b3a55,0x2b3a55,0x2b3a55,0x2b3a55,
    0x2b3a55,0x2b3a55,0x2b3a55,0x2b3a55,0x2b3a55,0x2b3a55,0x2b3a55,0x2b3a55,0x2b3a55,0x2b3a55,0x2b3a55,0x2b3a55,
    0x2b3a55,0x2b3a55,0x2b3a55,0x2b3a55,0x2b3a55,0x2b3a55,0x2b3a55,0x2b3a55,0x2b3a55,0x2b3a55,0x2b3a55,0x2b3a55,
    0x2b3a55,0x2b3a55,0x2b3a55,0x2b3a55,
    0x2b3a55,0x2b3a55,0x2b3a55,0x2b3a55,0x2b3a55,0x2b3a55,0x2b3a55,0x2b3a55,0x2b3a55,0x2b3a55,0x2b3a55,0x2b3a55,
    0x2b3a55,0x2b3a55,0x2b3a55,0x2b3a55,0x2b3a55,0x2b3a55,0x2b3a55,0x2b3a55,0x2b3a55,0x2b3a55,0x2b3a55,0x2b3a55,
    0x2b3a55,0x2b3a55,0x2b3a55,0x2b3a55,0x2b3a55,0x2b3a55,0x2b3a55,0x2b3a55,0x2b3a55,0x2b3a55,0x2b3a55,0x2b3a55,
    0x2b3a55,0x2b3a55,0x2b3a55,0x2b3a55,0x2b3a55,0x2b3a55,0x2b3a55,0x2b3a55,0x2b3a55,0x2d3c56,0x24334f,0x4a5871,
    0xf7f9fb,0xffffff,0xfefeff,0xffffff,0xffffff,0xffffff,0xffffff,0xffffff,0xffffff,0xffffff,0xffffff,0xffffff,
    0xffffff,0xffffff,0xffffff,0xffffff,0xffffff,0xffffff,0xffffff,0xffffff,0xfdfdfd,0xfdfdfd,0x808081,0x6a6a6c,
    0x606062,0x959596,0x7e7e7f,0x626263,0x646466,0xadadae,0x868687,0x7c7c7d,0x69696a,0xffffff,0xdedede,0x333335,
    0xc4c4c4,0x8d8d8e,0xefefef,0x717172,0x929293,0x9b9b9c,0xfdfdfd,0xfefefe,0xffffff,0xffffff,0xffffff,0xffffff,
    0xffffff,0xffffff,0xffffff,0xffffff,0xffffff,0xffffff,0xffffff,0xffffff,0xffffff,0xffffff,0xffffff,0xffffff,
    0xffffff,0xfefeff,0xffffff,0xf7f9fb,0x4a5871,0x24334f,0x2d3c56,0x2b3a55,0x2b3a55,0x2b3a55,0x2b3a55,0x2b3a55,
    0x2b3a55,0x2b3a55,0x2b3a55,0x2b3a55,0x2b3a55,0x2b3a55,0x2b3a55,0x2b3a55,0x2b3a55,0x2b3a55,0x2b3a55,0x2b3a55,
    0x2b3a55,0x2b3a55,0x2b3a55,0x2b3a55,0x2b3a55,0x2b3a55,0x2b3a55,0x2b3a55,0x2b3a55,0x2b3a55,0x2b3a55,0x2b3a55,
    0x2b3a55,0x2b3a55,0x2b3a55,0x2b3a55,0x2b3a55,0x2b3a55,0x2b3a55,0x2b3a55,0x2b3a55,0x2b3a55,0x2b3a55,0x2b3a55,
    0x2b3a55,0x2b3a55,0x2b3a55,0x2b3a55,
    0x2b3a55,0x2b3a55,0x2b3a55,0x2b3a55,0x2b3a55,0x2b3a55,0x2b3a55,0x2b3a55,0x2b3a55,0x2b3a55,0x2b3a55,0x2b3a55,
    0x2b3a55,0x2b3a55,0x2b3a55,0x2b3a55,0x2b3a55,0x2b3a55,0x2b3a55,0x2b3a55,0x2b3a55,0x2b3a55,0x2b3a55,0x2b3a55,
    0x2b3a55,0x2b3a55,0x2b3a55,0x2b3a55,0x2b3a55,0x2b3a55,0x2b3a55,0x2b3a55,0x2b3a55,0x2b3a55,0x2b3a55,0x2b3a55,
    0x2b3a55,0x2b3a55,0x2b3a55,0x2b3a55,0x2b3a55,0x2b3a55,0x2b3a55,0x2b3a55,0x2b3a55,0x2d3c56,0x24334f,0x4a5871,
    0xf7f9fb,0xffffff,0xfefeff,0xffffff,0xffffff,0xffffff,0xffffff,0xffffff,0xffffff,0xffffff,0xffffff,0xffffff,
    0xffffff,0xffffff,0xffffff,0xffffff,0xffffff,0xffffff,0xffffff,0xffffff,0xfdfdfd,0xffffff,0x9e9e9f,0x545456,
    0x545456,0xc2c2c3,0x7c7c7d,0x414143,0x727273,0xb7b7b8,0x464647,0x919192,0x6e6e70,0xf9f9f9,0xa8a8a8,0x8f8f90,
    0xafafb0,0x9b9b9c,0x747475,0xbcbcbd,0x979798,0x7f7f80,0xfdfdfd,0xfefefe,0xffffff,0xffffff,0xffffff,0xffffff,
    0xffffff,0xffffff,0xffffff,0xffffff,0xffffff,0xffffff,0xffffff,0xffffff,0xffffff,0xffffff,0xffffff,0xffffff,
    0xffffff,0xfefeff,0xffffff,0xf7f9fb,0x4a5871,0x24334f,0x2d3c56,0x2b3a55,0x2b3a55,0x2b3a55,0x2b3a55,0x2b3a55,
    0x2b3a55,0x2b3a55,0x2b3a55,0x2b3a55,0x2b3a55,0x2b3a55,0x2b3a55,0x2b3a55,0x2b3a55,0x2b3a55,0x2b3a55,0x2b3a55,
    0x2b3a55,0x2b3a55,0x2b3a55,0x2b3a55,0x2b3a55,0x2b3a55,0x2b3a55,0x2b3a55,0x2b3a55,0x2b3a55,0x2b3a55,0x2b3a55,
    0x2b3a55,0x2b3a55,0x2b3a55,0x2b3a55,0x2b3a55,0x2b3a55,0x2b3a55,0x2b3a55,0x2b3a55,0x2b3a55,0x2b3a55,0x2b3a55,
    0x2b3a55,0x2b3a55,0x2b3a55,0x2b3a55,
    0x2b3a55,0x2b3a55,0x2b3a55,0x2b3a55,0x2b3a55,0x2b3a55,0x2b3a55,0x2b3a55,0x2b3a55,0x2b3a55,0x2b3a55,0x2b3a55,
    0x2b3a55,0x2b3a55,0x2b3a55,0x2b3a55,0x2b3a55,0x2b3a55,0x2b3a55,0x2b3a55,0x2b3a55,0x2b3a55,0x2b3a55,0x2b3a55,
    0x2b3a55,0x2b3a55,0x2b3a55,0x2b3a55,0x2b3a55,0x2b3a55,0x2b3a55,0x2b3a55,0x2b3a55,0x2b3a55,0x2b3a55,0x2b3a55,
    0x2b3a55,0x2b3a55,0x2b3a55,0x2b3a55,0x2b3a55,0x2b3a55,0x2b3a55,0x2b3a55,0x2b3a55,0x2d3c56,0x24334f,0x4a5871,
    0xf7f9fb,0xffffff,0xfefeff,0xffffff,0xffffff,0xffffff,0xffffff,0xffffff,0xffffff,0xffffff,0xffffff,0xffffff,
    0xffffff,0xffffff,0xffffff,0xffffff,0xffffff,0xffffff,0xffffff,0xffffff,0xffffff,0xffffff,0xc1c1c1,0xb1b1b2,
    0xb1b1b2,0xc8c8c8,0xd6d6d7,0xc8c8c9,0xededed,0xc5c5c6,0xaeaeaf,0xc7c7c8,0xa6a6a6,0xfbfbfb,0xf7f7f7,0xffffff,
    0xf9f9f9,0xffffff,0xf2f2f3,0xffffff,0xebebeb,0xffffff,0xffffff,0xffffff,0xffffff,0xffffff,0xffffff,0xffffff,
    0xffffff,0xffffff,0xffffff,0xffffff,0xffffff,0xffffff,0xffffff,0xffffff,0xffffff,0xffffff,0xffffff,0xffffff,
    0xffffff,0xfefeff,0xffffff,0xf7f9fb,0x4a5871,0x24334f,0x2d3c56,0x2b3a55,0x2b3a55,0x2b3a55,0x2b3a55,0x2b3a55,
    0x2b3a55,0x2b3a55,0x2b3a55,0x2b3a55,0x2b3a55,0x2b3a55,0x2b3a55,0x2b3a55,0x2b3a55,0x2b3a55,0x2b3a55,0x2b3a55,
    0x2b3a55,0x2b3a55,0x2b3a55,0x2b3a55,0x2b3a55,0x2b3a55,0x2b3a55,0x2b3a55,0x2b3a55,0x2b3a55,0x2b3a55,0x2b3a55,
    0x2b3a55,0x2b3a55,0x2b3a55,0x2b3a55,0x2b3a55,0x2b3a55,0x2b3a55,0x2b3a55,0x2b3a55,0x2b3a55,0x2b3a55,0x2b3a55,
    0x2b3a55,0x2b3a55,0x2b3a55,0x2b3a55,
    0x2b3a55,0x2b3a55,0x2b3a55,0x2b3a55,0x2b3a55,0x2b3a55,0x2b3a55,0x2b3a55,0x2b3a55,0x2b3a55,0x2b3a55,0x2b3a55,
    0x2b3a55,0x2b3a55,0x2b3a55,0x2b3a55,0x2b3a55,0x2b3a55,0x2b3a55,0x2b3a55,0x2b3a55,0x2b3a55,0x2b3a55,0x2b3a55,
    0x2b3a55,0x2b3a55,0x2b3a55,0x2b3a55,0x2b3a55,0x2b3a55,0x2b3a55,0x2b3a55,0x2b3a55,0x2b3a55,0x2b3a55,0x2b3a55,
    0x2b3a55,0x2b3a55,0x2b3a55,0x2b3a55,0x2b3a55,0x2b3a55,0x2b3a55,0x2b3a55,0x2b3a55,0x2d3c56,0x24334f,0x4a5871,
    0xf7f9fb,0xffffff,0xfefeff,0xffffff,0xffffff,0xffffff,0xffffff,0xffffff,0xffffff,0xffffff,0xffffff,0xffffff,
    0xffffff,0xffffff,0xffffff,0xffffff,0xffffff,0xffffff,0xffffff,0xffffff,0xffffff,0xffffff,0xffffff,0xffffff,
    0xffffff,0xffffff,0xffffff,0xffffff,0xffffff,0xffffff,0xffffff,0xffffff,0xffffff,0xffffff,0xffffff,0xfefefe,
    0xffffff,0xffffff,0xffffff,0xfefefe,0xffffff,0xffffff,0xffffff,0xffffff,0xffffff,0xffffff,0xffffff,0xffffff,
    0xffffff,0xffffff,0xffffff,0xffffff,0xffffff,0xffffff,0xffffff,0xffffff,0xffffff,0xffffff,0xffffff,0xffffff,
    0xffffff,0xfefeff,0xffffff,0xf7f9fb,0x4a5871,0x24334f,0x2d3c56,0x2b3a55,0x2b3a55,0x2b3a55,0x2b3a55,0x2b3a55,
    0x2b3a55,0x2b3a55,0x2b3a55,0x2b3a55,0x2b3a55,0x2b3a55,0x2b3a55,0x2b3a55,0x2b3a55,0x2b3a55,0x2b3a55,0x2b3a55,
    0x2b3a55,0x2b3a55,0x2b3a55,0x2b3a55,0x2b3a55,0x2b3a55,0x2b3a55,0x2b3a55,0x2b3a55,0x2b3a55,0x2b3a55,0x2b3a55,
    0x2b3a55,0x2b3a55,0x2b3a55,0x2b3a55,0x2b3a55,0x2b3a55,0x2b3a55,0x2b3a55,0x2b3a55,0x2b3a55,0x2b3a55,0x2b3a55,
    0x2b3a55,0x2b3a55,0x2b3a55,0x2b3a55,
    0x2b3a55,0x2b3a55,0x2b3a55,0x2b3a55,0x2b3a55,0x2b3a55,0x2b3a55,0x2b3a55,0x2b3a55,0x2b3a55,0x2b3a55,0x2b3a55,
    0x2b3a55,0x2b3a55,0x2b3a55,0x2b3a55,0x2b3a55,0x2b3a55,0x2b3a55,0x2b3a55,0x2b3a55,0x2b3a55,0x2b3a55,0x2b3a55,
    0x2b3a55,0x2b3a55,0x2b3a55,0x2b3a55,0x2b3a55,0x2b3a55,0x2b3a55,0x2b3a55,0x2b3a55,0x2b3a55,0x2b3a55,0x2b3a55,
    0x2b3a55,0x2b3a55,0x2b3a55,0x2b3a55,0x2b3a55,0x2b3a55,0x2b3a55,0x2b3a55,0x2b3a55,0x2d3c56,0x24334f,0x4a5871,
    0xf7f9fb,0xffffff,0xfefeff,0xffffff,0xffffff,0xffffff,0xffffff,0xffffff,0xffffff,0xffffff,0xffffff,0xffffff,
    0xffffff,0xffffff,0xffffff,0xffffff,0xffffff,0xffffff,0xffffff,0xffffff,0xffffff,0xffffff,0xfdfdfd,0xfcfcfc,
    0xfcfcfc,0xfdfdfd,0xfdfdfd,0xfdfdfd,0xfefefe,0xfdfdfd,0xfcfcfc,0xfefefe,0xfefefd,0xffffff,0xfefefe,0xfefefe,
    0xffffff,0xffffff,0xfefefe,0xffffff,0xfefefe,0xffffff,0xffffff,0xffffff,0xffffff,0xffffff,0xffffff,0xffffff,
    0xffffff,0xffffff,0xffffff,0xffffff,0xffffff,0xffffff,0xffffff,0xffffff,0xffffff,0xffffff,0xffffff,0xffffff,
    0xffffff,0xfefeff,0xffffff,0xf7f9fb,0x4a5871,0x24334f,0x2d3c56,0x2b3a55,0x2b3a55,0x2b3a55,0x2b3a55,0x2b3a55,
    0x2b3a55,0x2b3a55,0x2b3a55,0x2b3a55,0x2b3a55,0x2b3a55,0x2b3a55,0x2b3a55,0x2b3a55,0x2b3a55,0x2b3a55,0x2b3a55,
    0x2b3a55,0x2b3a55,0x2b3a55,0x2b3a55,0x2b3a55,0x2b3a55,0x2b3a55,0x2b3a55,0x2b3a55,0x2b3a55,0x2b3a55,0x2b3a55,
    0x2b3a55,0x2b3a55,0x2b3a55,0x2b3a55,0x2b3a55,0x2b3a55,0x2b3a55,0x2b3a55,0x2b3a55,0x2b3a55,0x2b3a55,0x2b3a55,
    0x2b3a55,0x2b3a55,0x2b3a55,0x2b3a55,
    0x2b3a55,0x2b3a55,0x2b3a55,0x2b3a55,0x2b3a55,0x2b3a55,0x2b3a55,0x2b3a55,0x2b3a55,0x2b3a55,0x2b3a55,0x2b3a55,
    0x2b3a55,0x2b3a55,0x2b3a55,0x2b3a55,0x2b3a55,0x2b3a55,0x2b3a55,0x2b3a55,0x2b3a55,0x2b3a55,0x2b3a55,0x2b3a55,
    0x2b3a55,0x2b3a55,0x2b3a55,0x2b3a55,0x2b3a55,0x2b3a55,0x2b3a55,0x2b3a55,0x2b3a55,0x2b3a55,0x2b3a55,0x2b3a55,
    0x2b3a55,0x2b3a55,0x2b3a55,0x2b3a55,0x2b3a55,0x2b3a55,0x2b3a55,0x2b3a55,0x2b3a55,0x2d3c56,0x24334f,0x4a5871,
    0xf7f9fb,0xffffff,0xfefeff,0xffffff,0xffffff,0xffffff,0xffffff,0xffffff,0xffffff,0xffffff,0xffffff,0xffffff,
    0xffffff,0xffffff,0xffffff,0xffffff,0xffffff,0xffffff,0xffffff,0xffffff,0xffffff,0xffffff,0xffffff,0xffffff,
    0xffffff,0xffffff,0xffffff,0xffffff,0xffffff,0xffffff,0xfdfefe,0xfafbfc,0xfafbfc,0xfdfefe,0xffffff,0xffffff,
    0xffffff,0xffffff,0xffffff,0xffffff,0xffffff,0xffffff,0xffffff,0xffffff,0xffffff,0xffffff,0xffffff,0xffffff,
    0xffffff,0xffffff,0xffffff,0xffffff,0xffffff,0xffffff,0xffffff,0xffffff,0xffffff,0xffffff,0xffffff,0xffffff,
    0xffffff,0xfefeff,0xffffff,0xf7f9fb,0x4a5871,0x24334f,0x2d3c56,0x2b3a55,0x2b3a55,0x2b3a55,0x2b3a55,0x2b3a55,
    0x2b3a55,0x2b3a55,0x2b3a55,0x2b3a55,0x2b3a55,0x2b3a55,0x2b3a55,0x2b3a55,0x2b3a55,0x2b3a55,0x2b3a55,0x2b3a55,
    0x2b3a55,0x2b3a55,0x2b3a55,0x2b3a55,0x2b3a55,0x2b3a55,0x2b3a55,0x2b3a55,0x2b3a55,0x2b3a55,0x2b3a55,0x2b3a55,
    0x2b3a55,0x2b3a55,0x2b3a55,0x2b3a55,0x2b3a55,0x2b3a55,0x2b3a55,0x2b3a55,0x2b3a55,0x2b3a55,0x2b3a55,0x2b3a55,
    0x2b3a55,0x2b3a55,0x2b3a55,0x2b3a55,
    0x2b3a55,0x2b3a55,0x2b3a55,0x2b3a55,0x2b3a55,0x2b3a55,0x2b3a55,0x2b3a55,0x2b3a55,0x2b3a55,0x2b3a55,0x2b3a55,
    0x2b3a55,0x2b3a55,0x2b3a55,0x2b3a55,0x2b3a55,0x2b3a55,0x2b3a55,0x2b3a55,0x2b3a55,0x2b3a55,0x2b3a55,0x2b3a55,
    0x2b3a55,0x2b3a55,0x2b3a55,0x2b3a55,0x2b3a55,0x2b3a55,0x2b3a55,0x2b3a55,0x2b3a55,0x2b3a55,0x2b3a55,0x2b3a55,
    0x2b3a55,0x2b3a55,0x2b3a55,0x2b3a55,0x2b3a55,0x2b3a55,0x2b3a55,0x2b3a55,0x2b3a55,0x2d3c56,0x24334f,0x4a5871,
    0xf7f9fb,0xffffff,0xfefeff,0xffffff,0xffffff,0xffffff,0xffffff,0xffffff,0xffffff,0xffffff,0xffffff,0xffffff,
    0xffffff,0xffffff,0xffffff,0xffffff,0xffffff,0xffffff,0xffffff,0xffffff,0xffffff,0xffffff,0xffffff,0xffffff,
    0xffffff,0xffffff,0xffffff,0xfdfefe,0xf0f2f6,0xe6eaf1,0xe2e7f0,0xe5e9f0,0xe5e9f0,0xe2e7f0,0xe6eaf1,0xf0f2f6,
    0xfdfefe,0xffffff,0xffffff,0xffffff,0xffffff,0xffffff,0xffffff,0xffffff,0xffffff,0xffffff,0xffffff,0xffffff,
    0xffffff,0xffffff,0xffffff,0xffffff,0xffffff,0xffffff,0xffffff,0xffffff,0xffffff,0xffffff,0xffffff,0xffffff,
    0xffffff,0xfefeff,0xffffff,0xf7f9fb,0x4a5871,0x24334f,0x2d3c56,0x2b3a55,0x2b3a55,0x2b3a55,0x2b3a55,0x2b3a55,
    0x2b3a55,0x2b3a55,0x2b3a55,0x2b3a55,0x2b3a55,0x2b3a55,0x2b3a55,0x2b3a55,0x2b3a55,0x2b3a55,0x2b3a55,0x2b3a55,
    0x2b3a55,0x2b3a55,0x2b3a55,0x2b3a55,0x2b3a55,0x2b3a55,0x2b3a55,0x2b3a55,0x2b3a55,0x2b3a55,0x2b3a55,0x2b3a55,
    0x2b3a55,0x2b3a55,0x2b3a55,0x2b3a55,0x2b3a55,0x2b3a55,0x2b3a55,0x2b3a55,0x2b3a55,0x2b3a55,0x2b3a55,0x2b3a55,
    0x2b3a55,0x2b3a55,0x2b3a55,0x2b3a55,
    0x2b3a55,0x2b3a55,0x2b3a55,0x2b3a55,0x2b3a55,0x2b3a55,0x2b3a55,0x2b3a55,0x2b3a55,0x2b3a55,0x2b3a55,0x2b3a55,
    0x2b3a55,0x2b3a55,0x2b3a55,0x2b3a55,0x2b3a55,0x2b3a55,0x2b3a55,0x2b3a55,0x2b3a55,0x2b3a55,0x2b3a55,0x2b3a55,
    0x2b3a55,0x2b3a55,0x2b3a55,0x2b3a55,0x2b3a55,0x2b3a55,0x2b3a55,0x2b3a55,0x2b3a55,0x2b3a55,0x2b3a55,0x2b3a55,
    0x2b3a55,0x2b3a55,0x2b3a55,0x2b3a55,0x2b3a55,0x2b3a55,0x2b3a55,0x2b3a55,0x2b3a55,0x2d3c56,0x24334f,0x4a5871,
    0xf7f9fb,0xffffff,0xfefeff,0xffffff,0xffffff,0xffffff,0xffffff,0xffffff,0xffffff,0xffffff,0xffffff,0xffffff,
    0xffffff,0xffffff,0xffffff,0xffffff,0xffffff,0xffffff,0xffffff,0xffffff,0xffffff,0xffffff,0xffffff,0xffffff,
    0xffffff,0xffffff,0xf5f7f9,0xe2e7ef,0xe2e7f0,0xebeef3,0xf2f3f5,0xe2e9f4,0xe2e9f4,0xf2f3f5,0xebeef3,0xe2e7f0,
    0xe2e7ef,0xf5f7f9,0xffffff,0xffffff,0xffffff,0xffffff,0xffffff,0xffffff,0xffffff,0xffffff,0xffffff,0xffffff,
    0xffffff,0xffffff,0xffffff,0xffffff,0xffffff,0xffffff,0xffffff,0xffffff,0xffffff,0xffffff,0xffffff,0xffffff,
    0xffffff,0xfefeff,0xffffff,0xf7f9fb,0x4a5871,0x24334f,0x2d3c56,0x2b3a55,0x2b3a55,0x2b3a55,0x2b3a55,0x2b3a55,
    0x2b3a55,0x2b3a55,0x2b3a55,0x2b3a55,0x2b3a55,0x2b3a55,0x2b3a55,0x2b3a55,0x2b3a55,0x2b3a55,0x2b3a55,0x2b3a55,
    0x2b3a55,0x2b3a55,0x2b3a55,0x2b3a55,0x2b3a55,0x2b3a55,0x2b3a55,0x2b3a55,0x2b3a55,0x2b3a55,0x2b3a55,0x2b3a55,
    0x2b3a55,0x2b3a55,0x2b3a55,0x2b3a55,0x2b3a55,0x2b3a55,0x2b3a55,0x2b3a55,0x2b3a55,0x2b3a55,0x2b3a55,0x2b3a55,
    0x2b3a55,0x2b3a55,0x2b3a55,0x2b3a55,
    0x2b3a55,0x2b3a55,0x2b3a55,0x2b3a55,0x2b3a55,0x2b3a55,0x2b3a55,0x2b3a55,0x2b3a55,0x2b3a55,0x2b3a55,0x2b3a55,
    0x2b3a55,0x2b3a55,0x2b3a55,0x2b3a55,0x2b3a55,0x2b3a55,0x2b3a55,0x2b3a55,0x2b3a55,0x2b3a55,0x2b3a55,0x2b3a55,
    0x2b3a55,0x2b3a55,0x2b3a55,0x2b3a55,0x2b3a55,0x2b3a55,0x2b3a55,0x2b3a55,0x2b3a55,0x2b3a55,0x2b3a55,0x2b3a55,
    0x2b3a55,0x2b3a55,0x2b3a55,0x2b3a55,0x2b3a55,0x2b3a55,0x2b3a55,0x2b3a55,0x2b3a55,0x2d3c56,0x24334f,0x4a5871,
    0xf7f9fb,0xffffff,0xfefeff,0xffffff,0xffffff,0xffffff,0xffffff,0xffffff,0xffffff,0xffffff,0xffffff,0xffffff,
    0xffffff,0xffffff,0xffffff,0xffffff,0xffffff,0xffffff,0xffffff,0xffffff,0xffffff,0xffffff,0xffffff,0xffffff,
    0xffffff,0xf5f7f9,0xe0e5ee,0xe8ecf4,0xeef1f5,0xdde5f3,0x81a7ec,0x598de9,0x598de9,0x81a7ec,0xdde5f3,0xeef1f5,
    0xe8ecf4,0xe0e5ee,0xf5f7f9,0xffffff,0xffffff,0xffffff,0xffffff,0xffffff,0xffffff,0xffffff,0xffffff,0xffffff,
    0xffffff,0xffffff,0xffffff,0xffffff,0xffffff,0xffffff,0xffffff,0xffffff,0xffffff,0xffffff,0xffffff,0xffffff,
    0xffffff,0xfefeff,0xffffff,0xf7f9fb,0x4a5871,0x24334f,0x2d3c56,0x2b3a55,0x2b3a55,0x2b3a55,0x2b3a55,0x2b3a55,
    0x2b3a55,0x2b3a55,0x2b3a55,0x2b3a55,0x2b3a55,0x2b3a55,0x2b3a55,0x2b3a55,0x2b3a55,0x2b3a55,0x2b3a55,0x2b3a55,
    0x2b3a55,0x2b3a55,0x2b3a55,0x2b3a55,0x2b3a55,0x2b3a55,0x2b3a55,0x2b3a55,0x2b3a55,0x2b3a55,0x2b3a55,0x2b3a55,
    0x2b3a55,0x2b3a55,0x2b3a55,0x2b3a55,0x2b3a55,0x2b3a55,0x2b3a55,0x2b3a55,0x2b3a55,0x2b3a55,0x2b3a55,0x2b3a55,
    0x2b3a55,0x2b3a55,0x2b3a55,0x2b3a55,
    0x2b3a55,0x2b3a55,0x2b3a55,0x2b3a55,0x2b3a55,0x2b3a55,0x2b3a55,0x2b3a55,0x2b3a55,0x2b3a55,0x2b3a55,0x2b3a55,
    0x2b3a55,0x2b3a55,0x2b3a55,0x2b3a55,0x2b3a55,0x2b3a55,0x2b3a55,0x2b3a55,0x2b3a55,0x2b3a55,0x2b3a55,0x2b3a55,
    0x2b3a55,0x2b3a55,0x2b3a55,0x2b3a55,0x2b3a55,0x2b3a55,0x2b3a55,0x2b3a55,0x2b3a55,0x2b3a55,0x2b3a55,0x2b3a55,
    0x2b3a55,0x2b3a55,0x2b3a55,0x2b3a55,0x2b3a55,0x2b3a55,0x2b3a55,0x2b3a55,0x2b3a55,0x2d3c56,0x24334f,0x4a5871,
    0xf7f9fb,0xffffff,0xfefeff,0xffffff,0xffffff,0xffffff,0xffffff,0xffffff,0xffffff,0xffffff,0xffffff,0xffffff,
    0xffffff,0xffffff,0xffffff,0xffffff,0xffffff,0xffffff,0xffffff,0xffffff,0xffffff,0xffffff,0xffffff,0xffffff,
    0xfdfdfe,0xe3e7ef,0xe9edf4,0xe8edf4,0xeff1f4,0x7aa3eb,0x3b79e7,0x4a83e8,0x4a83e8,0x3b79e7,0x7aa3eb,0xeff1f4,
    0xe8edf4,0xe9edf4,0xe3e7ef,0xfdfdfe,0xffffff,0xffffff,0xffffff,0xffffff,0xffffff,0xffffff,0xffffff,0xffffff,
    0xffffff,0xffffff,0xffffff,0xffffff,0xffffff,0xffffff,0xffffff,0xffffff,0xffffff,0xffffff,0xffffff,0xffffff,
    0xffffff,0xfefeff,0xffffff,0xf7f9fb,0x4a5871,0x24334f,0x2d3c56,0x2b3a55,0x2b3a55,0x2b3a55,0x2b3a55,0x2b3a55,
    0x2b3a55,0x2b3a55,0x2b3a55,0x2b3a55,0x2b3a55,0x2b3a55,0x2b3a55,0x2b3a55,0x2b3a55,0x2b3a55,0x2b3a55,0x2b3a55,
    0x2b3a55,0x2b3a55,0x2b3a55,0x2b3a55,0x2b3a55,0x2b3a55,0x2b3a55,0x2b3a55,0x2b3a55,0x2b3a55,0x2b3a55,0x2b3a55,
    0x2b3a55,0x2b3a55,0x2b3a55,0x2b3a55,0x2b3a55,0x2b3a55,0x2b3a55,0x2b3a55,0x2b3a55,0x2b3a55,0x2b3a55,0x2b3a55,
    0x2b3a55,0x2b3a55,0x2b3a55,0x2b3a55,
    0x2b3a55,0x2b3a55,0x2b3a55,0x2b3a55,0x2b3a55,0x2b3a55,0x2b3a55,0x2b3a55,0x2b3a55,0x2b3a55,0x2b3a55,0x2b3a55,
    0x2b3a55,0x2b3a55,0x2b3a55,0x2b3a55,0x2b3a55,0x2b3a55,0x2b3a55,0x2b3a55,0x2b3a55,0x2b3a55,0x2b3a55,0x2b3a55,
    0x2b3a55,0x2b3a55,0x2b3a55,0x2b3a55,0x2b3a55,0x2b3a55,0x2b3a55,0x2b3a55,0x2b3a55,0x2b3a55,0x2b3a55,0x2b3a55,
    0x2b3a55,0x2b3a55,0x2b3a55,0x2b3a55,0x2b3a55,0x2b3a55,0x2b3a55,0x2b3a55,0x2b3a55,0x2d3c56,0x24334f,0x4a5871,
    0xf7f9fb,0xffffff,0xfefeff,0xffffff,0xffffff,0xffffff,0xffffff,0xffffff,0xffffff,0xffffff,0xffffff,0xffffff,
    0xffffff,0xffffff,0xffffff,0xffffff,0xffffff,0xffffff,0xffffff,0xffffff,0xffffff,0xffffff,0xfeffff,0xffffff,
    0xf3f5f8,0xe3e8f0,0xeaeef5,0xe8ecf4,0xeceff4,0x6595ea,0x437ee7,0x5087e8,0x5087e8,0x437ee7,0x6595ea,0xeceff4,
    0xe8ecf4,0xeaeef5,0xe3e8f0,0xf3f5f8,0xffffff,0xfeffff,0xffffff,0xffffff,0xffffff,0xffffff,0xffffff,0xffffff,
    0xffffff,0xffffff,0xffffff,0xffffff,0xffffff,0xffffff,0xffffff,0xffffff,0xffffff,0xffffff,0xffffff,0xffffff,
    0xffffff,0xfefeff,0xffffff,0xf7f9fb,0x4a5871,0x24334f,0x2d3c56,0x2b3a55,0x2b3a55,0x2b3a55,0x2b3a55,0x2b3a55,
    0x2b3a55,0x2b3a55,0x2b3a55,0x2b3a55,0x2b3a55,0x2b3a55,0x2b3a55,0x2b3a55,0x2b3a55,0x2b3a55,0x2b3a55,0x2b3a55,
    0x2b3a55,0x2b3a55,0x2b3a55,0x2b3a55,0x2b3a55,0x2b3a55,0x2b3a55,0x2b3a55,0x2b3a55,0x2b3a55,0x2b3a55,0x2b3a55,
    0x2b3a55,0x2b3a55,0x2b3a55,0x2b3a55,0x2b3a55,0x2b3a55,0x2b3a55,0x2b3a55,0x2b3a55,0x2b3a55,0x2b3a55,0x2b3a55,
    0x2b3a55,0x2b3a55,0x2b3a55,0x2b3a55,
    0x2b3a55,0x2b3a55,0x2b3a55,0x2b3a55,0x2b3a55,0x2b3a55,0x2b3a55,0x2b3a55,0x2b3a55,0x2b3a55,0x2b3a55,0x2b3a55,
    0x2b3a55,0x2b3a55,0x2b3a55,0x2b3a55,0x2b3a55,0x2b3a55,0x2b3a55,0x2b3a55,0x2b3a55,0x2b3a55,0x2b3a55,0x2b3a55,
    0x2b3a55,0x2b3a55,0x2b3a55,0x2b3a55,0x2b3a55,0x2b3a55,0x2b3a55,0x2b3a55,0x2b3a55,0x2b3a55,0x2b3a55,0x2b3a55,
    0x2b3a55,0x2b3a55,0x2b3a55,0x2b3a55,0x2b3a55,0x2b3a55,0x2b3a55,0x2b3a55,0x2b3a55,0x2d3c56,0x24334f,0x4a5871,
    0xf7f9fb,0xffffff,0xfefeff,0xffffff,0xffffff,0xffffff,0xffffff,0xffffff,0xffffff,0xffffff,0xffffff,0xffffff,
    0xffffff,0xffffff,0xffffff,0xffffff,0xffffff,0xffffff,0xffffff,0xffffff,0xffffff,0xffffff,0xfeffff,0xffffff,
    0xeff2f6,0xe4e9f1,0xeaeef5,0xe7ecf4,0xf0f2f5,0xc0d2f1,0x568be8,0x447fe7,0x447fe7,0x568be8,0xc0d2f1,0xf0f2f5,
    0xe7ecf4,0xeaeef5,0xe4e9f1,0xeff2f6,0xffffff,0xfeffff,0xffffff,0xffffff,0xffffff,0xffffff,0xffffff,0xffffff,
    0xffffff,0xffffff,0xffffff,0xffffff,0xffffff,0xffffff,0xffffff,0xffffff,0xffffff,0xffffff,0xffffff,0xffffff,
    0xffffff,0xfefeff,0xffffff,0xf7f9fb,0x4a5871,0x24334f,0x2d3c56,0x2b3a55,0x2b3a55,0x2b3a55,0x2b3a55,0x2b3a55,
    0x2b3a55,0x2b3a55,0x2b3a55,0x2b3a55,0x2b3a55,0x2b3a55,0x2b3a55,0x2b3a55,0x2b3a55,0x2b3a55,0x2b3a55,0x2b3a55,
    0x2b3a55,0x2b3a55,0x2b3a55,0x2b3a55,0x2b3a55,0x2b3a55,0x2b3a55,0x2b3a55,0x2b3a55,0x2b3a55,0x2b3a55,0x2b3a55,
    0x2b3a55,0x2b3a55,0x2b3a55,0x2b3a55,0x2b3a55,0x2b3a55,0x2b3a55,0x2b3a55,0x2b3a55,0x2b3a55,0x2b3a55,0x2b3a55,
    0x2b3a55,0x2b3a55,0x2b3a55,0x2b3a55,
    0x2b3a55,0x2b3a55,0x2b3a55,0x2b3a55,0x2b3a55,0x2b3a55,0x2b3a55,0x2b3a55,0x2b3a55,0x2b3a55,0x2b3a55,0x2b3a55,
    0x2b3a55,0x2b3a55,0x2b3a55,0x2b3a55,0x2b3a55,0x2b3a55,0x2b3a55,0x2b3a55,0x2b3a55,0x2b3a55,0x2b3a55,0x2b3a55,
    0x2b3a55,0x2b3a55,0x2b3a55,0x2b3a55,0x2b3a55,0x2b3a55,0x2b3a55,0x2b3a55,0x2b3a55,0x2b3a55,0x2b3a55,0x2b3a55,
    0x2b3a55,0x2b3a55,0x2b3a55,0x2b3a55,0x2b3a55,0x2b3a55,0x2b3a55,0x2b3a55,0x2b3a55,0x2d3c56,0x24334f,0x4a5871,
    0xf7f9fb,0xffffff,0xfefeff,0xffffff,0xffffff,0xffffff,0xffffff,0xffffff,0xffffff,0xffffff,0xffffff,0xffffff,
    0xffffff,0xffffff,0xffffff,0xffffff,0xffffff,0xffffff,0xffffff,0xffffff,0xffffff,0xffffff,0xfeffff,0xffffff,
    0xf2f4f7,0xe3e8f0,0xeaeef5,0xe9edf4,0xe8ecf4,0xf0f2f5,0xe0e6f3,0xbbcef0,0xbbcef0,0xe0e6f3,0xf0f2f5,0xe8ecf4,
    0xe9edf4,0xeaeef5,0xe3e8f0,0xf2f4f7,0xffffff,0xfeffff,0xffffff,0xffffff,0xffffff,0xffffff,0xffffff,0xffffff,
    0xffffff,0xffffff,0xffffff,0xffffff,0xffffff,0xffffff,0xffffff,0xffffff,0xffffff,0xffffff,0xffffff,0xffffff,
    0xffffff,0xfefeff,0xffffff,0xf7f9fb,0x4a5871,0x24334f,0x2d3c56,0x2b3a55,0x2b3a55,0x2b3a55,0x2b3a55,0x2b3a55,
    0x2b3a55,0x2b3a55,0x2b3a55,0x2b3a55,0x2b3a55,0x2b3a55,0x2b3a55,0x2b3a55,0x2b3a55,0x2b3a55,0x2b3a55,0x2b3a55,
    0x2b3a55,0x2b3a55,0x2b3a55,0x2b3a55,0x2b3a55,0x2b3a55,0x2b3a55,0x2b3a55,0x2b3a55,0x2b3a55,0x2b3a55,0x2b3a55,
    0x2b3a55,0x2b3a55,0x2b3a55,0x2b3a55,0x2b3a55,0x2b3a55,0x2b3a55,0x2b3a55,0x2b3a55,0x2b3a55,0x2b3a55,0x2b3a55,
    0x2b3a55,0x2b3a55,0x2b3a55,0x2b3a55,
    0x2b3a55,0x2b3a55,0x2b3a55,0x2b3a55,0x2b3a55,0x2b3a55,0x2b3a55,0x2b3a55,0x2b3a55,0x2b3a55,0x2b3a55,0x2b3a55,
    0x2b3a55,0x2b3a55,0x2b3a55,0x2b3a55,0x2b3a55,0x2b3a55,0x2b3a55,0x2b3a55,0x2b3a55,0x2b3a55,0x2b3a55,0x2b3a55,
    0x2b3a55,0x2b3a55,0x2b3a55,0x2b3a55,0x2b3a55,0x2b3a55,0x2b3a55,0x2b3a55,0x2b3a55,0x2b3a55,0x2b3a55,0x2b3a55,
    0x2b3a55,0x2b3a55,0x2b3a55,0x2b3a55,0x2b3a55,0x2b3a55,0x2b3a55,0x2b3a55,0x2b3a55,0x2d3c56,0x24334f,0x4a5871,
    0xf7f9fb,0xffffff,0xfefeff,0xffffff,0xffffff,0xffffff,0xffffff,0xffffff,0xffffff,0xffffff,0xffffff,0xffffff,
    0xffffff,0xffffff,0xffffff,0xffffff,0xffffff,0xffffff,0xffffff,0xffffff,0xffffff,0xffffff,0xffffff,0xffffff,
    0xfcfcfd,0xe1e7ef,0xeaeef5,0xe9edf4,0xe9edf4,0xe7ecf4,0xebeff4,0xf2f3f5,0xf2f3f5,0xebeff4,0xe7ecf4,0xe9edf4,
    0xe9edf4,0xeaeef5,0xe1e7ef,0xfcfcfd,0xffffff,0xffffff,0xffffff,0xffffff,0xffffff,0xffffff,0xffffff,0xffffff,
    0xffffff,0xffffff,0xffffff,0xffffff,0xffffff,0xffffff,0xffffff,0xffffff,0xffffff,0xffffff,0xffffff,0xffffff,
    0xffffff,0xfefeff,0xffffff,0xf7f9fb,0x4a5871,0x24334f,0x2d3c56,0x2b3a55,0x2b3a55,0x2b3a55,0x2b3a55,0x2b3a55,
    0x2b3a55,0x2b3a55,0x2b3a55,0x2b3a55,0x2b3a55,0x2b3a55,0x2b3a55,0x2b3a55,0x2b3a55,0x2b3a55,0x2b3a55,0x2b3a55,
    0x2b3a55,0x2b3a55,0x2b3a55,0x2b3a55,0x2b3a55,0x2b3a55,0x2b3a55,0x2b3a55,0x2b3a55,0x2b3a55,0x2b3a55,0x2b3a55,
    0x2b3a55,0x2b3a55,0x2b3a55,0x2b3a55,0x2b3a55,0x2b3a55,0x2b3a55,0x2b3a55,0x2b3a55,0x2b3a55,0x2b3a55,0x2b3a55,
    0x2b3a55,0x2b3a55,0x2b3a55,0x2b3a55,
    0x2b3a55,0x2b3a55,0x2b3a55,0x2b3a55,0x2b3a55,0x2b3a55,0x2b3a55,0x2b3a55,0x2b3a55,0x2b3a55,0x2b3a55,0x2b3a55,
    0x2b3a55,0x2b3a55,0x2b3a55,0x2b3a55,0x2b3a55,0x2b3a55,0x2b3a55,0x2b3a55,0x2b3a55,0x2b3a55,0x2b3a55,0x2b3a55,
    0x2b3a55,0x2b3a55,0x2b3a55,0x2b3a55,0x2b3a55,0x2b3a55,0x2b3a55,0x2b3a55,0x2b3a55,0x2b3a55,0x2b3a55,0x2b3a55,
    0x2b3a55,0x2b3a55,0x2b3a55,0x2b3a55,0x2b3a55,0x2b3a55,0x2b3a55,0x2b3a55,0x2b3a55,0x2d3c56,0x24334f,0x4a5871,
    0xf7f9fb,0xffffff,0xfefeff,0xffffff,0xffffff,0xffffff,0xffffff,0xffffff,0xffffff,0xffffff,0xffffff,0xffffff,
    0xffffff,0xffffff,0xffffff,0xffffff,0xffffff,0xffffff,0xffffff,0xffffff,0xffffff,0xffffff,0xffffff,0xffffff,
    0xffffff,0xf0f3f7,0xe0e6ee,0xebeef5,0xeaeef5,0xe9edf4,0xe8ecf4,0xe7ebf4,0xe7ebf4,0xe8ecf4,0xe9edf4,0xeaeef5,
    0xebeef5,0xe0e5ee,0xf0f3f7,0xffffff,0xfeffff,0xffffff,0xffffff,0xffffff,0xffffff,0xffffff,0xffffff,0xffffff,
    0xffffff,0xffffff,0xffffff,0xffffff,0xffffff,0xffffff,0xffffff,0xffffff,0xffffff,0xffffff,0xffffff,0xffffff,
    0xffffff,0xfefeff,0xffffff,0xf7f9fb,0x4a5871,0x24334f,0x2d3c56,0x2b3a55,0x2b3a55,0x2b3a55,0x2b3a55,0x2b3a55,
    0x2b3a55,0x2b3a55,0x2b3a55,0x2b3a55,0x2b3a55,0x2b3a55,0x2b3a55,0x2b3a55,0x2b3a55,0x2b3a55,0x2b3a55,0x2b3a55,
    0x2b3a55,0x2b3a55,0x2b3a55,0x2b3a55,0x2b3a55,0x2b3a55,0x2b3a55,0x2b3a55,0x2b3a55,0x2b3a55,0x2b3a55,0x2b3a55,
    0x2b3a55,0x2b3a55,0x2b3a55,0x2b3a55,0x2b3a55,0x2b3a55,0x2b3a55,0x2b3a55,0x2b3a55,0x2b3a55,0x2b3a55,0x2b3a55,
    0x2b3a55,0x2b3a55,0x2b3a55,0x2b3a55,
    0x2b3a55,0x2b3a55,0x2b3a55,0x2b3a55,0x2b3a55,0x2b3a55,0x2b3a55,0x2b3a55,0x2b3a55,0x2b3a55,0x2b3a55,0x2b3a55,
    0x2b3a55,0x2b3a55,0x2b3a55,0x2b3a55,0x2b3a55,0x2b3a55,0x2b3a55,0x2b3a55,0x2b3a55,0x2b3a55,0x2b3a55,0x2b3a55,
    0x2b3a55,0x2b3a55,0x2b3a55,0x2b3a55,0x2b3a55,0x2b3a55,0x2b3a55,0x2b3a55,0x2b3a55,0x2b3a55,0x2b3a55,0x2b3a55,
    0x2b3a55,0x2b3a55,0x2b3a55,0x2b3a55,0x2b3a55,0x2b3a55,0x2b3a55,0x2b3a55,0x2b3a55,0x2d3c56,0x24334f,0x4a5871,
    0xf7f9fb,0xffffff,0xfefeff,0xffffff,0xffffff,0xffffff,0xffffff,0xffffff,0xffffff,0xfefeff,0xfdfeff,0xfefeff,
    0xfefeff,0xfefeff,0xfefeff,0xfefeff,0xfefeff,0xfefeff,0xfefeff,0xfefeff,0xfefeff,0xfefeff,0xfefeff,0xfefeff,
    0xfefeff,0xffffff,0xeef1f6,0xdfe5ee,0xe4e9f2,0xe8ecf4,0xe9edf5,0xe9edf5,0xe9edf5,0xe9edf5,0xe8ecf4,0xe4e9f2,
    0xdfe5ee,0xeef1f6,0xffffff,0xfefeff,0xfefeff,0xfefeff,0xfefeff,0xfefeff,0xfefeff,0xfefeff,0xfefeff,0xfefeff,
    0xfefeff,0xfefeff,0xfefeff,0xfefeff,0xfefeff,0xfdfeff,0xfefeff,0xffffff,0xffffff,0xffffff,0xffffff,0xffffff,
    0xffffff,0xfefeff,0xffffff,0xf7f9fb,0x4a5871,0x24334f,0x2d3c56,0x2b3a55,0x2b3a55,0x2b3a55,0x2b3a55,0x2b3a55,
    0x2b3a55,0x2b3a55,0x2b3a55,0x2b3a55,0x2b3a55,0x2b3a55,0x2b3a55,0x2b3a55,0x2b3a55,0x2b3a55,0x2b3a55,0x2b3a55,
    0x2b3a55,0x2b3a55,0x2b3a55,0x2b3a55,0x2b3a55,0x2b3a55,0x2b3a55,0x2b3a55,0x2b3a55,0x2b3a55,0x2b3a55,0x2b3a55,
    0x2b3a55,0x2b3a55,0x2b3a55,0x2b3a55,0x2b3a55,0x2b3a55,0x2b3a55,0x2b3a55,0x2b3a55,0x2b3a55,0x2b3a55,0x2b3a55,
    0x2b3a55,0x2b3a55,0x2b3a55,0x2b3a55,
    0x2b3a55,0x2b3a55,0x2b3a55,0x2b3a55,0x2b3a55,0x2b3a55,0x2b3a55,0x2b3a55,0x2b3a55,0x2b3a55,0x2b3a55,0x2b3a55,
    0x2b3a55,0x2b3a55,0x2b3a55,0x2b3a55,0x2b3a55,0x2b3a55,0x2b3a55,0x2b3a55,0x2b3a55,0x2b3a55,0x2b3a55,0x2b3a55,
    0x2b3a55,0x2b3a55,0x2b3a55,0x2b3a55,0x2b3a55,0x2b3a55,0x2b3a55,0x2b3a55,0x2b3a55,0x2b3a55,0x2b3a55,0x2b3a55,
    0x2b3a55,0x2b3a55,0x2b3a55,0x2b3a55,0x2b3a55,0x2b3a55,0x2b3a55,0x2b3a55,0x2b3a55,0x2d3c56,0x24334f,0x4a5871,
    0xf7f9fb,0xffffff,0xfefeff,0xffffff,0xffffff,0xffffff,0xffffff,0xffffff,0xffffff,0xffffff,0xffffff,0xffffff,
    0xffffff,0xffffff,0xffffff,0xffffff,0xffffff,0xffffff,0xffffff,0xffffff,0xffffff,0xffffff,0xffffff,0xffffff,
    0xffffff,0xffffff,0xffffff,0xfdfdfb,0xeef0f3,0xe8ebf0,0xe7eaf0,0xe7ebf0,0xe7ebf0,0xe7eaf0,0xe8ebf0,0xeef0f3,
    0xfdfdfc,0xffffff,0xffffff,0xffffff,0xffffff,0xffffff,0xffffff,0xffffff,0xffffff,0xffffff,0xffffff,0xffffff,
    0xffffff,0xffffff,0xffffff,0xffffff,0xffffff,0xffffff,0xffffff,0xffffff,0xffffff,0xffffff,0xffffff,0xffffff,
    0xffffff,0xfefeff,0xffffff,0xf7f9fb,0x4a5871,0x24334f,0x2d3c56,0x2b3a55,0x2b3a55,0x2b3a55,0x2b3a55,0x2b3a55,
    0x2b3a55,0x2b3a55,0x2b3a55,0x2b3a55,0x2b3a55,0x2b3a55,0x2b3a55,0x2b3a55,0x2b3a55,0x2b3a55,0x2b3a55,0x2b3a55,
    0x2b3a55,0x2b3a55,0x2b3a55,0x2b3a55,0x2b3a55,0x2b3a55,0x2b3a55,0x2b3a55,0x2b3a55,0x2b3a55,0x2b3a55,0x2b3a55,
    0x2b3a55,0x2b3a55,0x2b3a55,0x2b3a55,0x2b3a55,0x2b3a55,0x2b3a55,0x2b3a55,0x2b3a55,0x2b3a55,0x2b3a55,0x2b3a55,
    0x2b3a55,0x2b3a55,0x2b3a55,0x2b3a55,
    0x2b3a55,0x2b3a55,0x2b3a55,0x2b3a55,0x2b3a55,0x2b3a55,0x2b3a55,0x2b3a55,0x2b3a55,0x2b3a55,0x2b3a55,0x2b3a55,
    0x2b3a55,0x2b3a55,0x2b3a55,0x2b3a55,0x2b3a55,0x2b3a55,0x2b3a55,0x2b3a55,0x2b3a55,0x2b3a55,0x2b3a55,0x2b3a55,
    0x2b3a55,0x2b3a55,0x2b3a55,0x2b3a55,0x2b3a55,0x2b3a55,0x2b3a55,0x2b3a55,0x2b3a55,0x2b3a55,0x2b3a55,0x2b3a55,
    0x2b3a55,0x2b3a55,0x2b3a55,0x2b3a55,0x2b3a55,0x2b3a55,0x2b3a55,0x2b3a55,0x2b3a55,0x2d3c56,0x24334f,0x4a5871,
    0xf7f9fb,0xffffff,0xfefeff,0xffffff,0xffffff,0xffffff,0xffffff,0xfefeff,0xffffff,0xe4ecfd,0xaec7f8,0xb1c9f8,
    0xb2caf8,0xb2caf8,0xb2caf8,0xb2caf8,0xb2caf8,0xb2caf8,0xb2caf8,0xb2caf8,0xb2caf8,0xb2caf8,0xb2caf8,0xb2caf8,
    0xb2caf8,0xb2caf8,0xb2c9f8,0xb3cbf9,0xb5ccfa,0xb1c8f7,0xabc4f4,0xa8c1f2,0xa8c1f2,0xabc4f4,0xb1c8f7,0xb5ccfa,
    0xb3cbf9,0xb2c9f8,0xb2caf8,0xb2caf8,0xb2caf8,0xb2caf8,0xb2caf8,0xb2caf8,0xb2caf8,0xb2caf8,0xb2caf8,0xb2caf8,
    0xb2caf8,0xb2caf8,0xb2caf8,0xb2caf8,0xb1c9f8,0xaec7f8,0xe4ecfd,0xffffff,0xfefeff,0xffffff,0xffffff,0xffffff,
    0xffffff,0xfefeff,0xffffff,0xf7f9fb,0x4a5871,0x24334f,0x2d3c56,0x2b3a55,0x2b3a55,0x2b3a55,0x2b3a55,0x2b3a55,
    0x2b3a55,0x2b3a55,0x2b3a55,0x2b3a55,0x2b3a55,0x2b3a55,0x2b3a55,0x2b3a55,0x2b3a55,0x2b3a55,0x2b3a55,0x2b3a55,
    0x2b3a55,0x2b3a55,0x2b3a55,0x2b3a55,0x2b3a55,0x2b3a55,0x2b3a55,0x2b3a55,0x2b3a55,0x2b3a55,0x2b3a55,0x2b3a55,
    0x2b3a55,0x2b3a55,0x2b3a55,0x2b3a55,0x2b3a55,0x2b3a55,0x2b3a55,0x2b3a55,0x2b3a55,0x2b3a55,0x2b3a55,0x2b3a55,
    0x2b3a55,0x2b3a55,0x2b3a55,0x2b3a55,
    0x2b3a55,0x2b3a55,0x2b3a55,0x2b3a55,0x2b3a55,0x2b3a55,0x2b3a55,0x2b3a55,0x2b3a55,0x2b3a55,0x2b3a55,0x2b3a55,
    0x2b3a55,0x2b3a55,0x2b3a55,0x2b3a55,0x2b3a55,0x2b3a55,0x2b3a55,0x2b3a55,0x2b3a55,0x2b3a55,0x2b3a55,0x2b3a55,
    0x2b3a55,0x2b3a55,0x2b3a55,0x2b3a55,0x2b3a55,0x2b3a55,0x2b3a55,0x2b3a55,0x2b3a55,0x2b3a55,0x2b3a55,0x2b3a55,
    0x2b3a55,0x2b3a55,0x2b3a55,0x2b3a55,0x2b3a55,0x2b3a55,0x2b3a55,0x2b3a55,0x2b3a55,0x2d3c56,0x24334f,0x4a5871,
    0xf7f9fb,0xffffff,0xfefeff,0xffffff,0xffffff,0xffffff,0xffffff,0xfdfeff,0xffffff,0xaec7f8,0xe4edfd,0xf6f9fe,
    0xf5f8fd,0xf5f8fd,0xf5f7fd,0xf4f7fd,0xf6f8fe,0xf6f9fe,0xf6f9fe,0xf6f9fe,0xf6f9fe,0xf6f9fe,0xf6f9fe,0xf6f9fe,
    0xf6f9fe,0xf6f9fe,0xf6f9fe,0xf6f9fe,0xf6f8fe,0xf6f9fe,0xf8faff,0xf8fbff,0xf8fbff,0xf8faff,0xf6f9fe,0xf6f8fe,
    0xf6f9fe,0xf6f9fe,0xf6f9fe,0xf6f9fe,0xf6f9fe,0xf6f9fe,0xf6f9fe,0xf6f9fe,0xf6f9fe,0xf6f9fe,0xf6f9fe,0xf6f9fe,
    0xf6f9fe,0xf6f9fe,0xf6f9fe,0xf6f9fe,0xf6f9fe,0xe4edfd,0xaec7f8,0xffffff,0xfdfeff,0xffffff,0xffffff,0xffffff,
    0xffffff,0xfefeff,0xffffff,0xf7f9fb,0x4a5871,0x24334f,0x2d3c56,0x2b3a55,0x2b3a55,0x2b3a55,0x2b3a55,0x2b3a55,
    0x2b3a55,0x2b3a55,0x2b3a55,0x2b3a55,0x2b3a55,0x2b3a55,0x2b3a55,0x2b3a55,0x2b3a55,0x2b3a55,0x2b3a55,0x2b3a55,
    0x2b3a55,0x2b3a55,0x2b3a55,0x2b3a55,0x2b3a55,0x2b3a55,0x2b3a55,0x2b3a55,0x2b3a55,0x2b3a55,0x2b3a55,0x2b3a55,
    0x2b3a55,0x2b3a55,0x2b3a55,0x2b3a55,0x2b3a55,0x2b3a55,0x2b3a55,0x2b3a55,0x2b3a55,0x2b3a55,0x2b3a55,0x2b3a55,
    0x2b3a55,0x2b3a55,0x2b3a55,0x2b3a55,
    0x2b3a55,0x2b3a55,0x2b3a55,0x2b3a55,0x2b3a55,0x2b3a55,0x2b3a55,0x2b3a55,0x2b3a55,0x2b3a55,0x2b3a55,0x2b3a55,
    0x2b3a55,0x2b3a55,0x2b3a55,0x2b3a55,0x2b3a55,0x2b3a55,0x2b3a55,0x2b3a55,0x2b3a55,0x2b3a55,0x2b3a55,0x2b3a55,
    0x2b3a55,0x2b3a55,0x2b3a55,0x2b3a55,0x2b3a54,0x2b3a54,0x2b3a55,0x2b3a55,0x2b3a55,0x2b3a55,0x2b3a55,0x2b3a55,
    0x2b3a55,0x2b3a55,0x2b3a55,0x2b3a55,0x2b3a55,0x2b3a55,0x2b3a55,0x2b3a55,0x2b3a55,0x2d3c56,0x24334f,0x4a5871,
    0xf7f9fb,0xffffff,0xfefeff,0xffffff,0xffffff,0xffffff,0xffffff,0xfefeff,0xffffff,0xb6ccf8,0xfbfdfe,0xffffff,
    0xffffff,0xffffff,0xffffff,0xffffff,0xffffff,0xffffff,0xffffff,0xffffff,0xffffff,0xffffff,0xffffff,0xffffff,
    0xffffff,0xffffff,0xffffff,0xffffff,0xffffff,0xffffff,0xffffff,0xffffff,0xffffff,0xffffff,0xffffff,0xffffff,
    0xffffff,0xffffff,0xffffff,0xffffff,0xffffff,0xffffff,0xffffff,0xffffff,0xffffff,0xffffff,0xffffff,0xffffff,
    0xffffff,0xffffff,0xffffff,0xffffff,0xffffff,0xfbfdfe,0xb6ccf8,0xffffff,0xfefeff,0xffffff,0xffffff,0xffffff,
    0xffffff,0xfefeff,0xffffff,0xf7f9fb,0x4a5871,0x24334f,0x2d3c56,0x2b3a55,0x2b3a55,0x2b3a55,0x2b3a55,0x2b3a55,
    0x2b3a55,0x2b3a55,0x2b3a55,0x2b3a55,0x2b3a55,0x2b3a55,0x2b3a55,0x2b3a55,0x2b3a55,0x2b3a55,0x2b3a55,0x2b3a55,
    0x2b3a55,0x2b3a55,0x2b3a55,0x2b3a55,0x2b3a55,0x2b3a55,0x2b3a55,0x2b3a55,0x2b3a55,0x2b3a55,0x2b3a55,0x2b3a55,
    0x2b3a55,0x2b3a55,0x2b3a55,0x2b3a55,0x2b3a55,0x2b3a55,0x2b3a55,0x2b3a55,0x2b3a55,0x2b3a55,0x2b3a55,0x2b3a55,
    0x2b3a55,0x2b3a55,0x2b3a55,0x2b3a55,
    0x2b3a55,0x2b3a55,0x2b3a55,0x2b3a55,0x2b3a55,0x2b3a55,0x2b3a55,0x2b3a55,0x2b3a55,0x2b3a55,0x2b3a55,0x2b3a55,
    0x2b3a55,0x2b3a55,0x2b3a55,0x2b3a55,0x2b3a55,0x2b3a55,0x2b3a55,0x2b3a55,0x2b3a55,0x2b3a55,0x2b3a55,0x2b3a55,
    0x2b3a55,0x2b3a55,0x2b3a55,0x2b3954,0x2f4162,0x2d3e5c,0x2a3953,0x2b3a55,0x2b3a55,0x2b3a55,0x2b3a55,0x2b3a55,
    0x2b3a55,0x2b3a55,0x2b3a55,0x2b3a55,0x2b3a55,0x2b3a55,0x2b3a55,0x2b3a55,0x2b3a55,0x2d3c56,0x24334f,0x4a5871,
    0xf7f9fb,0xffffff,0xfefeff,0xffffff,0xffffff,0xffffff,0xffffff,0xfefeff,0xffffff,0xb5cbf8,0xf7fafe,0xfffffe,
    0xe6e7e7,0xdbdbdc,0xd2d3d3,0xcdcdcd,0xeeeeef,0xffffff,0xfefefe,0xffffff,0xffffff,0xffffff,0xffffff,0xffffff,
    0xffffff,0xffffff,0xffffff,0xffffff,0xffffff,0xffffff,0xffffff,0xffffff,0xffffff,0xffffff,0xffffff,0xffffff,
    0xffffff,0xffffff,0xffffff,0xffffff,0xffffff,0xffffff,0xffffff,0xffffff,0xffffff,0xffffff,0xffffff,0xffffff,
    0xffffff,0xffffff,0xffffff,0xffffff,0xffffff,0xf6fafe,0xb5cbf8,0xffffff,0xfefeff,0xffffff,0xffffff,0xffffff,
    0xffffff,0xfefeff,0xffffff,0xf7f9fb,0x4a5871,0x24334f,0x2d3c56,0x2b3a55,0x2b3a55,0x2b3a55,0x2b3a55,0x2b3a55,
    0x2b3a55,0x2b3a55,0x2b3a55,0x2b3a55,0x2b3a55,0x2b3a55,0x2b3a55,0x2b3a55,0x2b3a55,0x2b3a55,0x2b3a55,0x2b3a55,
    0x2b3a55,0x2b3a55,0x2b3a55,0x2b3a55,0x2b3a55,0x2b3a55,0x2b3a55,0x2b3a55,0x2b3a55,0x2b3a55,0x2b3a55,0x2b3a55,
    0x2b3a55,0x2b3a55,0x2b3a55,0x2b3a55,0x2b3a55,0x2b3a55,0x2b3a55,0x2b3a55,0x2b3a55,0x2b3a55,0x2b3a55,0x2b3a55,
    0x2b3a55,0x2b3a55,0x2b3a55,0x2b3a55,
    0x2b3a55,0x2b3a55,0x2b3a55,0x2b3a55,0x2b3a55,0x2b3a55,0x2b3a55,0x2b3a55,0x2b3a55,0x2b3a55,0x2b3a55,0x2b3a55,
    0x2b3a55,0x2b3a55,0x2b3a55,0x2b3a55,0x2b3a55,0x2b3a55,0x2b3a55,0x2b3a55,0x2b3a55,0x2b3a55,0x2b3a55,0x2b3a55,
    0x2b3a55,0x2b3a55,0x2b3953,0x2e3f60,0x32466d,0x32456b,0x2c3c5a,0x2b3954,0x2b3a55,0x2b3a55,0x2b3a55,0x2b3a55,
    0x2b3a55,0x2b3a55,0x2b3a55,0x2b3a55,0x2b3a55,0x2b3a55,0x2b3a55,0x2b3a55,0x2b3a55,0x2d3c56,0x24334f,0x4a5871,
    0xf7f9fb,0xffffff,0xfefeff,0xffffff,0xffffff,0xffffff,0xffffff,0xfefeff,0xffffff,0xb5cbf8,0xf6f9fe,0xffffff,
    0xc2c3c4,0xb7b7b9,0xa8a9aa,0xb8b8b9,0xf3f3f3,0xffffff,0xfefefe,0xffffff,0xffffff,0xffffff,0xffffff,0xffffff,
    0xffffff,0xffffff,0xffffff,0xffffff,0xffffff,0xffffff,0xffffff,0xffffff,0xffffff,0xffffff,0xffffff,0xffffff,
    0xffffff,0xffffff,0xffffff,0xffffff,0xffffff,0xffffff,0xffffff,0xffffff,0xffffff,0xffffff,0xffffff,0xffffff,
    0xffffff,0xffffff,0xffffff,0xffffff,0xffffff,0xf7fafe,0xb5cbf8,0xffffff,0xfefeff,0xffffff,0xffffff,0xffffff,
    0xffffff,0xfefeff,0xffffff,0xf7f9fb,0x4a5871,0x24334f,0x2d3c56,0x2b3a55,0x2b3a55,0x2b3a55,0x2b3a55,0x2b3a55,
    0x2b3a55,0x2b3a55,0x2b3a55,0x2b3a55,0x2b3a55,0x2b3a55,0x2b3a55,0x2b3a55,0x2b3a55,0x2b3a55,0x2b3a55,0x2b3a55,
    0x2b3a55,0x2b3a55,0x2b3a55,0x2b3a55,0x2b3a55,0x2b3a55,0x2b3a55,0x2b3a55,0x2b3a55,0x2b3a55,0x2b3a55,0x2b3a55,
    0x2b3a55,0x2b3a55,0x2b3a55,0x2b3a55,0x2b3a55,0x2b3a55,0x2b3a55,0x2b3a55,0x2b3a55,0x2b3a55,0x2b3a55,0x2b3a55,
    0x2b3a55,0x2b3a55,0x2b3a55,0x2b3954,
    0x2b3a55,0x2b3a55,0x2b3a55,0x2b3a55,0x2b3a55,0x2b3a55,0x2b3a55,0x2b3a55,0x2b3a55,0x2b3a55,0x2b3a55,0x2b3a55,
    0x2b3a55,0x2b3a55,0x2b3a55,0x2b3a55,0x2b3a55,0x2b3a55,0x2b3a55,0x2b3a55,0x2b3a55,0x2b3a55,0x2b3a55,0x2b3a55,
    0x2b3a55,0x2b3953,0x2d3e5d,0x32466c,0x32456b,0x32456c,0x32456a,0x2c3c58,0x2b3954,0x2b3a55,0x2b3a55,0x2b3a55,
    0x2b3a55,0x2b3a55,0x2b3a55,0x2b3a55,0x2b3a55,0x2b3a55,0x2b3a55,0x2b3a55,0x2b3a55,0x2d3c56,0x24334f,0x4a5871,
    0xf7f9fb,0xffffff,0xfefeff,0xffffff,0xffffff,0xffffff,0xffffff,0xfefeff,0xffffff,0xb6ccf8,0xf5f9fe,0xfdfdff,
    0xffffff,0xffffff,0xffffff,0xffffff,0xfeffff,0xfdfdff,0xfdfeff,0xfdfdff,0xfdfdff,0xfdfdff,0xfdfdff,0xfdfdff,
    0xfdfdff,0xfdfdff,0xfdfdff,0xfdfdff,0xfdfdff,0xfdfdff,0xfdfdff,0xfdfdff,0xfdfdff,0xfdfdff,0xfdfdff,0xfdfdff,
    0xfdfdff,0xfdfdff,0xfdfdff,0xfdfdff,0xfdfdff,0xfdfdff,0xfdfdff,0xfdfdff,0xfdfdff,0xfdfdff,0xfdfdff,0xfdfdff,
    0xfdfdff,0xfdfdff,0xfdfdff,0xfdfdff,0xfdfdff,0xf5f9fe,0xb6ccf8,0xffffff,0xfefeff,0xffffff,0xffffff,0xffffff,
    0xffffff,0xfefeff,0xffffff,0xf7f9fb,0x4a5871,0x24334f,0x2d3c56,0x2b3a55,0x2b3a55,0x2b3a55,0x2b3a55,0x2b3a55,
    0x2b3a55,0x2b3a55,0x2b3a55,0x2b3a55,0x2b3a55,0x2b3a55,0x2b3a55,0x2b3a55,0x2b3a55,0x2b3a55,0x2b3a55,0x2b3a55,
    0x2b3a55,0x2b3a55,0x2b3a55,0x2b3a55,0x2b3a55,0x2b3a55,0x2b3a55,0x2b3a55,0x2b3a55,0x2b3a55,0x2b3a55,0x2b3a55,
    0x2b3a55,0x2b3a55,0x2b3a55,0x2b3a55,0x2b3a55,0x2b3a55,0x2b3a55,0x2b3a55,0x2b3a55,0x2b3a55,0x2b3a55,0x2b3a55,
    0x2b3a55,0x2b3a55,0x2b3954,0x2d3d5b,
    0x2b3a55,0x2b3a55,0x2b3a55,0x2b3a55,0x2b3a55,0x2b3a55,0x2b3a55,0x2b3a55,0x2b3a55,0x2b3a55,0x2b3a55,0x2b3a55,
    0x2b3a55,0x2b3a55,0x2b3a55,0x2b3a55,0x2b3a55,0x2b3a55,0x2b3a55,0x2b3a55,0x2b3a55,0x2b3a55,0x2b3a55,0x2b3a55,
    0x2b3954,0x2d3c5a,0x32456b,0x32456b,0x32456b,0x32456b,0x32456c,0x314469,0x2c3b57,0x2b3954,0x2b3a55,0x2b3a55,
    0x2b3a55,0x2b3a55,0x2b3a55,0x2b3a55,0x2b3a55,0x2b3a55,0x2b3a55,0x2b3a55,0x2b3a55,0x2d3c56,0x24334f,0x4a5871,
    0xf7f9fb,0xffffff,0xfefeff,0xffffff,0xffffff,0xffffff,0xffffff,0xfefeff,0xffffff,0xb0c8f8,0xfeffff,0xffffff,
    0xedf3fe,0xe7eefd,0xebf1fd,0xffffff,0xffffff,0xffffff,0xffffff,0xffffff,0xffffff,0xffffff,0xffffff,0xffffff,
    0xffffff,0xffffff,0xffffff,0xffffff,0xffffff,0xffffff,0xffffff,0xffffff,0xffffff,0xffffff,0xffffff,0xffffff,
    0xffffff,0xffffff,0xffffff,0xffffff,0xffffff,0xffffff,0xffffff,0xffffff,0xffffff,0xffffff,0xffffff,0xffffff,
    0xffffff,0xffffff,0xffffff,0xffffff,0xffffff,0xfeffff,0xb0c8f8,0xffffff,0xfefeff,0xffffff,0xffffff,0xffffff,
    0xffffff,0xfefeff,0xffffff,0xf7f9fb,0x4a5871,0x24334f,0x2d3c56,0x2b3a55,0x2b3a55,0x2b3a55,0x2b3a55,0x2b3a55,
    0x2b3a55,0x2b3a55,0x2b3a55,0x2b3a55,0x2b3a55,0x2b3a55,0x2b3a55,0x2b3a55,0x2b3a55,0x2b3a55,0x2b3a55,0x2b3a55,
    0x2b3a55,0x2b3a55,0x2b3a55,0x2b3a55,0x2b3a55,0x2b3a55,0x2b3a55,0x2b3a55,0x2b3a55,0x2b3a55,0x2b3a55,0x2b3a55,
    0x2b3a55,0x2b3a55,0x2b3a55,0x2b3a55,0x2b3a55,0x2b3a55,0x2b3a55,0x2b3a55,0x2b3a55,0x2b3a55,0x2b3a55,0x2b3a55,
    0x2b3953,0x2b3a56,0x2f4163,0x32456c,
    0x2b3a55,0x2b3a55,0x2b3a55,0x2b3a55,0x2b3a55,0x2b3a55,0x2b3a55,0x2b3a55,0x2b3a55,0x2b3a55,0x2b3a55,0x2b3a55,
    0x2b3a55,0x2b3a55,0x2b3a55,0x2b3a55,0x2b3a55,0x2b3a55,0x2b3a55,0x2b3a55,0x2b3a55,0x2b3a55,0x2b3a55,0x2b3954,
    0x2c3b58,0x31446a,0x32456c,0x32456b,0x32456b,0x32456b,0x32456b,0x32466c,0x314468,0x2c3b56,0x2b3a54,0x2b3a55,
    0x2b3a55,0x2b3a55,0x2b3a55,0x2b3a55,0x2b3a55,0x2b3a55,0x2b3a55,0x2b3a55,0x2b3a55,0x2d3c56,0x24334f,0x4a5871,
    0xf7f9fb,0xffffff,0xfefeff,0xffffff,0xffffff,0xffffff,0xffffff,0xfdfeff,0xffffff,0xc6d8fa,0xadc6f8,0xbdd2f9,
    0xa8c3f7,0xa4c0f7,0xa7c2f7,0xbbd0f9,0xbdd1f9,0xbdd1f9,0xbdd1f9,0xbdd1f9,0xbdd1f9,0xbdd1f9,0xbdd1f9,0xbdd1f9,
    0xbdd1f9,0xbdd1f9,0xbdd1f9,0xbdd1f9,0xbdd1f9,0xbdd1f9,0xbdd1f9,0xbdd1f9,0xbdd1f9,0xbdd1f9,0xbdd1f9,0xbdd1f9,
    0xbdd1f9,0xbdd1f9,0xbdd1f9,0xbdd1f9,0xbdd1f9,0xbdd1f9,0xbdd1f9,0xbdd1f9,0xbdd1f9,0xbdd1f9,0xbdd1f9,0xbdd1f9,
    0xbdd1f9,0xbdd1f9,0xbdd1f9,0xbdd1f9,0xbdd2f9,0xadc6f8,0xc6d8fa,0xffffff,0xfdfeff,0xffffff,0xffffff,0xffffff,
    0xffffff,0xfefeff,0xffffff,0xf7f9fb,0x4a5871,0x24334f,0x2d3c56,0x2b3a55,0x2b3a55,0x2b3a55,0x2b3a55,0x2b3a55,
    0x2b3a55,0x2b3a55,0x2b3a55,0x2b3a55,0x2b3a55,0x2b3a55,0x2b3a55,0x2b3a55,0x2b3a55,0x2b3a55,0x2b3a55,0x2b3a55,
    0x2b3a55,0x2b3a55,0x2b3a55,0x2b3a55,0x2b3a55,0x2b3a55,0x2b3a55,0x2b3a55,0x2b3a55,0x2b3a55,0x2b3a55,0x2b3a55,
    0x2b3a55,0x2b3a55,0x2b3a55,0x2b3a55,0x2b3a55,0x2b3a55,0x2b3a55,0x2b3a55,0x2b3a55,0x2b3a55,0x2b3a54,0x2b3954,
    0x2d3e5c,0x314469,0x32466d,0x32456b,
    0x2b3a55,0x2b3a55,0x2b3a55,0x2b3a55,0x2b3a55,0x2b3a55,0x2b3a55,0x2b3a55,0x2b3a55,0x2b3a55,0x2b3a55,0x2b3a55,
    0x2b3a55,0x2b3a55,0x2b3a55,0x2b3a55,0x2b3a55,0x2b3a55,0x2b3a55,0x2b3a55,0x2b3a55,0x2b3a55,0x2b3a54,0x2b3a56,
    0x314368,0x32466c,0x32456b,0x32456b,0x32456b,0x32456b,0x32456b,0x32456b,0x32466c,0x314367,0x2b3a55,0x2b3a54,
    0x2b3a55,0x2b3a55,0x2b3a55,0x2b3a55,0x2b3a55,0x2b3a55,0x2b3a55,0x2b3a55,0x2b3a55,0x2d3c56,0x24334f,0x4a5871,
    0xf7f9fb,0xffffff,0xfefeff,0xffffff,0xffffff,0xffffff,0xffffff,0xffffff,0xffffff,0xffffff,0xe9f0fd,0xe2ebfc,
    0xe7effd,0xe8effd,0xe8effd,0xe3ebfc,0xe3ebfc,0xe3ebfc,0xe3ebfc,0xe3ebfc,0xe3ebfc,0xe3ebfc,0xe3ebfc,0xe3ebfc,
    0xe3ebfc,0xe3ebfc,0xe3ebfc,0xe3ebfc,0xe3ebfc,0xe3ebfc,0xe3ebfc,0xe3ebfc,0xe3ebfc,0xe3ebfc,0xe3ebfc,0xe3ebfc,
    0xe3ebfc,0xe3ebfc,0xe3ebfc,0xe3ebfc,0xe3ebfc,0xe3ebfc,0xe3ebfc,0xe3ebfc,0xe3ebfc,0xe3ebfc,0xe3ebfc,0xe3ebfc,
    0xe3ebfc,0xe3ebfc,0xe3ebfc,0xe3ebfc,0xe2ebfc,0xe9f0fd,0xffffff,0xffffff,0xffffff,0xffffff,0xffffff,0xffffff,
    0xffffff,0xfefeff,0xffffff,0xf7f9fb,0x4a5871,0x24334f,0x2d3c56,0x2b3a55,0x2b3a55,0x2b3a55,0x2b3a55,0x2b3a55,
    0x2b3a55,0x2b3a55,0x2b3a55,0x2b3a55,0x2b3a55,0x2b3a55,0x2b3a55,0x2b3a55,0x2b3a55,0x2b3a55,0x2b3a55,0x2b3a55,
    0x2b3a55,0x2b3a55,0x2b3a55,0x2b3a55,0x2b3a55,0x2b3a55,0x2b3a55,0x2b3a55,0x2b3a55,0x2b3a55,0x2b3a55,0x2b3a55,
    0x2b3a55,0x2b3a55,0x2b3a55,0x2b3a55,0x2b3a55,0x2b3a55,0x2b3a55,0x2b3a55,0x2b3a55,0x2b3953,0x2c3b57,0x2f4163,
    0x32466c,0x32456c,0x32456b,0x32456b,
    0x2b3a55,0x2b3a55,0x2b3a55,0x2b3a55,0x2b3a55,0x2b3a55,0x2b3a55,0x2b3a55,0x2b3a55,0x2b3a55,0x2b3a55,0x2b3a55,
    0x2b3a55,0x2b3a55,0x2b3a55,0x2b3a55,0x2b3a55,0x2b3a55,0x2b3a55,0x2b3a55,0x2b3a55,0x2b3a55,0x2b3a54,0x304265,
    0x32466c,0x32456b,0x32456b,0x32456b,0x32456b,0x32456b,0x32456b,0x32456b,0x32456b,0x32466c,0x304266,0x2b3a55,
    0x2b3a55,0x2b3a55,0x2b3a55,0x2b3a55,0x2b3a55,0x2b3a55,0x2b3a55,0x2b3a55,0x2b3a55,0x2d3c56,0x24334f,0x4a5871,
    0xf7f9fb,0xffffff,0xfefeff,0xffffff,0xffffff,0xffffff,0xffffff,0xffffff,0xffffff,0xffffff,0xffffff,0xffffff,
    0xffffff,0xffffff,0xffffff,0xffffff,0xffffff,0xffffff,0xffffff,0xffffff,0xffffff,0xffffff,0xffffff,0xffffff,
    0xffffff,0xffffff,0xffffff,0xffffff,0xffffff,0xffffff,0xffffff,0xffffff,0xffffff,0xffffff,0xffffff,0xffffff,
    0xffffff,0xffffff,0xffffff,0xffffff,0xffffff,0xffffff,0xffffff,0xffffff,0xffffff,0xffffff,0xffffff,0xffffff,
    0xffffff,0xffffff,0xffffff,0xffffff,0xffffff,0xffffff,0xffffff,0xffffff,0xffffff,0xffffff,0xffffff,0xffffff,
    0xffffff,0xfefeff,0xffffff,0xf7f9fb,0x4a5871,0x24334f,0x2d3c56,0x2b3a55,0x2b3a55,0x2b3a55,0x2b3a55,0x2b3a55,
    0x2b3a55,0x2b3a55,0x2b3a55,0x2b3a55,0x2b3a55,0x2b3a55,0x2b3a55,0x2b3a55,0x2b3a55,0x2b3a55,0x2b3a55,0x2b3a55,
    0x2b3a55,0x2b3a55,0x2b3a55,0x2b3a55,0x2b3a55,0x2b3a55,0x2b3a55,0x2b3a55,0x2b3a55,0x2b3a55,0x2b3a55,0x2b3a55,
    0x2b3a55,0x2b3a55,0x2b3a55,0x2b3a55,0x2b3a55,0x2b3a55,0x2b3a55,0x2b3a54,0x2b3954,0x2e3e5d,0x31446a,0x32466d,
    0x32456b,0x32456b,0x32456b,0x32456b,
    0x2b3a55,0x2b3a55,0x2b3a55,0x2b3a55,0x2b3a55,0x2b3a55,0x2b3a55,0x2b3a55,0x2b3a55,0x2b3a55,0x2b3a55,0x2b3a55,
    0x2b3a55,0x2b3a55,0x2b3a55,0x2b3a55,0x2b3a55,0x2b3a55,0x2b3a55,0x2b3a55,0x2b3a55,0x2b3954,0x2f4163,0x32466d,
    0x32456b,0x32456b,0x32456b,0x32456b,0x32456b,0x32456b,0x32456b,0x32456b,0x32456b,0x32456b,0x32466d,0x304264,
    0x2b3a54,0x2b3a55,0x2b3a55,0x2b3a55,0x2b3a55,0x2b3a55,0x2b3a55,0x2b3a55,0x2b3a55,0x2d3c56,0x24334f,0x4a5871,
    0xf7f9fb,0xffffff,0xfefeff,0xffffff,0xffffff,0xffffff,0xffffff,0xffffff,0xffffff,0xfdfdfe,0xf1f4f8,0xf1f3f7,
    0xf1f3f7,0xf1f3f7,0xf1f3f7,0xf1f3f7,0xf1f3f7,0xf1f3f7,0xf1f3f7,0xf1f3f7,0xf1f3f7,0xf1f3f7,0xf1f3f7,0xf1f3f7,
    0xf1f3f7,0xf1f3f7,0xf1f3f7,0xf1f3f7,0xf1f3f7,0xf1f3f7,0xf1f3f7,0xf1f3f7,0xf1f3f7,0xf1f3f7,0xf1f3f7,0xf1f3f7,
    0xf1f3f7,0xf1f3f7,0xf1f3f7,0xf1f3f7,0xf1f3f7,0xf1f3f7,0xf1f3f7,0xf1f3f7,0xf1f3f7,0xf1f3f7,0xf1f3f7,0xf1f3f7,
    0xf1f3f7,0xf1f3f7,0xf1f3f7,0xf1f3f7,0xf1f3f7,0xf1f4f8,0xfdfdfe,0xffffff,0xffffff,0xffffff,0xffffff,0xffffff,
    0xffffff,0xfefeff,0xffffff,0xf7f9fb,0x4a5871,0x24334f,0x2d3c56,0x2b3a55,0x2b3a55,0x2b3a55,0x2b3a55,0x2b3a55,
    0x2b3a55,0x2b3a55,0x2b3a55,0x2b3a55,0x2b3a55,0x2b3a55,0x2b3a55,0x2b3a55,0x2b3a55,0x2b3a55,0x2b3a55,0x2b3a55,
    0x2b3a55,0x2b3a55,0x2b3a55,0x2b3a55,0x2b3a55,0x2b3a55,0x2b3a55,0x2b3a55,0x2b3a55,0x2b3a55,0x2b3a55,0x2b3a55,
    0x2b3a55,0x2b3a55,0x2b3a55,0x2b3a55,0x2b3a55,0x2b3a55,0x2b3953,0x2c3b58,0x304265,0x32466d,0x32456b,0x32456b,
    0x32456b,0x32456b,0x32456b,0x32456b,
    0x2b3a55,0x2b3a55,0x2b3a55,0x2b3a55,0x2b3a55,0x2b3a55,0x2b3a55,0x2b3a55,0x2b3a55,0x2b3a55,0x2b3a55,0x2b3a55,
    0x2b3a55,0x2b3a55,0x2b3a55,0x2b3a55,0x2b3a55,0x2b3a55,0x2b3a55,0x2b3a55,0x2b3953,0x2e3f5f,0x32466d,0x32456b,
    0x32456b,0x32456b,0x32456b,0x32456b,0x32456b,0x32456b,0x32456b,0x32456b,0x32456b,0x32456b,0x32456b,0x32466d,
    0x304163,0x2b3954,0x2b3a55,0x2b3a55,0x2b3a55,0x2b3a55,0x2b3a55,0x2b3a55,0x2b3a55,0x2d3c56,0x24334f,0x4a5871,
    0xf7f9fb,0xffffff,0xfefeff,0xffffff,0xffffff,0xffffff,0xffffff,0xffffff,0xffffff,0xf0f2f6,0xf5f7fa,0xfafafc,
    0xf9fafb,0xf9fafb,0xf9fafb,0xf9fafb,0xf9fafb,0xf9fafb,0xf9fafb,0xf9fafc,0xfafbfc,0xfafbfc,0xfafbfc,0xfafbfc,
    0xfafbfc,0xfafbfc,0xfafbfc,0xfafbfc,0xfafbfc,0xfafbfc,0xfafbfc,0xfafbfc,0xfafbfc,0xfafbfc,0xfafbfc,0xfafbfc,
    0xfafbfc,0xfafbfc,0xfafbfc,0xfafbfc,0xfafbfc,0xfafbfc,0xfafbfc,0xfafbfc,0xfafbfc,0xfafbfc,0xfafbfc,0xfafbfc,
    0xfafbfc,0xfafbfc,0xfafbfc,0xfafbfc,0xfafafc,0xf5f7fa,0xf0f2f6,0xffffff,0xffffff,0xffffff,0xffffff,0xffffff,
    0xffffff,0xfefeff,0xffffff,0xf7f9fb,0x4a5871,0x24334f,0x2d3c56,0x2b3a55,0x2b3a55,0x2b3a55,0x2b3a55,0x2b3a55,
    0x2b3a55,0x2b3a55,0x2b3a55,0x2b3a55,0x2b3a55,0x2b3a55,0x2b3a55,0x2b3a55,0x2b3a55,0x2b3a55,0x2b3a55,0x2b3a55,
    0x2b3a55,0x2b3a55,0x2b3a55,0x2b3a55,0x2b3a55,0x2b3a55,0x2b3a55,0x2b3a55,0x2b3a55,0x2b3a55,0x2b3a55,0x2b3a55,
    0x2b3a55,0x2b3a55,0x2b3a55,0x2b3a55,0x2b3a54,0x2b3954,0x2e3e5e,0x32456b,0x32466d,0x32456b,0x32456b,0x32456b,
    0x32456b,0x32456b,0x32456b,0x32456b,
    0x2b3a55,0x2b3a55,0x2b3a55,0x2b3a55,0x2b3a55,0x2b3a55,0x2b3a55,0x2b3a55,0x2b3a55,0x2b3a55,0x2b3a55,0x2b3a55,
    0x2b3a55,0x2b3a55,0x2b3a55,0x2b3a55,0x2b3a55,0x2b3a55,0x2b3a55,0x2b3953,0x2d3e5d,0x32466c,0x32456b,0x32456b,
    0x32456b,0x32456b,0x32456b,0x32456b,0x32456b,0x32456b,0x32456b,0x32456b,0x32456b,0x32456b,0x32456b,0x32456b,
    0x32466d,0x2f4061,0x2b3954,0x2b3a55,0x2b3a55,0x2b3a55,0x2b3a55,0x2b3a55,0x2b3a55,0x2d3c56,0x24334f,0x4a5871,
    0xf7f9fb,0xffffff,0xfefeff,0xffffff,0xffffff,0xffffff,0xffffff,0xffffff,0xffffff,0xf0f3f7,0xfeffff,0xffffff,
    0xffffff,0xffffff,0xffffff,0xffffff,0xffffff,0xffffff,0xffffff,0xffffff,0xffffff,0xffffff,0xffffff,0xffffff,
    0xffffff,0xffffff,0xffffff,0xffffff,0xffffff,0xffffff,0xffffff,0xffffff,0xffffff,0xffffff,0xffffff,0xffffff,
    0xffffff,0xffffff,0xffffff,0xffffff,0xffffff,0xffffff,0xffffff,0xffffff,0xffffff,0xffffff,0xffffff,0xffffff,
    0xffffff,0xffffff,0xffffff,0xffffff,0xffffff,0xfeffff,0xf0f3f7,0xffffff,0xffffff,0xffffff,0xffffff,0xffffff,
    0xffffff,0xfefeff,0xffffff,0xf7f9fb,0x4a5871,0x24334f,0x2d3c56,0x2b3a55,0x2b3a55,0x2b3a55,0x2b3a55,0x2b3a55,
    0x2b3a55,0x2b3a55,0x2b3a55,0x2b3a55,0x2b3a55,0x2b3a55,0x2b3a55,0x2b3a55,0x2b3a55,0x2b3a55,0x2b3a55,0x2b3a55,
    0x2b3a55,0x2b3a55,0x2b3a55,0x2b3a55,0x2b3a55,0x2b3a55,0x2b3a55,0x2b3a55,0x2b3a55,0x2b3a55,0x2b3a55,0x2b3a55,
    0x2b3a55,0x2b3a55,0x2b3a55,0x2b3953,0x2c3c58,0x304266,0x32466d,0x32456b,0x32456b,0x32456b,0x32456b,0x32456b,
    0x32456b,0x32456b,0x32456b,0x32456b,
    0x2b3a55,0x2b3a55,0x2b3a55,0x2b3a55,0x2b3a55,0x2b3a55,0x2b3a55,0x2b3a55,0x2b3a55,0x2b3a55,0x2b3a55,0x2b3a55,
    0x2b3a55,0x2b3a55,0x2b3a55,0x2b3a55,0x2b3a55,0x2b3a55,0x2b3954,0x2d3c5a,0x32456b,0x32456b,0x32456b,0x32456b,
    0x32456b,0x32456b,0x32456b,0x32456b,0x32456b,0x32456b,0x32456b,0x32456b,0x32456b,0x32456b,0x32456b,0x32456b,
    0x32456b,0x32466d,0x2e3f60,0x2b3953,0x2b3a55,0x2b3a55,0x2b3a55,0x2b3a55,0x2b3a55,0x2d3c56,0x24334f,0x4a5871,
    0xf7f9fb,0xffffff,0xfefeff,0xffffff,0xffffff,0xffffff,0xffffff,0xffffff,0xffffff,0xeff2f7,0xffffff,0xffffff,
    0xf6f4f1,0xf2f0ed,0xf3f1ee,0xf3f1ee,0xf3f1ee,0xf3f1ee,0xf1efec,0xfffffc,0xffffff,0xffffff,0xffffff,0xffffff,
    0xffffff,0xffffff,0xffffff,0xffffff,0xffffff,0xffffff,0xffffff,0xffffff,0xffffff,0xffffff,0xffffff,0xffffff,
    0xffffff,0xffffff,0xffffff,0xffffff,0xffffff,0xffffff,0xffffff,0xffffff,0xffffff,0xffffff,0xffffff,0xffffff,
    0xffffff,0xffffff,0xffffff,0xffffff,0xffffff,0xffffff,0xeff2f7,0xffffff,0xffffff,0xffffff,0xffffff,0xffffff,
    0xffffff,0xfefeff,0xffffff,0xf7f9fb,0x4a5871,0x24334f,0x2d3c56,0x2b3a55,0x2b3a55,0x2b3a55,0x2b3a55,0x2b3a55,
    0x2b3a55,0x2b3a55,0x2b3a55,0x2b3a55,0x2b3a55,0x2b3a55,0x2b3a55,0x2b3a55,0x2b3a55,0x2b3a55,0x2b3a55,0x2b3a55,
    0x2b3a55,0x2b3a55,0x2b3a55,0x2b3a55,0x2b3a55,0x2b3a55,0x2b3a55,0x2b3a55,0x2b3a55,0x2b3a55,0x2b3a55,0x2b3a55,
    0x2b3a55,0x2b3954,0x2b3a54,0x2e3f5f,0x32456b,0x32466c,0x32456b,0x32456b,0x32456b,0x32456b,0x32456b,0x32456b,
    0x32456b,0x32456b,0x32456b,0x32456b,
    0x2b3a55,0x2b3a55,0x2b3a55,0x2b3a55,0x2b3a55,0x2b3a55,0x2b3a55,0x2b3a55,0x2b3a55,0x2b3a55,0x2b3a55,0x2b3a55,
    0x2b3a55,0x2b3a55,0x2b3a55,0x2b3a55,0x2b3a55,0x2b3a54,0x2c3b58,0x31446a,0x32456c,0x32456b,0x32456b,0x32456b,
    0x32456b,0x32456b,0x32456b,0x32456b,0x32456b,0x32456b,0x32456b,0x32456b,0x32456b,0x32456b,0x32456b,0x32456b,
    0x32456b,0x32456b,0x32466c,0x2e3f5e,0x2b3953,0x2b3a55,0x2b3a55,0x2b3a55,0x2b3a55,0x2d3c56,0x24334f,0x4a5871,
    0xf7f9fb,0xffffff,0xfefeff,0xffffff,0xffffff,0xffffff,0xffffff,0xffffff,0xffffff,0xf6f7f7,0xeff2f9,0xdfe7f7,
    0xb1b8c8,0xa5acbc,0xa8afbf,0xa7afbf,0xa7afbe,0xa8b0c0,0xa2aaba,0xd1d9e9,0xe1e8f8,0xe0e8f7,0xe1e8f8,0xe1e8f8,
    0xe1e8f8,0xe1e8f8,0xe1e8f8,0xe1e8f8,0xe1e8f8,0xe1e8f8,0xe1e8f8,0xe1e8f8,0xe1e8f8,0xe1e8f8,0xe1e8f8,0xe1e8f8,
    0xe1e8f8,0xe1e8f8,0xe1e8f8,0xe1e8f8,0xe1e8f8,0xe1e8f8,0xe1e8f8,0xe1e8f8,0xe1e8f8,0xe1e8f8,0xe1e8f8,0xe1e8f8,
    0xe1e8f8,0xe1e8f8,0xe1e8f8,0xe1e9f8,0xdfe7f7,0xeff3f9,0xf6f7f8,0xffffff,0xffffff,0xffffff,0xffffff,0xffffff,
    0xffffff,0xfefeff,0xffffff,0xf7f9fb,0x4a5871,0x24334f,0x2d3c56,0x2b3a55,0x2b3a55,0x2b3a55,0x2b3a55,0x2b3a55,
    0x2b3a55,0x2b3a55,0x2b3a56,0x2b3954,0x2a3954,0x2a3953,0x2b3a55,0x2b3a56,0x2b3a55,0x2b3a55,0x2b3a55,0x2b3a55,
    0x2b3a55,0x2b3a55,0x2b3a55,0x2b3a55,0x2b3a55,0x2b3a55,0x2b3a55,0x2b3a55,0x2b3a55,0x2b3a55,0x2b3a55,0x2b3a55,
    0x2b3953,0x2c3c59,0x304366,0x32466d,0x32456b,0x32456b,0x32456b,0x32456b,0x32456b,0x32456b,0x32456b,0x32456b,
    0x32456b,0x32456b,0x32456b,0x32456b,
    0x2b3a55,0x2b3a55,0x2b3a55,0x2b3a55,0x2b3a55,0x2b3a55,0x2b3a55,0x2b3a55,0x2b3a55,0x2b3a55,0x2b3a55,0x2b3a55,
    0x2b3a55,0x2b3a55,0x2b3a55,0x2b3a55,0x2b3a54,0x2b3a56,0x314468,0x32466c,0x32456b,0x32456b,0x32456b,0x32456b,
    0x32456b,0x32456b,0x32456b,0x32456b,0x32456b,0x32456b,0x32456b,0x32456b,0x32456b,0x32456b,0x32456b,0x32456b,
    0x32456b,0x32456b,0x32456b,0x32466c,0x2e3e5d,0x2b3953,0x2b3a55,0x2b3a55,0x2b3a55,0x2d3c56,0x24334f,0x4a5871,
    0xf7f9fb,0xffffff,0xfefeff,0xffffff,0xffffff,0xffffff,0xffffff,0xfdfdff,0xffffff,0xbdcdee,0x3671e6,0x316fe9,
    0x3775ef,0x3876f0,0x3876f0,0x3876f0,0x3876f0,0x3876f0,0x3976f0,0x3370ea,0x316ee8,0x316fe9,0x316ee8,0x316ee8,
    0x316ee8,0x316ee8,0x316ee8,0x316ee8,0x316ee8,0x316fe9,0x326fe9,0x316fe9,0x316fe9,0x326fe9,0x316fe9,0x316ee8,
    0x316ee8,0x316ee8,0x316ee8,0x316ee8,0x316ee8,0x316ee8,0x316ee8,0x316ee8,0x316ee8,0x316ee8,0x316ee8,0x316ee8,
    0x316ee8,0x316ee8,0x316ee8,0x316fe9,0x316fe9,0x3571e6,0xbdceee,0xffffff,0xfdfdff,0xffffff,0xffffff,0xffffff,
    0xffffff,0xfefeff,0xffffff,0xf7f9fb,0x4a5871,0x24334f,0x2d3c56,0x2b3a55,0x2b3a55,0x2b3a55,0x2b3a55,0x2b3a55,
    0x2b3a55,0x2b3a56,0x2a3953,0x2c3b57,0x384c74,0x35486d,0x2b3954,0x2a3953,0x2b3a56,0x2b3a55,0x2b3a55,0x2b3a55,
    0x2b3a55,0x2b3a55,0x2b3a55,0x2b3a55,0x2b3a55,0x2b3a55,0x2b3a55,0x2b3a55,0x2b3a55,0x2b3a55,0x2b3954,0x2b3a55,
    0x2f4060,0x32456b,0x32466c,0x32456b,0x32456b,0x32456b,0x32456b,0x32456b,0x32456b,0x32456b,0x32456b,0x32456b,
    0x32456b,0x32456b,0x32456b,0x32456b,
    0x2b3a55,0x2b3a55,0x2b3a55,0x2b3a55,0x2b3a55,0x2b3a55,0x2b3a55,0x2b3a55,0x2b3a55,0x2b3a55,0x2b3a55,0x2b3a55,
    0x2b3a55,0x2b3a55,0x2b3a55,0x2b3a55,0x2b3a55,0x304265,0x32466c,0x32456b,0x32456b,0x32456b,0x32456b,0x32456b,
    0x32456b,0x32456b,0x32456b,0x32456b,0x32456b,0x32456b,0x32456b,0x32456b,0x32456b,0x32456b,0x32456b,0x32456b,
    0x32456b,0x32456b,0x32456b,0x32456b,0x32456c,0x2d3d5b,0x2b3953,0x2b3a55,0x2b3a55,0x2d3c56,0x24334f,0x4a5871,
    0xf7f9fb,0xffffff,0xfefeff,0xffffff,0xffffff,0xffffff,0xffffff,0xfcfdff,0xffffff,0x8dadec,0x1b61ec,0x3371ee,
    0x2d6ded,0x2d6dec,0x2d6dec,0x2d6dec,0x2d6dec,0x2d6dec,0x2d6dec,0x2e6eee,0x2e6fee,0x2e6fee,0x2e6fee,0x2e6fee,
    0x2e6fee,0x2e6fee,0x2e6fee,0x2e6fee,0x2f6fee,0x2d6eee,0x286bed,0x2d6eee,0x2c6dee,0x286bed,0x2d6eee,0x2e6fee,
    0x2e6fee,0x2e6fee,0x2e6fee,0x2e6fee,0x2e6fee,0x2e6fee,0x2e6fee,0x2e6fee,0x2e6fee,0x2e6fee,0x2e6fee,0x2e6fee,
    0x2e6fee,0x2e6fee,0x2e6fee,0x2e6fee,0x3371ee,0x1b61ec,0x8dadec,0xffffff,0xfcfdff,0xffffff,0xffffff,0xffffff,
    0xffffff,0xfefeff,0xffffff,0xf7f9fb,0x4a5871,0x24334f,0x2d3c56,0x2b3a55,0x2b3a55,0x2b3a55,0x2b3a55,0x2b3a55,
    0x2b3a56,0x2a3852,0x2e3e5c,0x3a507a,0x3e5583,0x3e5583,0x3a4e78,0x2e3f5d,0x2a3852,0x2b3a55,0x2b3a55,0x2b3a55,
    0x2b3a55,0x2b3a55,0x2b3a55,0x2b3a55,0x2b3a55,0x2b3a55,0x2b3a55,0x2b3a55,0x2b3a55,0x2b3953,0x2d3d5a,0x314368,
    0x32466d,0x32456b,0x32456b,0x32456b,0x32456b,0x32456b,0x32456b,0x32456b,0x32456b,0x32456b,0x32456b,0x32456b,
    0x32456b,0x32456b,0x32456b,0x32456b,
    0x2b3a55,0x2b3a55,0x2b3a55,0x2b3a55,0x2b3a55,0x2b3a55,0x2b3a55,0x2b3a55,0x2b3a55,0x2b3a55,0x2b3a55,0x2b3a55,
    0x2b3a55,0x2b3a55,0x2b3a55,0x2b3954,0x2f4162,0x32466d,0x32456b,0x32456b,0x32456b,0x32456b,0x32456b,0x32456b,
    0x32456b,0x32456b,0x32456b,0x32456b,0x32456b,0x32456b,0x32456b,0x32456b,0x32456b,0x32456b,0x32456b,0x32456b,
    0x32456b,0x32456b,0x32456b,0x32456b,0x32456b,0x32456b,0x2c3c5a,0x2b3954,0x2b3a55,0x2d3c56,0x24334f,0x4a5871,
    0xf7f9fb,0xffffff,0xfefeff,0xffffff,0xffffff,0xffffff,0xffffff,0xfcfdff,0xffffff,0x94b2ee,0x2165eb,0x3372ee,
    0x2f6fed,0x2f6fed,0x2f6fed,0x2f6fed,0x2f6fed,0x2f6fed,0x2f6fed,0x2f6fed,0x2f6fed,0x2f6fed,0x2f6fed,0x2f6fed,
    0x2f6fed,0x2f6fed,0x2f6fed,0x306fed,0x2e6eed,0x3674ed,0x4b82ef,0x3573ed,0x3976ee,0x4b82ef,0x3371ed,0x2f6fed,
    0x306fed,0x2f6fed,0x2f6fed,0x2f6fed,0x2f6fed,0x2f6fed,0x2f6fed,0x2f6fed,0x2f6fed,0x2f6fed,0x2f6fed,0x2f6fed,
    0x2f6fed,0x2f6fed,0x2f6fed,0x2f6fed,0x3372ee,0x2165eb,0x94b2ee,0xffffff,0xfcfdff,0xffffff,0xffffff,0xffffff,
    0xffffff,0xfefeff,0xffffff,0xf7f9fb,0x4a5871,0x24334f,0x2d3c56,0x2b3a55,0x2b3a55,0x2b3a55,0x2b3a55,0x2b3a56,
    0x2a3852,0x304162,0x3c527f,0x3e5482,0x3d537f,0x3d537f,0x3e5482,0x3d5380,0x334669,0x2b3954,0x2a3953,0x2b3a56,
    0x2b3a55,0x2b3a55,0x2b3a55,0x2b3a55,0x2b3a55,0x2b3a55,0x2b3a55,0x2b3954,0x2b3a55,0x2f4061,0x32456c,0x32466c,
    0x32456b,0x32456b,0x32456b,0x32456b,0x32456b,0x32456b,0x32456b,0x32456b,0x32456b,0x32456b,0x32456b,0x32456b,
    0x32456b,0x32456b,0x32456b,0x32456b,
    0x2b3a55,0x2b3a55,0x2b3a55,0x2b3a55,0x2b3a55,0x2b3a55,0x2b3a55,0x2b3a55,0x2b3a55,0x2b3a55,0x2b3a55,0x2b3a55,
    0x2b3a55,0x2b3a55,0x2b3953,0x2e3f60,0x32466d,0x32456b,0x32456b,0x32456b,0x32456b,0x32456b,0x32456b,0x32456b,
    0x32456b,0x32456b,0x32456b,0x32456b,0x32456b,0x32456b,0x32456b,0x32456b,0x32456b,0x32456b,0x32456b,0x32456b,
    0x32456b,0x32456b,0x32456b,0x32456b,0x32456b,0x32456c,0x32456a,0x2c3c59,0x2b3954,0x2d3c57,0x243350,0x4a5871,
    0xf7f9fb,0xffffff,0xfefeff,0xffffff,0xffffff,0xffffff,0xffffff,0xfcfdff,0xffffff,0x94b2ee,0x2064eb,0x3372ee,
    0x2f6fed,0x2f6fed,0x2f6fed,0x2f6fed,0x2f6fed,0x2f6fed,0x2f6fed,0x2f6fed,0x2f6fed,0x2f6fed,0x2f6fed,0x2f6fed,
    0x2f6fed,0x2f6fed,0x2f6fed,0x3070ed,0x296bec,0x4981ef,0xa5c0f7,0x6393f1,0x5388f0,0xa0bdf6,0x437def,0x2a6ced,
    0x3070ed,0x2f6fed,0x2f6fed,0x2f6fed,0x2f6fed,0x2f6fed,0x2f6fed,0x2f6fed,0x2f6fed,0x2f6fed,0x2f6fed,0x2f6fed,
    0x2f6fed,0x2f6fed,0x2f6fed,0x2f6fed,0x3372ee,0x2064eb,0x94b2ee,0xffffff,0xfcfdff,0xffffff,0xffffff,0xffffff,
    0xffffff,0xfefeff,0xffffff,0xf7f9fb,0x4a5871,0x24334f,0x2d3c56,0x2b3a55,0x2b3a55,0x2b3a55,0x2b3a55,0x2a3852,
    0x334569,0x3e5482,0x3d5481,0x3d537f,0x3d5380,0x3d5380,0x3d537f,0x3d5380,0x3e5583,0x394d76,0x2e3e5b,0x293852,
    0x2b3a55,0x2b3a55,0x2b3a55,0x2b3a55,0x2b3a55,0x2b3a55,0x2b3953,0x2d3d5b,0x314468,0x32466d,0x32456b,0x32456b,
    0x32456b,0x32456b,0x32456b,0x32456b,0x32456b,0x32456b,0x32456b,0x32456b,0x32456b,0x32456b,0x32456b,0x32456b,
    0x32456b,0x32456b,0x32456b,0x32456b,
    0x2b3a55,0x2b3a55,0x2b3a55,0x2b3a55,0x2b3a55,0x2b3a55,0x2b3a55,0x2b3a55,0x2b3a55,0x2b3a55,0x2b3a55,0x2b3a55,
    0x2b3a55,0x2b3953,0x2d3e5d,0x32466c,0x32456b,0x32456b,0x32456b,0x32456b,0x32456b,0x32456b,0x32456b,0x32456b,
    0x32456b,0x32456b,0x32456b,0x32456b,0x32456b,0x32456b,0x32456b,0x32456b,0x32456b,0x32456b,0x32456b,0x32456b,
    0x32456b,0x32456b,0x32456b,0x32456b,0x32456b,0x32456b,0x32466c,0x314469,0x2c3b58,0x2c3b55,0x23324c,0x4a5872,
    0xf7f9fb,0xffffff,0xfefeff,0xffffff,0xffffff,0xffffff,0xffffff,0xfcfdff,0xffffff,0x94b2ee,0x2064eb,0x3372ee,
    0x2f6fed,0x2f6fed,0x2f6fed,0x2f6fed,0x2f6fed,0x2f6fed,0x2f6fed,0x2f6fed,0x2f6fed,0x2f6fed,0x2f6fed,0x2f6fed,
    0x2f6fed,0x2f6fed,0x2f6fed,0x306fed,0x2c6ded,0x3b78ee,0x76a0f3,0x4d84ef,0x4c83f0,0x709cf2,0x3976ee,0x2d6ded,
    0x306fed,0x2f6fed,0x2f6fed,0x2f6fed,0x2f6fed,0x2f6fed,0x2f6fed,0x2f6fed,0x2f6fed,0x2f6fed,0x2f6fed,0x2f6fed,
    0x2f6fed,0x2f6fed,0x2f6fed,0x2f6fed,0x3372ee,0x2064eb,0x94b2ee,0xffffff,0xfcfdff,0xffffff,0xffffff,0xffffff,
    0xffffff,0xfefeff,0xffffff,0xf7f9fb,0x4a5871,0x24334f,0x2d3c56,0x2b3a55,0x2b3a56,0x2a3954,0x2b3a54,0x364970,
    0x3e5583,0x3d5380,0x3d5380,0x3d5380,0x3d5380,0x3d5380,0x3d5380,0x3d5380,0x3d537f,0x3e5482,0x3d537f,0x334567,
    0x2a3953,0x2a3954,0x2b3a56,0x2b3a55,0x2b3953,0x2c3b56,0x2f4163,0x32466c,0x32456c,0x32456b,0x32456b,0x32456b,
    0x32456b,0x32456b,0x32456b,0x32456b,0x32456b,0x32456b,0x32456b,0x32456b,0x32456b,0x32456b,0x32456b,0x32456b,
    0x32456b,0x32456b,0x32456b,0x32456b,
    0x2b3a55,0x2b3a55,0x2b3a55,0x2b3a55,0x2b3a55,0x2b3a55,0x2b3a55,0x2b3a55,0x2b3a55,0x2b3a55,0x2b3a55,0x2b3a55,
    0x2b3954,0x2d3c5a,0x32456b,0x32456b,0x32456b,0x32456b,0x32456b,0x32456b,0x32456b,0x32456b,0x32456b,0x32456b,
    0x32456b,0x32456b,0x32456b,0x32456b,0x32456b,0x32456b,0x32456b,0x32456b,0x32456b,0x32456b,0x32456b,0x32456b,
    0x32456b,0x32456b,0x32456b,0x32456b,0x32456b,0x32456b,0x32456b,0x32456c,0x304267,0x2e3d5a,0x2d4064,0x56698f,
    0xf7f9fb,0xffffff,0xfefeff,0xffffff,0xffffff,0xffffff,0xffffff,0xfcfdff,0xffffff,0x94b2ee,0x2265eb,0x3473ee,
    0x3070ed,0x3070ed,0x3070ed,0x3070ed,0x3070ed,0x3070ed,0x3070ed,0x3070ed,0x3070ed,0x3070ed,0x3070ed,0x3070ed,
    0x3070ed,0x3070ed,0x3070ed,0x3070ed,0x3170ed,0x3170ed,0x2e6eed,0x3070ed,0x2f6fed,0x2a6cec,0x3070ed,0x3170ed,
    0x3070ed,0x3070ed,0x3070ed,0x3070ed,0x3070ed,0x3070ed,0x3070ed,0x3070ed,0x3070ed,0x3070ed,0x3070ed,0x3070ed,
    0x3070ed,0x3070ed,0x3070ed,0x3070ed,0x3473ee,0x2266eb,0x94b2ee,0xffffff,0xfcfdff,0xffffff,0xffffff,0xffffff,
    0xffffff,0xfefeff,0xffffff,0xf7f9fb,0x4a5871,0x24334f,0x2d3c56,0x2b3a56,0x2a3953,0x2c3c58,0x394d76,0x3e5583,
    0x3d537f,0x3d5380,0x3d5380,0x3d5380,0x3d5380,0x3d5380,0x3d5380,0x3d5380,0x3d5380,0x3d537f,0x3d5380,0x3e5583,
    0x384c75,0x2d3d5a,0x2a3852,0x2b3a54,0x2d3d5c,0x314469,0x32466d,0x32456b,0x32456b,0x32456b,0x32456b,0x32456b,
    0x32456b,0x32456b,0x32456b,0x32456b,0x32456b,0x32456b,0x32456b,0x32456b,0x32456b,0x32456b,0x32456b,0x32456b,
    0x32456b,0x32456b,0x32456b,0x32456b,
    0x2b3a55,0x2b3a55,0x2b3a55,0x2b3a55,0x2b3a55,0x2b3a55,0x2b3a55,0x2b3a55,0x2b3a55,0x2b3a55,0x2b3a55,0x2b3954,
    0x2c3b58,0x31446a,0x32456c,0x32456b,0x32456b,0x32456b,0x32456b,0x32456b,0x32456b,0x32456b,0x32456b,0x32456b,
    0x32456b,0x32456b,0x32456b,0x32456b,0x32456b,0x32456b,0x32456b,0x32456b,0x32456b,0x32456b,0x32456b,0x32456b,
    0x32456b,0x32456b,0x32456b,0x32456b,0x32456b,0x32456b,0x314469,0x32456c,0x374c75,0x3d537f,0x384f7f,0x596d94,
    0xf7f8fb,0xffffff,0xfefeff,0xffffff,0xffffff,0xffffff,0xffffff,0xfcfdff,0xffffff,0x93b1ee,0x175eeb,0x2e6fef,
    0x2a6cee,0x296bee,0x296bee,0x2a6cee,0x2a6cee,0x296bee,0x296bee,0x296bee,0x296bee,0x296bee,0x296bee,0x296bee,
    0x296bee,0x296bee,0x296bee,0x296bee,0x296bee,0x296bee,0x296bee,0x296bee,0x296bee,0x2a6cee,0x296bee,0x296bee,
    0x296bee,0x296bee,0x296bee,0x296bee,0x296bee,0x296bee,0x296bee,0x296bee,0x296bee,0x296bee,0x296bee,0x296bee,
    0x296bee,0x296bee,0x296bee,0x296bee,0x2d6eef,0x165dea,0x92b1ed,0xffffff,0xfcfdff,0xffffff,0xffffff,0xffffff,
    0xffffff,0xfefeff,0xffffff,0xf7f9fb,0x4a5871,0x24334f,0x2d3c57,0x2a3852,0x2f3f5d,0x3b507c,0x3e5582,0x3d537f,
    0x3d5380,0x3d5380,0x3d5380,0x3d5380,0x3d5380,0x3d5380,0x3d5380,0x3d5380,0x3d5380,0x3d5380,0x3d5380,0x3d537f,
    0x3e5582,0x3c527e,0x324466,0x2f4062,0x32456c,0x32466c,0x32456b,0x32456b,0x32456b,0x32456b,0x32456b,0x32456b,
    0x32456b,0x32456b,0x32456b,0x32456b,0x32456b,0x32456b,0x32456b,0x32456b,0x32456b,0x32456b,0x32456b,0x32456b,
    0x32456b,0x32456b,0x32456b,0x32456b,
    0x2b3a55,0x2b3a55,0x2b3a55,0x2b3a55,0x2b3a55,0x2b3a55,0x2b3a55,0x2b3a55,0x2b3a55,0x2b3a55,0x2b3a54,0x2b3a56,
    0x314368,0x32466c,0x32456b,0x32456b,0x32456b,0x32456b,0x32456b,0x32456b,0x32456b,0x32456b,0x32456b,0x32456b,
    0x32456b,0x32456b,0x32456b,0x32456b,0x32456b,0x32456b,0x32456b,0x32456b,0x32456b,0x32456b,0x32456b,0x32456b,
    0x32456b,0x32456b,0x32456b,0x32456b,0x314469,0x32456c,0x374b75,0x3c527e,0x3e5481,0x3e5482,0x374e7b,0x586c93,
    0xf7f8fb,0xffffff,0xfefeff,0xffffff,0xffffff,0xffffff,0xffffff,0xfdfeff,0xfeffff,0xd8e2f7,0x5486e8,0x437be9,
    0x447be8,0x4a7fe9,0x497fe9,0x457ce8,0x447be8,0x477ee9,0x4a7fe9,0x4a7fe9,0x4a7fe9,0x4a7fe9,0x4a7fe9,0x4a7fe9,
    0x4a7fe9,0x4a7fe9,0x4a7fe9,0x4a7fe9,0x4a7fe9,0x4a7fe9,0x4a7fe9,0x4a7fe9,0x4a7fe9,0x4a7fe9,0x4a7fe9,0x4a7fe9,
    0x4a7fe9,0x4a7fe9,0x4a7fe9,0x4a7fe9,0x4a7fe9,0x4a7fe9,0x4a7fe9,0x4a7fe9,0x4a7fe9,0x4a7fe9,0x4a7fe9,0x4a7fe9,
    0x4a7fe9,0x4a7fe9,0x4a7fe9,0x4a80e9,0x487ee9,0x5788e8,0xd9e3f7,0xfeffff,0xfdfeff,0xffffff,0xffffff,0xffffff,
    0xffffff,0xfefeff,0xffffff,0xf7f9fb,0x4a5871,0x24344f,0x2b3a53,0x314264,0x3d5380,0x3e5482,0x3d537f,0x3d5380,
    0x3d5380,0x3d5380,0x3d5380,0x3d5380,0x3d5380,0x3d5380,0x3d5380,0x3d5380,0x3d5380,0x3d5380,0x3d5380,0x3d5380,
    0x3d537f,0x3d5381,0x3e5583,0x3a4f7b,0x33466d,0x314469,0x32456b,0x32456b,0x32456b,0x32456b,0x32456b,0x32456b,
    0x32456b,0x32456b,0x32456b,0x32456b,0x32456b,0x32456b,0x32456b,0x32456b,0x32456b,0x32456b,0x32456b,0x32456b,
    0x32456b,0x32456b,0x32456b,0x32456b,
    0x2b3a55,0x2b3a55,0x2b3a55,0x2b3a55,0x2b3a55,0x2b3a55,0x2b3a55,0x2b3a55,0x2b3a55,0x2b3a55,0x2b3a54,0x304265,
    0x32466c,0x32456b,0x32456b,0x32456b,0x32456b,0x32456b,0x32456b,0x32456b,0x32456b,0x32456b,0x32456b,0x32456b,
    0x32456b,0x32456b,0x32456b,0x32456b,0x32456b,0x32456b,0x32456b,0x32456b,0x32456b,0x32456b,0x32456b,0x32456b,
    0x32456b,0x32456b,0x314469,0x32456c,0x374b74,0x3c527e,0x3e5482,0x3d5381,0x3d5380,0x3e5481,0x374e7c,0x586c93,
    0xf7f8fb,0xffffff,0xfefeff,0xffffff,0xffffff,0xffffff,0xffffff,0xfefeff,0xffffff,0xeaf1fd,0xabc4f6,0xb0c7f5,
    0xb1c8f5,0xa8c2f4,0xadc6f5,0xb1c8f5,0xb0c7f5,0xdee7f9,0xfbfbfc,0xfafafc,0xfbfbfc,0xfbfbfc,0xfbfbfc,0xfbfbfc,
    0xfbfbfc,0xfbfbfc,0xfbfbfc,0xfbfbfc,0xfbfbfc,0xfbfbfc,0xfbfbfc,0xfbfbfc,0xfbfbfc,0xfbfbfc,0xfbfbfc,0xfbfbfc,
    0xfbfbfc,0xfbfbfc,0xfbfbfc,0xfbfbfc,0xfbfbfc,0xfbfbfc,0xfbfbfc,0xfbfbfc,0xfbfbfc,0xfbfbfc,0xfbfbfc,0xfbfbfc,
    0xfbfbfc,0xfbfbfc,0xfbfbfc,0xfbfbfc,0xfafbfc,0xfffffe,0xffffff,0xffffff,0xffffff,0xffffff,0xffffff,0xffffff,
    0xffffff,0xfefeff,0xffffff,0xf7f9fb,0x4a5770,0x23324d,0x35486c,0x3e5482,0x3d5380,0x3d537f,0x3d5380,0x3d5380,
    0x3d5380,0x3d5380,0x3d5380,0x3d5380,0x3d5380,0x3d5380,0x3d5380,0x3d5380,0x3d5380,0x3d5380,0x3d5380,0x3d5380,
    0x3d5380,0x3d5380,0x3d537f,0x3e5481,0x3c527f,0x364a72,0x31446a,0x32456b,0x32456b,0x32456b,0x32456b,0x32456b,
    0x32456b,0x32456b,0x32456b,0x32456b,0x32456b,0x32456b,0x32456b,0x32456b,0x32456b,0x32456b,0x32456b,0x32456b,
    0x32456b,0x32456b,0x32456b,0x32456b,
    0x2b3a55,0x2b3a55,0x2b3a55,0x2b3a55,0x2b3a55,0x2b3a55,0x2b3a55,0x2b3a55,0x2b3a55,0x2b3954,0x2f4163,0x32466d,
    0x32456b,0x32456b,0x32456b,0x32456b,0x32456b,0x32456b,0x32456b,0x32456b,0x32456b,0x32456b,0x32456b,0x32456b,
    0x32456b,0x32456b,0x32456b,0x32456b,0x32456b,0x32456b,0x32456b,0x32456b,0x32456b,0x32456b,0x32456b,0x32456b,
    0x314469,0x32456c,0x374b75,0x3c527e,0x3e5481,0x3d5381,0x3d5380,0x3d5380,0x3d5380,0x3e5481,0x374e7c,0x586c93,
    0xf7f8fb,0xffffff,0xfefeff,0xffffff,0xffffff,0xffffff,0xffffff,0xfefeff,0xffffff,0xeef3fd,0xc6d7fa,0xcfdefb,
    0xceddfb,0xcadafb,0xc7d8fb,0xcadafb,0xd9e5fc,0xfafcff,0xffffff,0xffffff,0xffffff,0xffffff,0xffffff,0xffffff,
    0xffffff,0xffffff,0xffffff,0xffffff,0xffffff,0xffffff,0xffffff,0xffffff,0xffffff,0xffffff,0xffffff,0xffffff,
    0xffffff,0xffffff,0xffffff,0xffffff,0xffffff,0xffffff,0xffffff,0xffffff,0xffffff,0xffffff,0xffffff,0xffffff,
    0xffffff,0xffffff,0xffffff,0xffffff,0xffffff,0xfefeff,0xfefeff,0xffffff,0xffffff,0xffffff,0xffffff,0xffffff,
    0xffffff,0xfefeff,0xffffff,0xf7f9fb,0x4a5971,0x30446b,0x405685,0x3d5380,0x3d5380,0x3d5380,0x3d5380,0x3d5380,
    0x3d5380,0x3d5380,0x3d5380,0x3d5380,0x3d5380,0x3d5380,0x3d5380,0x3d5380,0x3d5380,0x3d5380,0x3d5380,0x3d5380,
    0x3d5380,0x3d5380,0x3d5380,0x3d5380,0x3d5380,0x3e5481,0x394e79,0x32466c,0x31446a,0x32456b,0x32456b,0x32456b,
    0x32456b,0x32456b,0x32456b,0x32456b,0x32456b,0x32456b,0x32456b,0x32456b,0x32456b,0x32456b,0x32456b,0x32456b,
    0x32456b,0x32456b,0x32456b,0x32456b,
    0x2b3a55,0x2b3a55,0x2b3a55,0x2b3a55,0x2b3a55,0x2b3a55,0x2b3a55,0x2b3a55,0x2b3953,0x2e3f5f,0x32466d,0x32456b,
    0x32456b,0x32456b,0x32456b,0x32456b,0x32456b,0x32456b,0x32456b,0x32456b,0x32456b,0x32456b,0x32456b,0x32456b,
    0x32456b,0x32456b,0x32456b,0x32456b,0x32456b,0x32456b,0x32456b,0x32456b,0x32456b,0x32456b,0x314469,0x32456c,
    0x374b74,0x3c527e,0x3e5482,0x3d5381,0x3d5380,0x3d5380,0x3d5380,0x3d5380,0x3d5380,0x3e5481,0x374e7c,0x586c93,
    0xf7f8fb,0xffffff,0xfefeff,0xffffff,0xffffff,0xffffff,0xffffff,0xffffff,0xffffff,0xffffff,0xffffff,0xffffff,
    0xffffff,0xffffff,0xffffff,0xffffff,0xffffff,0xffffff,0xffffff,0xfefeff,0xfefefe,0xfefefe,0xffffff,0xffffff,
    0xffffff,0xfefefe,0xfefeff,0xfefefe,0xfefeff,0xffffff,0xfeffff,0xfefeff,0xfefeff,0xfefeff,0xfefefe,0xfefeff,
    0xffffff,0xfeffff,0xffffff,0xffffff,0xfeffff,0xfefeff,0xfefeff,0xfefefe,0xfefeff,0xffffff,0xfefefe,0xfefeff,
    0xfeffff,0xfeffff,0xfeffff,0xfeffff,0xfeffff,0xffffff,0xffffff,0xffffff,0xffffff,0xffffff,0xffffff,0xffffff,
    0xffffff,0xfefeff,0xffffff,0xf6f7fa,0x56698e,0x384f7e,0x3e5481,0x3d5380,0x3d5380,0x3d5380,0x3d5380,0x3d5380,
    0x3d5380,0x3d5380,0x3d5380,0x3d5380,0x3d5380,0x3d5380,0x3d5380,0x3d5380,0x3d5380,0x3d5380,0x3d5380,0x3d5380,
    0x3d5380,0x3d5380,0x3d5380,0x3d5380,0x3d5380,0x3d5380,0x3e5481,0x3c527e,0x354971,0x31446a,0x32456b,0x32456b,
    0x32456b,0x32456b,0x32456b,0x32456b,0x32456b,0x32456b,0x32456b,0x32456b,0x32456b,0x32456b,0x32456b,0x32456b,
    0x32456b,0x32456b,0x32456b,0x32456b,
    0x2b3a55,0x2b3a55,0x2b3a55,0x2b3a55,0x2b3a55,0x2b3a55,0x2b3a55,0x2b3953,0x2d3e5d,0x32466c,0x32456b,0x32456b,
    0x32456b,0x32456b,0x32456b,0x32456b,0x32456b,0x32456b,0x32456b,0x32456b,0x32456b,0x32456b,0x32456b,0x32456b,
    0x32456b,0x32456b,0x32456b,0x32456b,0x32456b,0x32456b,0x32456b,0x32456b,0x314469,0x32456c,0x374b75,0x3c527e,
    0x3e5481,0x3d5381,0x3d5380,0x3d5380,0x3d5380,0x3d5380,0x3d5380,0x3d5380,0x3d5380,0x3e5481,0x374e7c,0x596d94,
    0xf7f8fb,0xffffff,0xfefeff,0xffffff,0xffffff,0xffffff,0xffffff,0xffffff,0xffffff,0xfeffff,0xfefeff,0xfefeff,
    0xfefeff,0xfefeff,0xfefeff,0xfefeff,0xffffff,0xffffff,0xffffff,0xffffff,0xffffff,0xffffff,0xfefefe,0xffffff,
    0xffffff,0xffffff,0xffffff,0xffffff,0xffffff,0xffffff,0xffffff,0xffffff,0xffffff,0xffffff,0xffffff,0xffffff,
    0xfdfdfd,0xffffff,0xfefefe,0xffffff,0xffffff,0xffffff,0xffffff,0xffffff,0xffffff,0xfefefe,0xffffff,0xffffff,
    0xffffff,0xffffff,0xffffff,0xffffff,0xffffff,0xffffff,0xffffff,0xffffff,0xffffff,0xffffff,0xffffff,0xffffff,
    0xffffff,0xfefeff,0xffffff,0xf7f8fb,0x596d95,0x374e7b,0x3e5481,0x3d5380,0x3d5380,0x3d5380,0x3d5380,0x3d5380,
    0x3d5380,0x3d5380,0x3d5380,0x3d5380,0x3d5380,0x3d5380,0x3d5380,0x3d5380,0x3d5380,0x3d5380,0x3d5380,0x3d5380,
    0x3d5380,0x3d5380,0x3d5380,0x3d5380,0x3d5380,0x3d5380,0x3d5380,0x3d5381,0x3e5481,0x394d78,0x32456c,0x31446a,
    0x32456b,0x32456b,0x32456b,0x32456b,0x32456b,0x32456b,0x32456b,0x32456b,0x32456b,0x32456b,0x32456b,0x32456b,
    0x32456b,0x32456b,0x32456b,0x32456b,
    0x2b3a55,0x2b3a55,0x2b3a55,0x2b3a55,0x2b3a55,0x2b3a55,0x2b3954,0x2d3c5a,0x32456b,0x32456b,0x32456b,0x32456b,
    0x32456b,0x32456b,0x32456b,0x32456b,0x32456b,0x32456b,0x32456b,0x32456b,0x32456b,0x32456b,0x32456b,0x32456b,
    0x32456b,0x32456b,0x32456b,0x32456b,0x32456b,0x32456b,0x314469,0x32456c,0x374b74,0x3c527e,0x3e5482,0x3d5381,
    0x3d5380,0x3d5380,0x3d5380,0x3d5380,0x3d5380,0x3d5380,0x3d5380,0x3d5380,0x3d5380,0x3e5481,0x384f7d,0x51658e,
    0xf6f8fa,0xffffff,0xfbfcfd,0xfdfdfd,0xfdfdfd,0xfdfdfd,0xfdfdfd,0xfdfdfd,0xfdfdfd,0xfdfdfd,0xfdfdfd,0xfdfdfd,
    0xfdfdfd,0xfdfdfd,0xfcfdfd,0xfbfbfc,0xdddfe4,0xd9dce1,0xc8ccd3,0xd3d7dc,0xd0d4d9,0xced2d8,0xd5d9de,0xd3d6dc,
    0xcdd1d7,0xdcdfe3,0xdee1e5,0xdcdfe3,0xdee1e5,0xd3d7dc,0xf0f1f3,0xf9f9fa,0xcfd3d9,0xd6d9de,0xd6d9de,0xdfe2e6,
    0xdbdee2,0xe0e3e7,0xe0e2e6,0xd6d9de,0xd6d9de,0xd3d6dc,0xdcdee3,0xe4e6e9,0xdfe2e6,0xdbdde2,0xdee1e5,0xe0e2e6,
    0xfcfdfd,0xfcfdfd,0xfcfdfd,0xfcfdfd,0xfcfdfd,0xfcfdfd,0xfcfdfd,0xfcfdfd,0xfcfdfd,0xfcfdfd,0xfcfdfd,0xfdfdfd,
    0xfdfdfd,0xfbfcfd,0xffffff,0xf6f8fa,0x51658e,0x384f7d,0x3e5481,0x3d5380,0x3d5380,0x3d5380,0x3d5380,0x3d5380,
    0x3d5380,0x3d5380,0x3d5380,0x3d5380,0x3d5380,0x3d5380,0x3d5380,0x3d5380,0x3d5380,0x3d5380,0x3d5380,0x3d5380,
    0x3d5380,0x3d5380,0x3d5380,0x3d5380,0x3d5380,0x3d5380,0x3d5380,0x3d5380,0x3d5380,0x3e5481,0x3c517d,0x354971,
    0x31446a,0x32456b,0x32456b,0x32456b,0x32456b,0x32456b,0x32456b,0x32456b,0x32456b,0x32456b,0x32456b,0x32456b,
    0x32456b,0x32456b,0x32456b,0x32456b,
    0x2b3a55,0x2b3a55,0x2b3a55,0x2b3a55,0x2b3a55,0x2b3a54,0x2c3b58,0x31446a,0x32456c,0x32456b,0x32456b,0x32456b,
    0x32456b,0x32456b,0x32456b,0x32456b,0x32456b,0x32456b,0x32456b,0x32456b,0x32456b,0x32456b,0x32456b,0x32456b,
    0x32456b,0x32456b,0x32456b,0x32456b,0x314469,0x32456c,0x374b75,0x3c527e,0x3e5481,0x3d5381,0x3d5380,0x3d5380,
    0x3d5380,0x3d5380,0x3d5380,0x3d5380,0x3d5380,0x3d5380,0x3d5380,0x3d5380,0x3d5380,0x3d5380,0x3e5481,0x384e7c,
    0xa8b3c8,0xffffff,0xffffff,0xffffff,0xffffff,0xffffff,0xffffff,0xffffff,0xffffff,0xffffff,0xffffff,0xffffff,
    0xffffff,0xffffff,0xffffff,0xffffff,0xe9ebec,0xe3e5e7,0xdddfe2,0xdfe1e3,0xd9dbdf,0xe1e3e6,0xe6e8ea,0xebedee,
    0xdddfe3,0xf4f4f5,0xfbfcfb,0xe0e2e5,0xe6e8eb,0xe7e8eb,0xfdfdfd,0xffffff,0xd9dce0,0xdfe1e4,0xecedef,0xeaebed,
    0xeff1f2,0xe3e5e8,0xedeeef,0xdddfe3,0xe4e6e8,0xdcdee2,0xe6e8ea,0xeeeff0,0xf0f2f3,0xeaecee,0xe4e5e8,0xe7e9eb,
    0xffffff,0xffffff,0xffffff,0xffffff,0xffffff,0xffffff,0xffffff,0xffffff,0xffffff,0xffffff,0xffffff,0xffffff,
    0xffffff,0xffffff,0xffffff,0xa8b3c8,0x384e7c,0x3e5481,0x3d5380,0x3d5380,0x3d5380,0x3d5380,0x3d5380,0x3d5380,
    0x3d5380,0x3d5380,0x3d5380,0x3d5380,0x3d5380,0x3d5380,0x3d5380,0x3d5380,0x3d5380,0x3d5380,0x3d5380,0x3d5380,
    0x3d5380,0x3d5380,0x3d5380,0x3d5380,0x3d5380,0x3d5380,0x3d5380,0x3d5380,0x3d5380,0x3d5380,0x3d5481,0x3e5481,
    0x384d77,0x32456b,0x31446a,0x32456b,0x32456b,0x32456b,0x32456b,0x32456b,0x32456b,0x32456b,0x32456b,0x32456b,
    0x32456b,0x32456b,0x32456b,0x32456b,
    0x2b3a55,0x2b3a55,0x2b3a55,0x2b3a55,0x2b3a54,0x2b3a56,0x314468,0x32466c,0x32456b,0x32456b,0x32456b,0x32456b,
    0x32456b,0x32456b,0x32456b,0x32456b,0x32456b,0x32456b,0x32456b,0x32456b,0x32456b,0x32456b,0x32456b,0x32456b,
    0x32456b,0x32456b,0x314469,0x32456c,0x374b74,0x3c527e,0x3e5482,0x3d5381,0x3d5380,0x3d5380,0x3d5380,0x3d5380,
    0x3d5380,0x3d5380,0x3d5380,0x3d5380,0x3d5380,0x3d5380,0x3d5380,0x3d5380,0x3d5380,0x3d5380,0x3d5380,0x3c527f,
    0x3b517f,0x7081a2,0x95a2bb,0x9ca8c0,0x9ca8bf,0x9ca8c0,0x9ca8c0,0x9ca8c0,0x9ca8c0,0x9ca8c0,0x9ca8c0,0x9ca8c0,
    0x9ca8c0,0x9ca8c0,0x9ca8c0,0x9ca8c0,0x9ca8c0,0x9ca8bf,0x9eaac1,0x9ca9c0,0x9ba7be,0x98a3b8,0x96a1b5,0x98a3b8,
    0x97a2b7,0x99a4b9,0x9aa5b9,0x97a2b7,0x98a3b7,0x99a4b8,0x97a2b7,0x98a3b7,0x97a2b7,0x98a3b8,0x99a4b8,0x98a3b7,
    0x929db3,0x96a2b6,0x939fb4,0x95a1b6,0x97a3b7,0x9ba6ba,0x99a4b8,0x98a3b7,0x98a3b7,0x96a2b6,0x97a2b7,0x96a2b6,
    0x97a2b7,0x97a2b7,0x97a2b7,0x97a2b7,0x97a2b7,0x97a2b7,0x97a2b7,0x97a2b7,0x97a3b7,0x97a2b6,0x98a3b8,0x9ca8bf,
    0x9ca8c0,0x95a2bb,0x7081a2,0x3b517f,0x3c527f,0x3d5380,0x3d5380,0x3d5380,0x3d5380,0x3d5380,0x3d5380,0x3d5380,
    0x3d5380,0x3d5380,0x3d5380,0x3d5380,0x3d5380,0x3d5380,0x3d5380,0x3d5380,0x3d5380,0x3d5380,0x3d5380,0x3d5380,
    0x3d5380,0x3d5380,0x3d5380,0x3d5380,0x3d5380,0x3d5380,0x3d5380,0x3d5380,0x3d5380,0x3d5380,0x3d5380,0x3d5380,
    0x3e5482,0x3b517d,0x344870,0x314469,0x32456b,0x32456b,0x32456b,0x32456b,0x32456b,0x32456b,0x32456b,0x32456b,
    0x32456b,0x32456b,0x32456b,0x32456b,
    0x2b3a55,0x2b3a55,0x2b3a55,0x2b3a55,0x2b3a55,0x304265,0x32466c,0x32456b,0x32456b,0x32456b,0x32456b,0x32456b,
    0x32456b,0x32456b,0x32456b,0x32456b,0x32456b,0x32456b,0x32456b,0x32456b,0x32456b,0x32456b,0x32456b,0x32456b,
    0x314469,0x32456c,0x374b75,0x3c527e,0x3e5481,0x3d5381,0x3d5380,0x3d5380,0x3d5380,0x3d5380,0x3d5380,0x3d5380,
    0x3d5380,0x3d5380,0x3d5380,0x3d5380,0x3d5380,0x3d5380,0x3d5380,0x3d5380,0x3d5380,0x3d5380,0x3d5380,0x3d5380,
    0x3d5380,0x344b7a,0x314878,0x314878,0x314878,0x314878,0x314878,0x314878,0x314878,0x314878,0x314878,0x314878,
    0x314878,0x314878,0x314878,0x314878,0x314878,0x314878,0x314878,0x314878,0x314878,0x2e4573,0x293e69,0x253961,
    0x253860,0x253961,0x253961,0x253a62,0x253962,0x253961,0x253962,0x253961,0x253962,0x253961,0x253961,0x253962,
    0x273b63,0x253a62,0x263a62,0x263a62,0x253962,0x243961,0x253961,0x253962,0x253962,0x253a62,0x253962,0x253a62,
    0x253962,0x253962,0x253962,0x253962,0x253962,0x253961,0x253962,0x253962,0x243860,0x263b64,0x2e4573,0x314878,
    0x314878,0x314878,0x344b7a,0x3d5380,0x3d5380,0x3d5380,0x3d5380,0x3d5380,0x3d5380,0x3d5380,0x3d5380,0x3d5380,
    0x3d5380,0x3d5380,0x3d5380,0x3d5380,0x3d5380,0x3d5380,0x3d5380,0x3d5380,0x3d5380,0x3d5380,0x3d5380,0x3d5380,
    0x3d5380,0x3d5380,0x3d5380,0x3d5380,0x3d5380,0x3d5380,0x3d5380,0x3d5380,0x3d5380,0x3d5380,0x3d5380,0x3d5380,
    0x3d5380,0x3e5481,0x3d5381,0x384c76,0x32456b,0x31446a,0x32456b,0x32456b,0x32456b,0x32456b,0x32456b,0x32456b,
    0x32456b,0x32456b,0x32456b,0x32456b,
    0x2b3a55,0x2b3a55,0x2b3a55,0x2b3954,0x2f4162,0x32466d,0x32456b,0x32456b,0x32456b,0x32456b,0x32456b,0x32456b,
    0x32456b,0x32456b,0x32456b,0x32456b,0x32456b,0x32456b,0x32456b,0x32456b,0x32456b,0x32456b,0x314469,0x32456c,
    0x374b74,0x3c527e,0x3e5482,0x3d5381,0x3d5380,0x3d5380,0x3d5380,0x3d5380,0x3d5380,0x3d5380,0x3d5380,0x3d5380,
    0x3d5380,0x3d5380,0x3d5380,0x3d5380,0x3d5380,0x3d5380,0x3d5380,0x3d5380,0x3d5380,0x3d5380,0x3d5380,0x3d5380,
    0x3d5380,0x3f5581,0x405582,0x405582,0x405582,0x405582,0x405582,0x405582,0x405582,0x405582,0x405582,0x405582,
    0x405582,0x405582,0x405582,0x405582,0x405582,0x405582,0x405582,0x405582,0x405582,0x405683,0x415683,0x3e537f,
    0x394d75,0x35486d,0x34476c,0x35476d,0x35486d,0x35486d,0x35486d,0x35486d,0x35486d,0x35486d,0x35486d,0x35486d,
    0x35476d,0x35486d,0x35476d,0x35486d,0x35486d,0x35486d,0x35486d,0x35486d,0x35486d,0x35486d,0x35486d,0x35486d,
    0x35486d,0x35486d,0x35486d,0x35486d,0x35486d,0x35486d,0x35486d,0x34476b,0x384b73,0x3f5581,0x415683,0x405582,
    0x405582,0x405582,0x3f5581,0x3d5380,0x3d5380,0x3d5380,0x3d5380,0x3d5380,0x3d5380,0x3d5380,0x3d5380,0x3d5380,
    0x3d5380,0x3d5380,0x3d5380,0x3d5380,0x3d5380,0x3d5380,0x3d5380,0x3d5380,0x3d5380,0x3d5380,0x3d5380,0x3d5380,
    0x3d5380,0x3d5380,0x3d5380,0x3d5380,0x3d5380,0x3d5380,0x3d5380,0x3d5380,0x3d5380,0x3d5380,0x3d5380,0x3d5380,
    0x3d5380,0x3d5380,0x3d5380,0x3e5482,0x3b507c,0x34476f,0x314469,0x32456b,0x32456b,0x32456b,0x32456b,0x32456b,
    0x32456b,0x32456b,0x32456b,0x32456b,
    0x2b3a55,0x2b3a55,0x2b3953,0x2e3f60,0x32466d,0x32456b,0x32456b,0x32456b,0x32456b,0x32456b,0x32456b,0x32456b,
    0x32456b,0x32456b,0x32456b,0x32456b,0x32456b,0x32456b,0x32456b,0x32456b,0x314469,0x32456c,0x374b75,0x3c527e,
    0x3e5481,0x3d5381,0x3d5380,0x3d5380,0x3d5380,0x3d5380,0x3d5380,0x3d5380,0x3d5380,0x3d5380,0x3d5380,0x3d5380,
    0x3d5380,0x3d5380,0x3d5380,0x3d5380,0x3d5380,0x3d5380,0x3d5380,0x3d5380,0x3d5380,0x3d5380,0x3d5380,0x3d5380,
    0x3d5380,0x3d5380,0x3d5380,0x3d5380,0x3d5380,0x3d5380,0x3d5380,0x3d5380,0x3d5380,0x3d5380,0x3d5380,0x3d5380,
    0x3d5380,0x3d5380,0x3d5380,0x3d5380,0x3d5380,0x3d5380,0x3d5380,0x3d5380,0x3d5380,0x3d5380,0x3d5380,0x3d5481,
    0x3e5482,0x3c517d,0x364b74,0x32456c,0x314469,0x32456b,0x32456b,0x32456b,0x32456b,0x32456b,0x32456b,0x32456b,
    0x32456b,0x32456b,0x32456b,0x32456b,0x32456b,0x32456b,0x32456b,0x32456b,0x32456b,0x32456b,0x32456b,0x32456b,
    0x32456b,0x32456b,0x32456b,0x32456b,0x32456b,0x32456b,0x31446a,0x374b74,0x3e5380,0x3d5381,0x3d5380,0x3d5380,
    0x3d5380,0x3d5380,0x3d5380,0x3d5380,0x3d5380,0x3d5380,0x3d5380,0x3d5380,0x3d5380,0x3d5380,0x3d5380,0x3d5380,
    0x3d5380,0x3d5380,0x3d5380,0x3d5380,0x3d5380,0x3d5380,0x3d5380,0x3d5380,0x3d5380,0x3d5380,0x3d5380,0x3d5380,
    0x3d5380,0x3d5380,0x3d5380,0x3d5380,0x3d5380,0x3d5380,0x3d5380,0x3d5380,0x3d5380,0x3d5380,0x3d5380,0x3d5380,
    0x3d5380,0x3d5380,0x3d5380,0x3d5380,0x3e5481,0x3d5380,0x374c75,0x32456b,0x32446a,0x32456b,0x32456b,0x32456b,
    0x32456b,0x32456b,0x32456b,0x32456b,
    0x2b3a55,0x2b3953,0x2d3e5d,0x32466c,0x32456b,0x32456b,0x32456b,0x32456b,0x32456b,0x32456b,0x32456b,0x32456b,
    0x32456b,0x32456b,0x32456b,0x32456b,0x32456b,0x32456b,0x314469,0x32456c,0x374b74,0x3c527e,0x3e5482,0x3d5381,
    0x3d5380,0x3d5380,0x3d5380,0x3d5380,0x3d5380,0x3d5380,0x3d5380,0x3d5380,0x3d5380,0x3d5380,0x3d5380,0x3d5380,
    0x3d5380,0x3d5380,0x3d5380,0x3d5380,0x3d5380,0x3d5380,0x3d5380,0x3d5380,0x3d5380,0x3d5380,0x3d5380,0x3d5380,
    0x3d5380,0x3d5380,0x3d5380,0x3d5380,0x3d5380,0x3d5380,0x3d5380,0x3d5380,0x3d5380,0x3d5380,0x3d5380,0x3d5380,
    0x3d5380,0x3d5380,0x3d5380,0x3d5380,0x3d5380,0x3d5380,0x3d5380,0x3d5380,0x3d5380,0x3d5380,0x3d5380,0x3d5380,
    0x3d5380,0x3d5381,0x3e5481,0x3c527e,0x374b74,0x33466c,0x314469,0x32456b,0x32456b,0x32456b,0x32456b,0x32456b,
    0x32456b,0x32456b,0x32456b,0x32456b,0x32456b,0x32456b,0x32456b,0x32456b,0x32456b,0x32456b,0x32456b,0x32456b,
    0x32456b,0x32456b,0x32456b,0x32456b,0x32456a,0x32456b,0x384d77,0x3e5481,0x3d5380,0x3d5380,0x3d5380,0x3d5380,
    0x3d5380,0x3d5380,0x3d5380,0x3d5380,0x3d5380,0x3d5380,0x3d5380,0x3d5380,0x3d5380,0x3d5380,0x3d5380,0x3d5380,
    0x3d5380,0x3d5380,0x3d5380,0x3d5380,0x3d5380,0x3d5380,0x3d5380,0x3d5380,0x3d5380,0x3d5380,0x3d5380,0x3d5380,
    0x3d5380,0x3d5380,0x3d5380,0x3d5380,0x3d5380,0x3d5380,0x3d5380,0x3d5380,0x3d5380,0x3d5380,0x3d5380,0x3d5380,
    0x3d5380,0x3d5380,0x3d5380,0x3d5380,0x3d5380,0x3d5380,0x3e5481,0x3a507b,0x34476e,0x314469,0x32456b,0x32456b,
    0x32456b,0x32456b,0x32456b,0x32456b,
    0x2b3953,0x2d3c5a,0x32456b,0x32456b,0x32456b,0x32456b,0x32456b,0x32456b,0x32456b,0x32456b,0x32456b,0x32456b,
    0x32456b,0x32456b,0x32456b,0x32456b,0x314469,0x32456c,0x374b75,0x3c527e,0x3e5481,0x3d5381,0x3d5380,0x3d5380,
    0x3d5380,0x3d5380,0x3d5380,0x3d5380,0x3d5380,0x3d5380,0x3d5380,0x3d5380,0x3d5380,0x3d5380,0x3d5380,0x3d5380,
    0x3d5380,0x3d5380,0x3d5380,0x3d5380,0x3d5380,0x3d5380,0x3d5380,0x3d5380,0x3d5380,0x3d5380,0x3d5380,0x3d5380,
    0x3d5380,0x3d5380,0x3d5380,0x3d5380,0x3d5380,0x3d5380,0x3d5380,0x3d5380,0x3d5380,0x3d5380,0x3d5380,0x3d5380,
    0x3d5380,0x3d5380,0x3d5380,0x3d5380,0x3d5380,0x3d5380,0x3d5380,0x3d5380,0x3d5380,0x3d5380,0x3d5380,0x3d5380,
    0x3d5380,0x3d5380,0x3d5380,0x3d5381,0x3e5482,0x3c527e,0x374c75,0x33466c,0x314469,0x32456a,0x32456b,0x32456b,
    0x32456b,0x32456b,0x32456b,0x32456b,0x32456b,0x32456b,0x32456b,0x32456b,0x32456b,0x32456b,0x32456b,0x32456b,
    0x32456b,0x32456b,0x32456b,0x31446a,0x33466c,0x3a4f7b,0x3e5482,0x3d5380,0x3d5380,0x3d5380,0x3d5380,0x3d5380,
    0x3d5380,0x3d5380,0x3d5380,0x3d5380,0x3d5380,0x3d5380,0x3d5380,0x3d5380,0x3d5380,0x3d5380,0x3d5380,0x3d5380,
    0x3d5380,0x3d5380,0x3d5380,0x3d5380,0x3d5380,0x3d5380,0x3d5380,0x3d5380,0x3d5380,0x3d5380,0x3d5380,0x3d5380,
    0x3d5380,0x3d5380,0x3d5380,0x3d5380,0x3d5380,0x3d5380,0x3d5380,0x3d5380,0x3d5380,0x3d5380,0x3d5380,0x3d5380,
    0x3d5380,0x3d5380,0x3d5380,0x3d5380,0x3d5380,0x3d5380,0x3d5380,0x3e5481,0x3d5380,0x364b74,0x32446a,0x32446a,
    0x32456b,0x32456b,0x32456b,0x32456b,
    0x2c3b58,0x314469,0x32456c,0x32456b,0x32456b,0x32456b,0x32456b,0x32456b,0x32456b,0x32456b,0x32456b,0x32456b,
    0x32456b,0x32456b,0x314469,0x32456c,0x374b74,0x3c527e,0x3e5482,0x3d5381,0x3d5380,0x3d5380,0x3d5380,0x3d5380,
    0x3d5380,0x3d5380,0x3d5380,0x3d5380,0x3d5380,0x3d5380,0x3d5380,0x3d5380,0x3d5380,0x3d5380,0x3d5380,0x3d5380,
    0x3d5380,0x3d5380,0x3d5380,0x3d5380,0x3d5380,0x3d5380,0x3d5380,0x3d5380,0x3d5380,0x3d5380,0x3d5380,0x3d5380,
    0x3d5380,0x3d5380,0x3d5380,0x3d5380,0x3d5380,0x3d5380,0x3d5380,0x3d5380,0x3d5380,0x3d5380,0x3d5380,0x3d5380,
    0x3d5380,0x3d5380,0x3d5380,0x3d5380,0x3d5380,0x3d5380,0x3d5380,0x3d5380,0x3d5380,0x3d5380,0x3d5380,0x3d5380,
    0x3d5380,0x3d5380,0x3d5380,0x3d5380,0x3d5380,0x3d5381,0x3e5482,0x3c527f,0x384c76,0x33466d,0x31446a,0x32456a,
    0x32456b,0x32456b,0x32456b,0x32456b,0x32456b,0x32456b,0x32456b,0x32456b,0x32456b,0x32456b,0x32456b,0x32456b,
    0x32456b,0x32456b,0x31446a,0x34476f,0x3c517d,0x3e5481,0x3d5380,0x3d5380,0x3d5380,0x3d5380,0x3d5380,0x3d5380,
    0x3d5380,0x3d5380,0x3d5380,0x3d5380,0x3d5380,0x3d5380,0x3d5380,0x3d5380,0x3d5380,0x3d5380,0x3d5380,0x3d5380,
    0x3d5380,0x3d5380,0x3d5380,0x3d5380,0x3d5380,0x3d5380,0x3d5380,0x3d5380,0x3d5380,0x3d5380,0x3d5380,0x3d5380,
    0x3d5380,0x3d5380,0x3d5380,0x3d5380,0x3d5380,0x3d5380,0x3d5380,0x3d5380,0x3d5380,0x3d5380,0x3d5380,0x3d5380,
    0x3d5380,0x3d5380,0x3d5380,0x3d5380,0x3d5380,0x3d5380,0x3d5380,0x3d5380,0x3d5380,0x3e5482,0x3a4f7a,0x33466e,
    0x314469,0x32456b,0x32456b,0x32456b,
    0x314468,0x32456c,0x32456b,0x32456b,0x32456b,0x32456b,0x32456b,0x32456b,0x32456b,0x32456b,0x32456b,0x32456b,
    0x314469,0x32456c,0x374b75,0x3c527e,0x3e5481,0x3d5381,0x3d5380,0x3d5380,0x3d5380,0x3d5380,0x3d5380,0x3d5380,
    0x3d5380,0x3d5380,0x3d5380,0x3d5380,0x3d5380,0x3d5380,0x3d5380,0x3d5380,0x3d5380,0x3d5380,0x3d5380,0x3d5380,
    0x3d5380,0x3d5380,0x3d5380,0x3d5380,0x3d5380,0x3d5380,0x3d5380,0x3d5380,0x3d5380,0x3d5380,0x3d5380,0x3d5380,
    0x3d5380,0x3d5380,0x3d5380,0x3d5380,0x3d5380,0x3d5380,0x3d5380,0x3d5380,0x3d5380,0x3d5380,0x3d5380,0x3d5380,
    0x3d5380,0x3d5380,0x3d5380,0x3d5380,0x3d5380,0x3d5380,0x3d5380,0x3d5380,0x3d5380,0x3d5380,0x3d5380,0x3d5380,
    0x3d5380,0x3d5380,0x3d5380,0x3d5380,0x3d5380,0x3d5380,0x3d5380,0x3d5380,0x3e5482,0x3c527f,0x384d77,0x33476e,
    0x31446a,0x32446a,0x32456b,0x32456b,0x32456b,0x32456b,0x32456b,0x32456b,0x32456b,0x32456b,0x32456b,0x32456b,
    0x32456b,0x31446a,0x354972,0x3d5380,0x3d5481,0x3d5380,0x3d5380,0x3d5380,0x3d5380,0x3d5380,0x3d5380,0x3d5380,
    0x3d5380,0x3d5380,0x3d5380,0x3d5380,0x3d5380,0x3d5380,0x3d5380,0x3d5380,0x3d5380,0x3d5380,0x3d5380,0x3d5380,
    0x3d5380,0x3d5380,0x3d5380,0x3d5380,0x3d5380,0x3d5380,0x3d5380,0x3d5380,0x3d5380,0x3d5380,0x3d5380,0x3d5380,
    0x3d5380,0x3d5380,0x3d5380,0x3d5380,0x3d5380,0x3d5380,0x3d5380,0x3d5380,0x3d5380,0x3d5380,0x3d5380,0x3d5380,
    0x3d5380,0x3d5380,0x3d5380,0x3d5380,0x3d5380,0x3d5380,0x3d5380,0x3d5380,0x3d5380,0x3d5380,0x3e5481,0x3d527f,
    0x364a73,0x31446a,0x32456a,0x32456b,
    0x32456b,0x32456b,0x32456b,0x32456b,0x32456b,0x32456b,0x32456b,0x32456b,0x32456b,0x32456b,0x314469,0x32456c,
    0x374b74,0x3c527e,0x3e5482,0x3d5381,0x3d5380,0x3d5380,0x3d5380,0x3d5380,0x3d5380,0x3d5380,0x3d5380,0x3d5380,
    0x3d5380,0x3d5380,0x3d5380,0x3d5380,0x3d5380,0x3d5380,0x3d5380,0x3d5380,0x3d5380,0x3d5380,0x3d5380,0x3d5380,
    0x3d5380,0x3d5380,0x3d5380,0x3d5380,0x3d5380,0x3d5380,0x3d5380,0x3d5380,0x3d5380,0x3d5380,0x3d5380,0x3d5380,
    0x3d5380,0x3d5380,0x3d5380,0x3d5380,0x3d5380,0x3d5380,0x3d5380,0x3d5380,0x3d5380,0x3d5380,0x3d5380,0x3d5380,
    0x3d5380,0x3d5380,0x3d5380,0x3d5380,0x3d5380,0x3d5380,0x3d5380,0x3d5380,0x3d5380,0x3d5380,0x3d5380,0x3d5380,
    0x3d5380,0x3d5380,0x3d5380,0x3d5380,0x3d5380,0x3d5380,0x3d5380,0x3d5380,0x3d5380,0x3d5380,0x3e5482,0x3d5380,
    0x394d78,0x34476e,0x31446a,0x32446a,0x32456b,0x32456b,0x32456b,0x32456b,0x32456b,0x32456b,0x32456b,0x32456b,
    0x31446a,0x374c75,0x3e5481,0x3d5380,0x3d5380,0x3d5380,0x3d5380,0x3d5380,0x3d5380,0x3d5380,0x3d5380,0x3d5380,
    0x3d5380,0x3d5380,0x3d5380,0x3d5380,0x3d5380,0x3d5380,0x3d5380,0x3d5380,0x3d5380,0x3d5380,0x3d5380,0x3d5380,
    0x3d5380,0x3d5380,0x3d5380,0x3d5380,0x3d5380,0x3d5380,0x3d5380,0x3d5380,0x3d5380,0x3d5380,0x3d5380,0x3d5380,
    0x3d5380,0x3d5380,0x3d5380,0x3d5380,0x3d5380,0x3d5380,0x3d5380,0x3d5380,0x3d5380,0x3d5380,0x3d5380,0x3d5380,
    0x3d5380,0x3d5380,0x3d5380,0x3d5380,0x3d5380,0x3d5380,0x3d5380,0x3d5380,0x3d5380,0x3d5380,0x3d5380,0x3d5380,
    0x3e5481,0x3a4f79,0x33466d,0x314469,
    0x32456b,0x32456b,0x32456b,0x32456b,0x32456b,0x32456b,0x32456b,0x32456b,0x314469,0x32456c,0x374b75,0x3c527e,
    0x3e5481,0x3d5381,0x3d5380,0x3d5380,0x3d5380,0x3d5380,0x3d5380,0x3d5380,0x3d5380,0x3d5380,0x3d5380,0x3d5380,
    0x3d5380,0x3d5380,0x3d5380,0x3d5380,0x3d5380,0x3d5380,0x3d5380,0x3d5380,0x3d5380,0x3d5380,0x3d5380,0x3d5380,
    0x3d5380,0x3d5380,0x3d5380,0x3d5380,0x3d5380,0x3d5380,0x3d5380,0x3d5380,0x3d5380,0x3d5380,0x3d5380,0x3d5380,
    0x3d5380,0x3d5380,0x3d5380,0x3d5380,0x3d5380,0x3d5380,0x3d5380,0x3d5380,0x3d5380,0x3d5380,0x3d5380,0x3d5380,
    0x3d5380,0x3d5380,0x3d5380,0x3d5380,0x3d5380,0x3d5380,0x3d5380,0x3d5380,0x3d5380,0x3d5380,0x3d5380,0x3d5380,
    0x3d5380,0x3d5380,0x3d5380,0x3d5380,0x3d5380,0x3d5380,0x3d5380,0x3d5380,0x3d5380,0x3d5380,0x3d5380,0x3d5380,
    0x3e5481,0x3d5380,0x394e78,0x34476f,0x31446a,0x31446a,0x32456b,0x32456b,0x32456b,0x32456b,0x32446a,0x32456b,
    0x394e78,0x3e5481,0x3d5380,0x3d5380,0x3d5380,0x3d5380,0x3d5380,0x3d5380,0x3d5380,0x3d5380,0x3d5380,0x3d5380,
    0x3d5380,0x3d5380,0x3d5380,0x3d5380,0x3d5380,0x3d5380,0x3d5380,0x3d5380,0x3d5380,0x3d5380,0x3d5380,0x3d5380,
    0x3d5380,0x3d5380,0x3d5380,0x3d5380,0x3d5380,0x3d5380,0x3d5380,0x3d5380,0x3d5380,0x3d5380,0x3d5380,0x3d5380,
    0x3d5380,0x3d5380,0x3d5380,0x3d5380,0x3d5380,0x3d5380,0x3d5380,0x3d5380,0x3d5380,0x3d5380,0x3d5380,0x3d5380,
    0x3d5380,0x3d5380,0x3d5380,0x3d5380,0x3d5380,0x3d5380,0x3d5380,0x3d5380,0x3d5380,0x3d5380,0x3d5380,0x3d5380,
    0x3d5380,0x3e5482,0x3c527e,0x364a73,
    0x32456b,0x32456b,0x32456b,0x32456b,0x32456b,0x32456b,0x314469,0x32456c,0x374b74,0x3c527e,0x3e5482,0x3d5381,
    0x3d5380,0x3d5380,0x3d5380,0x3d5380,0x3d5380,0x3d5380,0x3d5380,0x3d5380,0x3d5380,0x3d5380,0x3d5380,0x3d5380,
    0x3d5380,0x3d5380,0x3d5380,0x3d5380,0x3d5380,0x3d5380,0x3d5380,0x3d5380,0x3d5380,0x3d5380,0x3d5380,0x3d5380,
    0x3d5380,0x3d5380,0x3d5380,0x3d5380,0x3d5380,0x3d5380,0x3d5380,0x3d5380,0x3d5380,0x3d5380,0x3d5380,0x3d5380,
    0x3d5380,0x3d5380,0x3d5380,0x3d5380,0x3d5380,0x3d5380,0x3d5380,0x3d5380,0x3d5380,0x3d5380,0x3d5380,0x3d5380,
    0x3d5380,0x3d5380,0x3d5380,0x3d5380,0x3d5380,0x3d5380,0x3d5380,0x3d5380,0x3d5380,0x3d5380,0x3d5380,0x3d5380,
    0x3d5380,0x3d5380,0x3d5380,0x3d5380,0x3d5380,0x3d5380,0x3d5380,0x3d5380,0x3d5380,0x3d5380,0x3d5380,0x3d5380,
    0x3d5380,0x3d5380,0x3e5481,0x3d5380,0x394e79,0x34486f,0x31446a,0x31446a,0x32456b,0x31446a,0x33466d,0x3b507c,
    0x3e5482,0x3d5380,0x3d5380,0x3d5380,0x3d5380,0x3d5380,0x3d5380,0x3d5380,0x3d5380,0x3d5380,0x3d5380,0x3d5380,
    0x3d5380,0x3d5380,0x3d5380,0x3d5380,0x3d5380,0x3d5380,0x3d5380,0x3d5380,0x3d5380,0x3d5380,0x3d5380,0x3d5380,
    0x3d5380,0x3d5380,0x3d5380,0x3d5380,0x3d5380,0x3d5380,0x3d5380,0x3d5380,0x3d5380,0x3d5380,0x3d5380,0x3d5380,
    0x3d5380,0x3d5380,0x3d5380,0x3d5380,0x3d5380,0x3d5380,0x3d5380,0x3d5380,0x3d5380,0x3d5380,0x3d5380,0x3d5380,
    0x3d5380,0x3d5380,0x3d5380,0x3d5380,0x3d5380,0x3d5380,0x3d5380,0x3d5380,0x3d5380,0x3d5380,0x3d5380,0x3d5380,
    0x3d5380,0x3d5380,0x3d5380,0x3d5481,
    0x32456b,0x32456b,0x32456b,0x32456b,0x314469,0x32456c,0x374b75,0x3c527e,0x3e5481,0x3d5381,0x3d5380,0x3d5380,
    0x3d5380,0x3d5380,0x3d5380,0x3d5380,0x3d5380,0x3d5380,0x3d5380,0x3d5380,0x3d5380,0x3d5380,0x3d5380,0x3d5380,
    0x3d5380,0x3d5380,0x3d5380,0x3d5380,0x3d5380,0x3d5380,0x3d5380,0x3d5380,0x3d5380,0x3d5380,0x3d5380,0x3d5380,
    0x3d5380,0x3d5380,0x3d5380,0x3d5380,0x3d5380,0x3d5380,0x3d5380,0x3d5380,0x3d5380,0x3d5380,0x3d5380,0x3d5380,
    0x3d5380,0x3d5380,0x3d5380,0x3d5380,0x3d5380,0x3d5380,0x3d5380,0x3d5380,0x3d5380,0x3d5380,0x3d5380,0x3d5380,
    0x3d5380,0x3d5380,0x3d5380,0x3d5380,0x3d5380,0x3d5380,0x3d5380,0x3d5380,0x3d5380,0x3d5380,0x3d5380,0x3d5380,
    0x3d5380,0x3d5380,0x3d5380,0x3d5380,0x3d5380,0x3d5380,0x3d5380,0x3d5380,0x3d5380,0x3d5380,0x3d5380,0x3d5380,
    0x3d5380,0x3d5380,0x3d5380,0x3d5380,0x3e5481,0x3d5380,0x3a4f7a,0x354870,0x314469,0x34486f,0x3c527e,0x3e5481,
    0x3d5380,0x3d5380,0x3d5380,0x3d5380,0x3d5380,0x3d5380,0x3d5380,0x3d5380,0x3d5380,0x3d5380,0x3d5380,0x3d5380,
    0x3d5380,0x3d5380,0x3d5380,0x3d5380,0x3d5380,0x3d5380,0x3d5380,0x3d5380,0x3d5380,0x3d5380,0x3d5380,0x3d5380,
    0x3d5380,0x3d5380,0x3d5380,0x3d5380,0x3d5380,0x3d5380,0x3d5380,0x3d5380,0x3d5380,0x3d5380,0x3d5380,0x3d5380,
    0x3d5380,0x3d5380,0x3d5380,0x3d5380,0x3d5380,0x3d5380,0x3d5380,0x3d5380,0x3d5380,0x3d5380,0x3d5380,0x3d5380,
    0x3d5380,0x3d5380,0x3d5380,0x3d5380,0x3d5380,0x3d5380,0x3d5380,0x3d5380,0x3d5380,0x3d5380,0x3d5380,0x3d5380,
    0x3d5380,0x3d5380,0x3d5380,0x3d5380,
    0x32456b,0x32456b,0x314469,0x32456c,0x374b74,0x3c527e,0x3e5482,0x3d5381,0x3d5380,0x3d5380,0x3d5380,0x3d5380,
    0x3d5380,0x3d5380,0x3d5380,0x3d5380,0x3d5380,0x3d5380,0x3d5380,0x3d5380,0x3d5380,0x3d5380,0x3d5380,0x3d5380,
    0x3d5380,0x3d5380,0x3d5380,0x3d5380,0x3d5380,0x3d5380,0x3d5380,0x3d5380,0x3d5380,0x3d5380,0x3d5380,0x3d5380,
    0x3d5380,0x3d5380,0x3d5380,0x3d5380,0x3d5380,0x3d5380,0x3d5380,0x3d5380,0x3d5380,0x3d5380,0x3d5380,0x3d5380,
    0x3d5380,0x3d5380,0x3d5380,0x3d5380,0x3d5380,0x3d5380,0x3d5380,0x3d5380,0x3d5380,0x3d5380,0x3d5380,0x3d5380,
    0x3d5380,0x3d5380,0x3d5380,0x3d5380,0x3d5380,0x3d5380,0x3d5380,0x3d5380,0x3d5380,0x3d5380,0x3d5380,0x3d5380,
    0x3d5380,0x3d5380,0x3d5380,0x3d5380,0x3d5380,0x3d5380,0x3d5380,0x3d5380,0x3d5380,0x3d5380,0x3d5380,0x3d5380,
    0x3d5380,0x3d5380,0x3d5380,0x3d5380,0x3d5380,0x3d5380,0x3e5481,0x3d5381,0x3a4f7b,0x3d527f,0x3d5481,0x3d5380,
    0x3d5380,0x3d5380,0x3d5380,0x3d5380,0x3d5380,0x3d5380,0x3d5380,0x3d5380,0x3d5380,0x3d5380,0x3d5380,0x3d5380,
    0x3d5380,0x3d5380,0x3d5380,0x3d5380,0x3d5380,0x3d5380,0x3d5380,0x3d5380,0x3d5380,0x3d5380,0x3d5380,0x3d5380,
    0x3d5380,0x3d5380,0x3d5380,0x3d5380,0x3d5380,0x3d5380,0x3d5380,0x3d5380,0x3d5380,0x3d5380,0x3d5380,0x3d5380,
    0x3d5380,0x3d5380,0x3d5380,0x3d5380,0x3d5380,0x3d5380,0x3d5380,0x3d5380,0x3d5380,0x3d5380,0x3d5380,0x3d5380,
    0x3d5380,0x3d5380,0x3d5380,0x3d5380,0x3d5380,0x3d5380,0x3d5380,0x3d5380,0x3d5380,0x3d5380,0x3d5380,0x3d5380,
    0x3d5380,0x3d5380,0x3d5380,0x3d5380,
    0x314469,0x32456c,0x374b75,0x3c527e,0x3e5481,0x3d5381,0x3d5380,0x3d5380,0x3d5380,0x3d5380,0x3d5380,0x3d5380,
    0x3d5380,0x3d5380,0x3d5380,0x3d5380,0x3d5380,0x3d5380,0x3d5380,0x3d5380,0x3d5380,0x3d5380,0x3d5380,0x3d5380,
    0x3d5380,0x3d5380,0x3d5380,0x3d5380,0x3d5380,0x3d5380,0x3d5380,0x3d5380,0x3d5380,0x3d5380,0x3d5380,0x3d5380,
    0x3d5380,0x3d5380,0x3d5380,0x3d5380,0x3d5380,0x3d5380,0x3d5380,0x3d5380,0x3d5380,0x3d5380,0x3d5380,0x3d5380,
    0x3d5380,0x3d5380,0x3d5380,0x3d5380,0x3d5380,0x3d5380,0x3d5380,0x3d5380,0x3d5380,0x3d5380,0x3d5380,0x3d5380,
    0x3d5380,0x3d5380,0x3d5380,0x3d5380,0x3d5380,0x3d5380,0x3d5380,0x3d5380,0x3d5380,0x3d5380,0x3d5380,0x3d5380,
    0x3d5380,0x3d5380,0x3d5380,0x3d5380,0x3d5380,0x3d5380,0x3d5380,0x3d5380,0x3d5380,0x3d5380,0x3d5380,0x3d5380,
    0x3d5380,0x3d5380,0x3d5380,0x3d5380,0x3d5380,0x3d5380,0x3d5380,0x3d5380,0x3e5481,0x3d5380,0x3d5380,0x3d5380,
    0x3d5380,0x3d5380,0x3d5380,0x3d5380,0x3d5380,0x3d5380,0x3d5380,0x3d5380,0x3d5380,0x3d5380,0x3d5380,0x3d5380,
    0x3d5380,0x3d5380,0x3d5380,0x3d5380,0x3d5380,0x3d5380,0x3d5380,0x3d5380,0x3d5380,0x3d5380,0x3d5380,0x3d5380,
    0x3d5380,0x3d5380,0x3d5380,0x3d5380,0x3d5380,0x3d5380,0x3d5380,0x3d5380,0x3d5380,0x3d5380,0x3d5380,0x3d5380,
    0x3d5380,0x3d5380,0x3d5380,0x3d5380,0x3d5380,0x3d5380,0x3d5380,0x3d5380,0x3d5380,0x3d5380,0x3d5380,0x3d5380,
    0x3d5380,0x3d5380,0x3d5380,0x3d5380,0x3d5380,0x3d5380,0x3d5380,0x3d5380,0x3d5380,0x3d5380,0x3d5380,0x3d5380,
    0x3d5380,0x3d5380,0x3d5380,0x3d5380,
    0x374b75,0x3c517e,0x3e5482,0x3d5381,0x3d5380,0x3d5380,0x3d5380,0x3d5380,0x3d5380,0x3d5380,0x3d5380,0x3d5380,
    0x3d5380,0x3d5380,0x3d5380,0x3d5380,0x3d5380,0x3d5380,0x3d5380,0x3d5380,0x3d5380,0x3d5380,0x3d5380,0x3d5380,
    0x3d5380,0x3d5380,0x3d5380,0x3d5380,0x3d5380,0x3d5380,0x3d5380,0x3d5380,0x3d5380,0x3d5380,0x3d5380,0x3d5380,
    0x3d5380,0x3d5380,0x3d5380,0x3d5380,0x3d5380,0x3d5380,0x3d5380,0x3d5380,0x3d5380,0x3d5380,0x3d5380,0x3d5380,
    0x3d5380,0x3d5380,0x3d5380,0x3d5380,0x3d5380,0x3d5380,0x3d5380,0x3d5380,0x3d5380,0x3d5380,0x3d5380,0x3d5380,
    0x3d5380,0x3d5380,0x3d5380,0x3d5380,0x3d5380,0x3d5380,0x3d5380,0x3d5380,0x3d5380,0x3d5380,0x3d5380,0x3d5380,
    0x3d5380,0x3d5380,0x3d5380,0x3d5380,0x3d5380,0x3d5380,0x3d5380,0x3d5380,0x3d5380,0x3d5380,0x3d5380,0x3d5380,
    0x3d5380,0x3d5380,0x3d5380,0x3d5380,0x3d5380,0x3d5380,0x3d5380,0x3d5380,0x3d5380,0x3d5380,0x3d5380,0x3d5380,
    0x3d5380,0x3d5380,0x3d5380,0x3d5380,0x3d5380,0x3d5380,0x3d5380,0x3d5380,0x3d5380,0x3d5380,0x3d5380,0x3d5380,
    0x3d5380,0x3d5380,0x3d5380,0x3d5380,0x3d5380,0x3d5380,0x3d5380,0x3d5380,0x3d5380,0x3d5380,0x3d5380,0x3d5380,
    0x3d5380,0x3d5380,0x3d5380,0x3d5380,0x3d5380,0x3d5380,0x3d5380,0x3d5380,0x3d5380,0x3d5380,0x3d5380,0x3d5380,
    0x3d5380,0x3d5380,0x3d5380,0x3d5380,0x3d5380,0x3d5380,0x3d5380,0x3d5380,0x3d5380,0x3d5380,0x3d5380,0x3d5380,
    0x3d5380,0x3d5380,0x3d5380,0x3d5380,0x3d5380,0x3d5380,0x3d5380,0x3d5380,0x3d5380,0x3d5380,0x3d5380,0x3d5380,
    0x3d5380,0x3d5380,0x3d5380,0x3d5380,
    0x3e5481,0x3d5381,0x3d5380,0x3d5380,0x3d5380,0x3d5380,0x3d5380,0x3d5380,0x3d5380,0x3d5380,0x3d5380,0x3d5380,
    0x3d5380,0x3d5380,0x3d5380,0x3d5380,0x3d5380,0x3d5380,0x3d5380,0x3d5380,0x3d5380,0x3d5380,0x3d5380,0x3d5380,
    0x3d5380,0x3d5380,0x3d5380,0x3d5380,0x3d5380,0x3d5380,0x3d5380,0x3d5380,0x3d5380,0x3d5380,0x3d5380,0x3d5380,
    0x3d5380,0x3d5380,0x3d5380,0x3d5380,0x3d5380,0x3d5380,0x3d5380,0x3d5380,0x3d5380,0x3d5380,0x3d5380,0x3d5380,
    0x3d5380,0x3d5380,0x3d5380,0x3d5380,0x3d5380,0x3d5380,0x3d5380,0x3d5380,0x3d5380,0x3d5380,0x3d5380,0x3d5380,
    0x3d5380,0x3d5380,0x3d5380,0x3d5380,0x3d5380,0x3d5380,0x3d5380,0x3d5380,0x3d5380,0x3d5380,0x3d5380,0x3d5380,
    0x3d5380,0x3d5380,0x3d5380,0x3d5380,0x3d5380,0x3d5380,0x3d5380,0x3d5380,0x3d5380,0x3d5380,0x3d5380,0x3d5380,
    0x3d5380,0x3d5380,0x3d5380,0x3d5380,0x3d5380,0x3d5380,0x3d5380,0x3d5380,0x3d5380,0x3d5380,0x3d5380,0x3d5380,
    0x3d5380,0x3d5380,0x3d5380,0x3d5380,0x3d5380,0x3d5380,0x3d5380,0x3d5380,0x3d5380,0x3d5380,0x3d5380,0x3d5380,
    0x3d5380,0x3d5380,0x3d5380,0x3d5380,0x3d5380,0x3d5380,0x3d5380,0x3d5380,0x3d5380,0x3d5380,0x3d5380,0x3d5380,
    0x3d5380,0x3d5380,0x3d5380,0x3d5380,0x3d5380,0x3d5380,0x3d5380,0x3d5380,0x3d5380,0x3d5380,0x3d5380,0x3d5380,
    0x3d5380,0x3d5380,0x3d5380,0x3d5380,0x3d5380,0x3d5380,0x3d5380,0x3d5380,0x3d5380,0x3d5380,0x3d5380,0x3d5380,
    0x3d5380,0x3d5380,0x3d5380,0x3d5380,0x3d5380,0x3d5380,0x3d5380,0x3d5380,0x3d5380,0x3d5380,0x3d5380,0x3d5380,
    0x3d5380,0x3d5380,0x3d5380,0x3d5380,
    0x3d5380,0x3d5380,0x3d5380,0x3d5380,0x3d5380,0x3d5380,0x3d5380,0x3d5380,0x3d5380,0x3d5380,0x3d5380,0x3d5380,
    0x3d5380,0x3d5380,0x3d5380,0x3d5380,0x3d5380,0x3d5380,0x3d5380,0x3d5380,0x3d5380,0x3d5380,0x3d5380,0x3d5380,
    0x3d5380,0x3d5380,0x3d5380,0x3d5380,0x3d5380,0x3d5380,0x3d5380,0x3d5380,0x3d5380,0x3d5380,0x3d5380,0x3d5380,
    0x3d5380,0x3d5380,0x3d5380,0x3d5380,0x3d5380,0x3d5380,0x3d5380,0x3d5380,0x3d5380,0x3d5380,0x3d5380,0x3d5380,
    0x3d5380,0x3d5380,0x3d5380,0x3d5380,0x3d5380,0x3d5380,0x3d5380,0x3d5380,0x3d5380,0x3d5380,0x3d5380,0x3d5380,
    0x3d5380,0x3d5380,0x3d5380,0x3d5380,0x3d5380,0x3d5380,0x3d5380,0x3d5380,0x3d5380,0x3d5380,0x3d5380,0x3d5380,
    0x3d5380,0x3d5380,0x3d5380,0x3d5380,0x3d5380,0x3d5380,0x3d5380,0x3d5380,0x3d5380,0x3d5380,0x3d5380,0x3d5380,
    0x3d5380,0x3d5380,0x3d5380,0x3d5380,0x3d5380,0x3d5380,0x3d5380,0x3d5380,0x3d5380,0x3d5380,0x3d5380,0x3d5380,
    0x3d5380,0x3d5380,0x3d5380,0x3d5380,0x3d5380,0x3d5380,0x3d5380,0x3d5380,0x3d5380,0x3d5380,0x3d5380,0x3d5380,
    0x3d5380,0x3d5380,0x3d5380,0x3d5380,0x3d5380,0x3d5380,0x3d5380,0x3d5380,0x3d5380,0x3d5380,0x3d5380,0x3d5380,
    0x3d5380,0x3d5380,0x3d5380,0x3d5380,0x3d5380,0x3d5380,0x3d5380,0x3d5380,0x3d5380,0x3d5380,0x3d5380,0x3d5380,
    0x3d5380,0x3d5380,0x3d5380,0x3d5380,0x3d5380,0x3d5380,0x3d5380,0x3d5380,0x3d5380,0x3d5380,0x3d5380,0x3d5380,
    0x3d5380,0x3d5380,0x3d5380,0x3d5380,0x3d5380,0x3d5380,0x3d5380,0x3d5380,0x3d5380,0x3d5380,0x3d5380,0x3d5380,
    0x3d5380,0x3d5380,0x3d5380,0x3d5380,
    0x3d5380,0x3d5380,0x3d5380,0x3d5380,0x3d5380,0x3d5380,0x3d5380,0x3d5380,0x3d5380,0x3d5380,0x3d5380,0x3d5380,
    0x3d5380,0x3d5380,0x3d5380,0x3d5380,0x3d5380,0x3d5380,0x3d5380,0x3d5380,0x3d5380,0x3d5380,0x3d5380,0x3d5380,
    0x3d5380,0x3d5380,0x3d5380,0x3d5380,0x3d5380,0x3d5380,0x3d5380,0x3d5380,0x3d5380,0x3d5380,0x3d5380,0x3d5380,
    0x3d5380,0x3d5380,0x3d5380,0x3d5380,0x3d5380,0x3d5380,0x3d5380,0x3d5380,0x3d5380,0x3d5380,0x3d5380,0x3d5380,
    0x3d5380,0x3d5380,0x3d5380,0x3d5380,0x3d5380,0x3d5380,0x3d5380,0x3d5380,0x3d5380,0x3d5380,0x3d5380,0x3d5380,
    0x3d5380,0x3d5380,0x3d5380,0x3d5380,0x3d5380,0x3d5380,0x3d5380,0x3d5380,0x3d5380,0x3d5380,0x3d5380,0x3d5380,
    0x3d5380,0x3d5380,0x3d5380,0x3d5380,0x3d5380,0x3d5380,0x3d5380,0x3d5380,0x3d5380,0x3d5380,0x3d5380,0x3d5380,
    0x3d5380,0x3d5380,0x3d5380,0x3d5380,0x3d5380,0x3d5380,0x3d5380,0x3d5380,0x3d5380,0x3d5380,0x3d5380,0x3d5380,
    0x3d5380,0x3d5380,0x3d5380,0x3d5380,0x3d5380,0x3d5380,0x3d5380,0x3d5380,0x3d5380,0x3d5380,0x3d5380,0x3d5380,
    0x3d5380,0x3d5380,0x3d5380,0x3d5380,0x3d5380,0x3d5380,0x3d5380,0x3d5380,0x3d5380,0x3d5380,0x3d5380,0x3d5380,
    0x3d5380,0x3d5380,0x3d5380,0x3d5380,0x3d5380,0x3d5380,0x3d5380,0x3d5380,0x3d5380,0x3d5380,0x3d5380,0x3d5380,
    0x3d5380,0x3d5380,0x3d5380,0x3d5380,0x3d5380,0x3d5380,0x3d5380,0x3d5380,0x3d5380,0x3d5380,0x3d5380,0x3d5380,
    0x3d5380,0x3d5380,0x3d5380,0x3d5380,0x3d5380,0x3d5380,0x3d5380,0x3d5380,0x3d5380,0x3d5380,0x3d5380,0x3d5380,
    0x3d5380,0x3d5380,0x3d5380,0x3d5380,
    0x3d5380,0x3d5380,0x3d5380,0x3d5380,0x3d5380,0x3d5380,0x3d5380,0x3d5380,0x3d5380,0x3d5380,0x3d5380,0x3d5380,
    0x3d5380,0x3d5380,0x3d5380,0x3d5380,0x3d5380,0x3d5380,0x3d5380,0x3d5380,0x3d5380,0x3d5380,0x3d5380,0x3d5380,
    0x3d5380,0x3d5380,0x3d5380,0x3d5380,0x3d5380,0x3d5380,0x3d5380,0x3d5380,0x3d5380,0x3d5380,0x3d5380,0x3d5380,
    0x3d5380,0x3d5380,0x3d5380,0x3d5380,0x3d5380,0x3d5380,0x3d5380,0x3d5380,0x3d5380,0x3d5380,0x3d5380,0x3d5380,
    0x3d5380,0x3d5380,0x3d5380,0x3d5380,0x3d5380,0x3d5380,0x3d5380,0x3d5380,0x3d5380,0x3d5380,0x3d5380,0x3d5380,
    0x3d5380,0x3d5380,0x3d5380,0x3d5380,0x3d5380,0x3d5380,0x3d5380,0x3d5380,0x3d5380,0x3d5380,0x3d5380,0x3d5380,
    0x3d5380,0x3d5380,0x3d5380,0x3d5380,0x3d5380,0x3d5380,0x3d5380,0x3d5380,0x3d5380,0x3d5380,0x3d5380,0x3d5380,
    0x3d5380,0x3d5380,0x3d5380,0x3d5380,0x3d5380,0x3d5380,0x3d5380,0x3d5380,0x3d5380,0x3d5380,0x3d5380,0x3d5380,
    0x3d5380,0x3d5380,0x3d5380,0x3d5380,0x3d5380,0x3d5380,0x3d5380,0x3d5380,0x3d5380,0x3d5380,0x3d5380,0x3d5380,
    0x3d5380,0x3d5380,0x3d5380,0x3d5380,0x3d5380,0x3d5380,0x3d5380,0x3d5380,0x3d5380,0x3d5380,0x3d5380,0x3d5380,
    0x3d5380,0x3d5380,0x3d5380,0x3d5380,0x3d5380,0x3d5380,0x3d5380,0x3d5380,0x3d5380,0x3d5380,0x3d5380,0x3d5380,
    0x3d5380,0x3d5380,0x3d5380,0x3d5380,0x3d5380,0x3d5380,0x3d5380,0x3d5380,0x3d5380,0x3d5380,0x3d5380,0x3d5380,
    0x3d5380,0x3d5380,0x3d5380,0x3d5380,0x3d5380,0x3d5380,0x3d5380,0x3d5380,0x3d5380,0x3d5380,0x3d5380,0x3d5380,
    0x3d5380,0x3d5380,0x3d5380,0x3d5380,
    0x3d5380,0x3d5380,0x3d5380,0x3d5380,0x3d5380,0x3d5380,0x3d5380,0x3d5380,0x3d5380,0x3d5380,0x3d5380,0x3d5380,
    0x3d5380,0x3d5380,0x3d5380,0x3d5380,0x3d5380,0x3d5380,0x3d5380,0x3d5380,0x3d5380,0x3d5380,0x3d5380,0x3d5380,
    0x3d5380,0x3d5380,0x3d5380,0x3d5380,0x3d5380,0x3d5380,0x3d5380,0x3d5380,0x3d5380,0x3d5380,0x3d5380,0x3d5380,
    0x3d5380,0x3d5380,0x3d5380,0x3d5380,0x3d5380,0x3d5380,0x3d5380,0x3d5380,0x3d5380,0x3d5380,0x3d5380,0x3d5380,
    0x3d5380,0x3d5380,0x3d5380,0x3d5380,0x3d5380,0x3d5380,0x3d5380,0x3d5380,0x3d5380,0x3d5380,0x3d5380,0x3d5380,
    0x3d5380,0x3d5380,0x3d5380,0x3d5380,0x3d5380,0x3d5380,0x3d5380,0x3d5380,0x3d5380,0x3d5380,0x3d5380,0x3d5380,
    0x3d5380,0x3d5380,0x3d5380,0x3d5380,0x3d5380,0x3d5380,0x3d5380,0x3d5380,0x3d5380,0x3d5380,0x3d5380,0x3d5380,
    0x3d5380,0x3d5380,0x3d5380,0x3d5380,0x3d5380,0x3d5380,0x3d5380,0x3d5380,0x3d5380,0x3d5380,0x3d5380,0x3d5380,
    0x3d5380,0x3d5380,0x3d5380,0x3d5380,0x3d5380,0x3d5380,0x3d5380,0x3d5380,0x3d5380,0x3d5380,0x3d5380,0x3d5380,
    0x3d5380,0x3d5380,0x3d5380,0x3d5380,0x3d5380,0x3d5380,0x3d5380,0x3d5380,0x3d5380,0x3d5380,0x3d5380,0x3d5380,
    0x3d5380,0x3d5380,0x3d5380,0x3d5380,0x3d5380,0x3d5380,0x3d5380,0x3d5380,0x3d5380,0x3d5380,0x3d5380,0x3d5380,
    0x3d5380,0x3d5380,0x3d5380,0x3d5380,0x3d5380,0x3d5380,0x3d5380,0x3d5380,0x3d5380,0x3d5380,0x3d5380,0x3d5380,
    0x3d5380,0x3d5380,0x3d5380,0x3d5380,0x3d5380,0x3d5380,0x3d5380,0x3d5380,0x3d5380,0x3d5380,0x3d5380,0x3d5380,
    0x3d5380,0x3d5380,0x3d5380,0x3d5380,
    0x3d5380,0x3d5380,0x3d5380,0x3d5380,0x3d5380,0x3d5380,0x3d5380,0x3d5380,0x3d5380,0x3d5380,0x3d5380,0x3d5380,
    0x3d5380,0x3d5380,0x3d5380,0x3d5380,0x3d5380,0x3d5380,0x3d5380,0x3d5380,0x3d5380,0x3d5380,0x3d5380,0x3d5380,
    0x3d5380,0x3d5380,0x3d5380,0x3d5380,0x3d5380,0x3d5380,0x3d5380,0x3d5380,0x3d5380,0x3d5380,0x3d5380,0x3d5380,
    0x3d5380,0x3d5380,0x3d5380,0x3d5380,0x3d5380,0x3d5380,0x3d5380,0x3d5380,0x3d5380,0x3d5380,0x3d5380,0x3d5380,
    0x3d5380,0x3d5380,0x3d5380,0x3d5380,0x3d5380,0x3d5380,0x3d5380,0x3d5380,0x3d5380,0x3d5380,0x3d5380,0x3d5380,
    0x3d5380,0x3d5380,0x3d5380,0x3d5380,0x3d5380,0x3d5380,0x3d5380,0x3d5380,0x3d5380,0x3d5380,0x3d5380,0x3d5380,
    0x3d5380,0x3d5380,0x3d5380,0x3d5380,0x3d5380,0x3d5380,0x3d5380,0x3d5380,0x3d5380,0x3d5380,0x3d5380,0x3d5380,
    0x3d5380,0x3d5380,0x3d5380,0x3d5380,0x3d5380,0x3d5380,0x3d5380,0x3d5380,0x3d5380,0x3d5380,0x3d5380,0x3d5380,
    0x3d5380,0x3d5380,0x3d5380,0x3d5380,0x3d5380,0x3d5380,0x3d5380,0x3d5380,0x3d5380,0x3d5380,0x3d5380,0x3d5380,
    0x3d5380,0x3d5380,0x3d5380,0x3d5380,0x3d5380,0x3d5380,0x3d5380,0x3d5380,0x3d5380,0x3d5380,0x3d5380,0x3d5380,
    0x3d5380,0x3d5380,0x3d5380,0x3d5380,0x3d5380,0x3d5380,0x3d5380,0x3d5380,0x3d5380,0x3d5380,0x3d5380,0x3d5380,
    0x3d5380,0x3d5380,0x3d5380,0x3d5380,0x3d5380,0x3d5380,0x3d5380,0x3d5380,0x3d5380,0x3d5380,0x3d5380,0x3d5380,
    0x3d5380,0x3d5380,0x3d5380,0x3d5380,0x3d5380,0x3d5380,0x3d5380,0x3d5380,0x3d5380,0x3d5380,0x3d5380,0x3d5380,
    0x3d5380,0x3d5380,0x3d5380,0x3d5380,
    0x3d5380,0x3d5380,0x3d5380,0x3d5380,0x3d5380,0x3d5380,0x3d5380,0x3d5380,0x3d5380,0x3d5380,0x3d5380,0x3d5380,
    0x3d5380,0x3d5380,0x3d5380,0x3d5380,0x3d5380,0x3d5380,0x3d5380,0x3d5380,0x3d5380,0x3d5380,0x3d5380,0x3d5380,
    0x3d5380,0x3d5380,0x3d5380,0x3d5380,0x3d5380,0x3d5380,0x3d5380,0x3d5380,0x3d5380,0x3d5380,0x3d5380,0x3d5380,
    0x3d5380,0x3d5380,0x3d5380,0x3d5380,0x3d5380,0x3d5380,0x3d5380,0x3d5380,0x3d5380,0x3d5380,0x3d5380,0x3d5380,
    0x3d5380,0x3d5380,0x3d5380,0x3d5380,0x3d5380,0x3d5380,0x3d5380,0x3d5380,0x3d5380,0x3d5380,0x3d5380,0x3d5380,
    0x3d5380,0x3d5380,0x3d5380,0x3d5380,0x3d5380,0x3d5380,0x3d5380,0x3d5380,0x3d5380,0x3d5380,0x3d5380,0x3d5380,
    0x3d5380,0x3d5380,0x3d5380,0x3d5380,0x3d5380,0x3d5380,0x3d5380,0x3d5380,0x3d5380,0x3d5380,0x3d5380,0x3d5380,
    0x3d5380,0x3d5380,0x3d5380,0x3d5380,0x3d5380,0x3d5380,0x3d5380,0x3d5380,0x3d5380,0x3d5380,0x3d5380,0x3d5380,
    0x3d5380,0x3d5380,0x3d5380,0x3d5380,0x3d5380,0x3d5380,0x3d5380,0x3d5380,0x3d5380,0x3d5380,0x3d5380,0x3d5380,
    0x3d5380,0x3d5380,0x3d5380,0x3d5380,0x3d5380,0x3d5380,0x3d5380,0x3d5380,0x3d5380,0x3d5380,0x3d5380,0x3d5380,
    0x3d5380,0x3d5380,0x3d5380,0x3d5380,0x3d5380,0x3d5380,0x3d5380,0x3d5380,0x3d5380,0x3d5380,0x3d5380,0x3d5380,
    0x3d5380,0x3d5380,0x3d5380,0x3d5380,0x3d5380,0x3d5380,0x3d5380,0x3d5380,0x3d5380,0x3d5380,0x3d5380,0x3d5380,
    0x3d5380,0x3d5380,0x3d5380,0x3d5380,0x3d5380,0x3d5380,0x3d5380,0x3d5380,0x3d5380,0x3d5380,0x3d5380,0x3d5380,
    0x3d5380,0x3d5380,0x3d5380,0x3d5380,
};