/* 自动生成：xos_wallpaper 160x120，源 gui_desk_03_桌面主界面.png */
static const u32 xos_wallpaper[160u * 120u] = {
    0x2b3a55,0x2b3a55,0x2b3a55,0x2b3a55,0x2b3a55,0x2b3a55,0x2b3a55,0x2b3a55,0x2b3a55,0x2b3a55,0x2b3a55,0x2b3a55,
    0x2b3a55,0x2b3a55,0x2b3a55,0x2b3a55,0x2b3a55,0x2b3a55,0x2b3a55,0x2b3a55,0x2b3a55,0x2b3a55,0x2b3a55,0x2b3a55,
    0x2b3a55,0x2b3a55,0x2b3a55,0x2b3a55,0x2b3a55,0x2b3a55,0x2b3a55,0x2b3a55,0x2b3a55,0x2b3a55,0x2b3a55,0x2b3a55,
    0x2b3a55,0x2b3a55,0x2b3a55,0x2b3a55,0x2b3a55,0x2b3a55,0x2b3a55,0x2b3a55,0x2b3a55,0x2b3a55,0x2b3a55,0x2b3a55,
    0x2b3a55,0x2b3a55,0x2b3a55,0x2b3a55,0x2b3a55,0x2b3a55,0x2b3a55,0x2b3a55,0x2b3a55,0x2b3a55,0x2b3a55,0x2b3a55,
    0x2b3a55,0x2b3a55,0x2b3a55,0x2b3a55,0x2b3a55,0x2b3a55,0x2b3a55,0x2b3a55,0x2b3a55,0x2b3a55,0x2b3a55,0x2b3a55,
    0x2b3a55,0x2b3a55,0x2b3a55,0x2b3a55,0x2b3a55,0x2b3a55,0x2b3a55,0x2b3a55,0x2b3a55,0x2b3a55,0x2b3a55,0x2b3a55,
    0x2b3a55,0x2b3a55,0x2b3a55,0x2b3a55,0x2b3a55,0x2b3a55,0x2b3a55,0x2b3a55,0x2b3a55,0x2b3a55,0x2b3a55,0x2b3a55,
    0x2b3a55,0x2b3a55,0x2b3a55,0x2b3a55,0x2b3a55,0x2b3a55,0x2b3a55,0x2b3a55,0x2b3a55,0x2b3a55,0x2b3a55,0x2b3a55,
    0x2b3a55,0x2b3a55,0x2b3a55,0x2b3a55,0x2b3a55,0x2b3a55,0x2b3a55,0x2b3a55,0x2b3a55,0x2b3a55,0x2b3a55,0x2b3a55,
    0x2b3a55,0x2b3a55,0x2b3a55,0x2b3a55,0x2b3a55,0x2b3a55,0x2b3a55,0x2b3a55,0x2b3a55,0x2b3a55,0x2b3a55,0x2b3a55,
    0x2b3a55,0x2b3a55,0x2b3a55,0x2b3a55,0x2b3a55,0x2b3a55,0x2b3a55,0x2b3a55,0x2b3a55,0x2b3a55,0x2b3a55,0x2b3a55,
    0x2b3a55,0x2b3a55,0x2b3a55,0x2b3a55,0x2b3a55,0x2b3a55,0x2b3a55,0x2b3a55,0x2b3a55,0x2b3a55,0x2b3a55,0x2b3a55,
    0x2b3a55,0x2b3a55,0x2b3a55,0x2b3a55,
    0x2b3a55,0x2b3a55,0x2b3a55,0x2b3a55,0x2b3a55,0x2b3a55,0x2b3a55,0x2b3a55,0x2b3a55,0x2b3a55,0x2b3a55,0x2b3a55,
    0x2b3a55,0x2b3a55,0x2b3a55,0x2b3a55,0x2b3a55,0x2b3a55,0x2b3a55,0x2b3a55,0x2b3a55,0x2b3a55,0x2b3a55,0x2b3a55,
    0x2b3a55,0x2b3a55,0x2b3a55,0x2b3a55,0x2b3a55,0x2b3a55,0x2b3a55,0x2b3a55,0x2b3a55,0x2b3a55,0x2b3a55,0x2b3a55,
    0x2b3a55,0x2b3a55,0x2b3a55,0x2b3a55,0x2b3a55,0x2b3a55,0x2b3a55,0x2b3a55,0x2b3a55,0x2b3a55,0x2b3a55,0x2b3a55,
    0x2b3a55,0x2b3a55,0x2b3a55,0x2b3a55,0x2b3a55,0x2b3a55,0x2b3a55,0x2b3a55,0x2b3a55,0x2b3a55,0x2b3a55,0x2b3a55,
    0x2b3a55,0x2b3a55,0x2b3a55,0x2b3a55,0x2b3a55,0x2b3a55,0x2b3a55,0x2b3a55,0x2b3a55,0x2b3a55,0x2b3a55,0x2b3a55,
    0x2b3a55,0x2b3a55,0x2b3a55,0x2b3a55,0x2b3a55,0x2b3a55,0x2b3a55,0x2b3a55,0x2b3a55,0x2b3a55,0x2b3a55,0x2b3a55,
    0x2b3a55,0x2b3a55,0x2b3a55,0x2b3a55,0x2b3a55,0x2b3a55,0x2b3a55,0x2b3a55,0x2b3a55,0x2b3a55,0x2b3a55,0x2b3a55,
    0x2b3a55,0x2b3a55,0x2b3a55,0x2b3a55,0x2b3a55,0x2b3a55,0x2b3a55,0x2b3a55,0x2b3a55,0x2b3a55,0x2b3a55,0x2b3a55,
    0x2b3a55,0x2b3a55,0x2b3a55,0x2b3a55,0x2b3a55,0x2b3a55,0x2b3a55,0x2b3a55,0x2b3a55,0x2b3a55,0x2b3a55,0x2b3a55,
    0x2b3a55,0x2b3a55,0x2b3a55,0x2b3a55,0x2b3a55,0x2b3a55,0x2b3a55,0x2b3a55,0x2b3a55,0x2b3a55,0x2b3a55,0x2b3a55,
    0x2b3a55,0x2b3a55,0x2b3a55,0x2b3a55,0x2b3a55,0x2b3a55,0x2b3a55,0x2b3a55,0x2b3a55,0x2b3a55,0x2b3a55,0x2b3a55,
    0x2b3a55,0x2b3a55,0x2b3a55,0x2b3a55,0x2b3a55,0x2b3a55,0x2b3a55,0x2b3a55,0x2b3a55,0x2b3a55,0x2b3a55,0x2b3a55,
    0x2b3a55,0x2b3a55,0x2b3a55,0x2b3a55,
    0x2b3a55,0x2b3a55,0x2b3a55,0x2b3a55,0x2b3a55,0x2b3a55,0x2b3a55,0x2b3a55,0x2b3a55,0x2b3a55,0x2b3a55,0x2b3a55,
    0x2b3a55,0x2b3a55,0x2b3a55,0x2b3a55,0x2b3a55,0x2b3a55,0x2b3a55,0x2b3a55,0x2b3a55,0x2b3a55,0x2b3a55,0x2b3a55,
    0x2b3a55,0x2b3a55,0x2b3a55,0x2b3a55,0x2b3a55,0x2b3a55,0x2b3a55,0x2b3a55,0x2b3a55,0x2b3a55,0x2b3a55,0x2b3a55,
    0x2b3a55,0x2b3a55,0x2b3a55,0x2b3a55,0x2b3a55,0x2b3a55,0x2b3a55,0x2b3a55,0x2b3a55,0x2b3a55,0x2b3a55,0x2b3a55,
    0x2b3a55,0x2b3a55,0x2b3a55,0x2b3a55,0x2b3a55,0x2b3a55,0x2b3a55,0x2b3a55,0x2b3a55,0x2b3a55,0x2b3a55,0x2b3a55,
    0x2b3a55,0x2b3a55,0x2b3a55,0x2b3a55,0x2b3a55,0x2b3a55,0x2b3a55,0x2b3a55,0x2b3a55,0x2b3a55,0x2b3a55,0x2b3a55,
    0x2b3a55,0x2b3a55,0x2b3a55,0x2b3a55,0x2b3a55,0x2b3a55,0x2b3a55,0x2b3a55,0x2b3a55,0x2b3a55,0x2b3a55,0x2b3a55,
    0x2b3a55,0x2b3a55,0x2b3a55,0x2b3a55,0x2b3a55,0x2b3a55,0x2b3a55,0x2b3a55,0x2b3a55,0x2b3a55,0x2b3a55,0x2b3a55,
    0x2b3a55,0x2b3a55,0x2b3a55,0x2b3a55,0x2b3a55,0x2b3a55,0x2b3a55,0x2b3a55,0x2b3a55,0x2b3a55,0x2b3a55,0x2b3a55,
    0x2b3a55,0x2b3a55,0x2b3a55,0x2b3a55,0x2b3a55,0x2b3a55,0x2b3a55,0x2b3a55,0x2b3a55,0x2b3a55,0x2b3a55,0x2b3a55,
    0x2b3a55,0x2b3a55,0x2b3a55,0x2b3a55,0x2b3a55,0x2b3a55,0x2b3a55,0x2b3a55,0x2b3a55,0x2b3a55,0x2b3a55,0x2b3a55,
    0x2b3a55,0x2b3a55,0x2b3a55,0x2b3a55,0x2b3a55,0x2b3a55,0x2b3a55,0x2b3a55,0x2b3a55,0x2b3a55,0x2b3a55,0x2b3a55,
    0x2b3a55,0x2b3a55,0x2b3a55,0x2b3a55,0x2b3a55,0x2b3a55,0x2b3a55,0x2b3a55,0x2b3a55,0x2b3a55,0x2b3a55,0x2b3a55,
    0x2b3a55,0x2b3a55,0x2b3a55,0x2b3a55,
    0x2b3a55,0x2b3a55,0x2b3a55,0x2b3a55,0x2b3a55,0x2b3a55,0x2b3a55,0x2b3a55,0x2b3a55,0x2b3a55,0x2b3a55,0x2b3a55,
    0x2b3a55,0x2b3a55,0x2b3a55,0x2b3a55,0x2b3a55,0x2b3a55,0x2b3a55,0x2b3a55,0x2b3a55,0x2b3a55,0x2b3a55,0x2b3a55,
    0x2b3a55,0x2b3a55,0x2b3a55,0x2b3a55,0x2b3a55,0x2b3a55,0x2b3a55,0x2b3a55,0x2b3a55,0x2b3a55,0x2b3a55,0x2b3a55,
    0x2b3a55,0x2b3a55,0x2b3a55,0x2b3a55,0x2b3a55,0x2b3a55,0x2b3a55,0x2b3a55,0x2b3a55,0x2b3a55,0x2b3a55,0x2b3a55,
    0x2b3a55,0x2b3a55,0x2b3a55,0x2b3a55,0x2b3a55,0x2b3a55,0x2b3a55,0x2b3a55,0x2b3a55,0x2b3a55,0x2b3a55,0x2b3a55,
    0x2b3a55,0x2b3a55,0x2b3a55,0x2b3a55,0x2b3a55,0x2b3a55,0x2b3a55,0x2b3a55,0x2b3a55,0x2b3a55,0x2b3a55,0x2b3a55,
    0x2b3a55,0x2b3a55,0x2b3a55,0x2b3a55,0x2b3a55,0x2b3a55,0x2b3a55,0x2b3a55,0x2b3a55,0x2b3a55,0x2b3a55,0x2b3a55,
    0x2b3a55,0x2b3a55,0x2b3a55,0x2b3a55,0x2b3a55,0x2b3a55,0x2b3a55,0x2b3a55,0x2b3a55,0x2b3a55,0x2b3a55,0x2b3a55,
    0x2b3a55,0x2b3a55,0x2b3a55,0x2b3a55,0x2b3a55,0x2b3a55,0x2b3a55,0x2b3a55,0x2b3a55,0x2b3a55,0x2b3a55,0x2b3a55,
    0x2b3a55,0x2b3a55,0x2b3a55,0x2b3a55,0x2b3a55,0x2b3a55,0x2b3a55,0x2b3a55,0x2b3a55,0x2b3a55,0x2b3a55,0x2b3a55,
    0x2b3a55,0x2b3a55,0x2b3a55,0x2b3a55,0x2b3a55,0x2b3a55,0x2b3a55,0x2b3a55,0x2b3a55,0x2b3a55,0x2b3a55,0x2b3a55,
    0x2b3a55,0x2b3a55,0x2b3a55,0x2b3a55,0x2b3a55,0x2b3a55,0x2b3a55,0x2b3a55,0x2b3a55,0x2b3a55,0x2b3a55,0x2b3a55,
    0x2b3a55,0x2b3a55,0x2b3a55,0x2b3a55,0x2b3a55,0x2b3a55,0x2b3a55,0x2b3a55,0x2b3a55,0x2b3a55,0x2b3a55,0x2b3a55,
    0x2b3a55,0x2b3a55,0x2b3a55,0x2b3a55,
    0x2b3a55,0x2b3a55,0x2b3a55,0x2b3a55,0x2b3a55,0x2b3a55,0x2b3a55,0x2b3a55,0x2b3a55,0x2b3a55,0x2b3a55,0x2b3a55,
    0x2b3a55,0x2b3a55,0x2b3a55,0x2b3a55,0x2b3a55,0x2b3a55,0x2b3a55,0x2b3a55,0x2b3a55,0x2b3a55,0x2b3a55,0x2b3a55,
    0x2b3a55,0x2b3a55,0x2b3a55,0x2b3a55,0x2b3a55,0x2b3a55,0x2b3a55,0x2b3a55,0x2b3a55,0x2b3a55,0x2b3a55,0x2b3a55,
    0x2b3a55,0x2b3a55,0x2b3a55,0x2b3a55,0x2b3a55,0x2b3a55,0x2b3a55,0x2b3a55,0x2b3a55,0x2b3a55,0x2b3a55,0x2b3a55,
    0x2b3a55,0x2b3a55,0x2b3a55,0x2b3a55,0x2b3a55,0x2b3a55,0x2b3a55,0x2b3a55,0x2b3a55,0x2b3a55,0x2b3a55,0x2b3a55,
    0x2b3a55,0x2b3a55,0x2b3a55,0x2b3a55,0x2b3a55,0x2b3a55,0x2b3a55,0x2b3a55,0x2b3a55,0x2b3a55,0x2b3a55,0x2b3a55,
    0x2b3a55,0x2b3a55,0x2b3a55,0x2b3a55,0x2b3a55,0x2b3a55,0x2b3a55,0x2b3a55,0x2b3a55,0x2b3a55,0x2b3a55,0x2b3a55,
    0x2b3a55,0x2b3a55,0x2b3a55,0x2b3a55,0x2b3a55,0x2b3a55,0x2b3a55,0x2b3a55,0x2b3a55,0x2b3a55,0x2b3a55,0x2b3a55,
    0x2b3a55,0x2b3a55,0x2b3a55,0x2b3a55,0x2b3a55,0x2b3a55,0x2b3a55,0x2b3a55,0x2b3a55,0x2b3a55,0x2b3a55,0x2b3a55,
    0x2b3a55,0x2b3a55,0x2b3a55,0x2b3a55,0x2b3a55,0x2b3a55,0x2b3a55,0x2b3a55,0x2b3a55,0x2b3a55,0x2b3a55,0x2b3a55,
    0x2b3a55,0x2b3a55,0x2b3a55,0x2b3a55,0x2b3a55,0x2b3a55,0x2b3a55,0x2b3a55,0x2b3a55,0x2b3a55,0x2b3a55,0x2b3a55,
    0x2b3a55,0x2b3a55,0x2b3a55,0x2b3a55,0x2b3a55,0x2b3a55,0x2b3a55,0x2b3a55,0x2b3a55,0x2b3a55,0x2b3a55,0x2b3a55,
    0x2b3a55,0x2b3a55,0x2b3a55,0x2b3a55,0x2b3a55,0x2b3a55,0x2b3a55,0x2b3a55,0x2b3a55,0x2b3a55,0x2b3a55,0x2b3a55,
    0x2b3a55,0x2b3a55,0x2b3a55,0x2b3a55,
    0x2b3a55,0x2b3a55,0x2b3a55,0x2b3a55,0x2b3a55,0x2b3a55,0x2b3a55,0x2b3a55,0x2b3a55,0x2b3a55,0x2b3a55,0x2b3a55,
    0x2b3a55,0x2b3a55,0x2b3a55,0x2b3a55,0x2b3a55,0x2b3a55,0x2b3a55,0x2b3a55,0x2b3a55,0x2b3a55,0x2b3a55,0x2b3a55,
    0x2b3a55,0x2b3a55,0x2b3a55,0x2b3a55,0x2b3a55,0x2b3a55,0x2b3a55,0x2b3a55,0x2b3a55,0x2b3a55,0x2b3a55,0x2b3a55,
    0x2b3a55,0x2b3a55,0x2b3a55,0x2b3a55,0x2b3a55,0x2b3a55,0x2b3a55,0x2b3a55,0x2b3a55,0x2b3a55,0x2b3a55,0x2b3a55,
    0x2b3a55,0x2b3a55,0x2b3a55,0x2b3a55,0x2b3a55,0x2b3a55,0x2b3a55,0x2b3a55,0x2b3a55,0x2b3a55,0x2b3a55,0x2b3a55,
    0x2b3a55,0x2b3a55,0x2b3a55,0x2b3a55,0x2b3a55,0x2b3a55,0x2b3a55,0x2b3a55,0x2b3a55,0x2b3a55,0x2b3a55,0x2b3a55,
    0x2b3a55,0x2b3a55,0x2b3a55,0x2b3a55,0x2b3a55,0x2b3a55,0x2b3a55,0x2b3a55,0x2b3a55,0x2b3a55,0x2b3a55,0x2b3a55,
    0x2b3a55,0x2b3a55,0x2b3a55,0x2b3a55,0x2b3a55,0x2b3a55,0x2b3a55,0x2b3a55,0x2b3a55,0x2b3a55,0x2b3a55,0x2b3a55,
    0x2b3a55,0x2b3a55,0x2b3a55,0x2b3a55,0x2b3a55,0x2b3a55,0x2b3a55,0x2b3a55,0x2b3a55,0x2b3a55,0x2b3a55,0x2b3a55,
    0x2b3a55,0x2b3a55,0x2b3a55,0x2b3a55,0x2b3a55,0x2b3a55,0x2b3a55,0x2b3a55,0x2b3a55,0x2b3a55,0x2b3a55,0x2b3a55,
    0x2b3a55,0x2b3a55,0x2b3a55,0x2b3a55,0x2b3a55,0x2b3a55,0x2b3a55,0x2b3a55,0x2b3a55,0x2b3a55,0x2b3a55,0x2b3a55,
    0x2b3a55,0x2b3a55,0x2b3a55,0x2b3a55,0x2b3a55,0x2b3a55,0x2b3a55,0x2b3a55,0x2b3a55,0x2b3a55,0x2b3a55,0x2b3a55,
    0x2b3a55,0x2b3a55,0x2b3a55,0x2b3a55,0x2b3a55,0x2b3a55,0x2b3a55,0x2b3a55,0x2b3a55,0x2b3a55,0x2b3a55,0x2b3a55,
    0x2b3a55,0x2b3a55,0x2b3a55,0x2b3a55,
    0x2b3a55,0x2b3a55,0x2b3a55,0x2b3a55,0x2b3a55,0x2b3a55,0x2b3a55,0x2b3a55,0x2b3a55,0x2b3a55,0x2b3a55,0x2b3a55,
    0x2b3a55,0x2b3a55,0x2b3a55,0x2b3a55,0x2b3a55,0x2b3a55,0x2b3a55,0x2b3a55,0x2b3a55,0x2b3a55,0x2b3a55,0x2b3a55,
    0x2b3a55,0x2b3a55,0x2b3a55,0x2b3a55,0x2b3a55,0x2b3a55,0x2b3a55,0x2b3a55,0x2b3a55,0x2b3a55,0x2b3a55,0x2b3a55,
    0x2b3a55,0x2b3a55,0x2b3a55,0x2b3a55,0x2b3a55,0x2b3a55,0x2b3a55,0x2b3a55,0x2b3a55,0x2b3a55,0x2b3a55,0x2b3a55,
    0x2b3a55,0x2b3a55,0x2b3a55,0x2b3a55,0x2b3a55,0x2b3a55,0x2b3a55,0x2b3a55,0x2b3a55,0x2b3a55,0x2b3a55,0x2b3a55,
    0x2b3a55,0x2b3a55,0x2b3a55,0x2b3a55,0x2b3a55,0x2b3a55,0x2b3a55,0x2b3a55,0x2b3a55,0x2b3a55,0x2b3a55,0x2b3a55,
    0x2b3a55,0x2b3a55,0x2b3a55,0x2b3a55,0x2b3a55,0x2b3a55,0x2b3a55,0x2b3a55,0x2b3a55,0x2b3a55,0x2b3a55,0x2b3a55,
    0x2b3a55,0x2b3a55,0x2b3a55,0x2b3a55,0x2b3a55,0x2b3a55,0x2b3a55,0x2b3a55,0x2b3a55,0x2b3a55,0x2b3a55,0x2b3a55,
    0x2b3a55,0x2b3a55,0x2b3a55,0x2b3a55,0x2b3a55,0x2b3a55,0x2b3a55,0x2b3a55,0x2b3a55,0x2b3a55,0x2b3a55,0x2b3a55,
    0x2b3a55,0x2b3a55,0x2b3a55,0x2b3a55,0x2b3a55,0x2b3a55,0x2b3a55,0x2b3a55,0x2b3a55,0x2b3a55,0x2b3a55,0x2b3a55,
    0x2b3a55,0x2b3a55,0x2b3a55,0x2b3a55,0x2b3a55,0x2b3a55,0x2b3a55,0x2b3a55,0x2b3a55,0x2b3a55,0x2b3a55,0x2b3a55,
    0x2b3a55,0x2b3a55,0x2b3a55,0x2b3a55,0x2b3a55,0x2b3a55,0x2b3a55,0x2b3a55,0x2b3a55,0x2b3a55,0x2b3a55,0x2b3a55,
    0x2b3a55,0x2b3a55,0x2b3a55,0x2b3a55,0x2b3a55,0x2b3a55,0x2b3a55,0x2b3a55,0x2b3a55,0x2b3a55,0x2b3a55,0x2b3a55,
    0x2b3a55,0x2b3a55,0x2b3a55,0x2b3a55,
    0x2b3a55,0x2b3a55,0x2b3a55,0x2b3a55,0x2b3a55,0x2b3a55,0x2b3a55,0x2b3a55,0x2b3a55,0x2b3a55,0x2b3a55,0x2b3a55,
    0x2b3a55,0x2b3a55,0x2b3a55,0x2b3a55,0x2b3a55,0x2b3a55,0x2b3a55,0x2b3a55,0x2b3a55,0x2b3a55,0x2b3a55,0x2b3a55,
    0x2b3a55,0x2b3a55,0x2b3a55,0x2b3a55,0x2b3a55,0x2b3a55,0x2b3a55,0x2b3a55,0x2b3a55,0x2b3a55,0x2b3a55,0x2b3a55,
    0x2b3a55,0x2b3a55,0x2b3a55,0x2b3a55,0x2b3a55,0x2b3a55,0x2b3a55,0x2b3a55,0x2b3a55,0x2b3a55,0x2b3a55,0x2b3a55,
    0x2b3a55,0x2b3a55,0x2b3a55,0x2b3a55,0x2b3a55,0x2b3a55,0x2b3a55,0x2b3a55,0x2b3a55,0x2b3a55,0x2b3a55,0x2b3a55,
    0x2b3a55,0x2b3a55,0x2b3a55,0x2b3a55,0x2b3a55,0x2b3a55,0x2b3a55,0x2b3a55,0x2b3a55,0x2b3a55,0x2b3a55,0x2b3a55,
    0x2b3a55,0x2b3a55,0x2b3a55,0x2b3a55,0x2b3a55,0x2b3a55,0x2b3a55,0x2b3a55,0x2b3a55,0x2b3a55,0x2b3a55,0x2b3a55,
    0x2b3a55,0x2b3a55,0x2b3a55,0x2b3a55,0x2b3a55,0x2b3a55,0x2b3a55,0x2b3a55,0x2b3a55,0x2b3a55,0x2b3a55,0x2b3a55,
    0x2b3a55,0x2b3a55,0x2b3a55,0x2b3a55,0x2b3a55,0x2b3a55,0x2b3a55,0x2b3a55,0x2b3a55,0x2b3a55,0x2b3a55,0x2b3a55,
    0x2b3a55,0x2b3a55,0x2b3a55,0x2b3a55,0x2b3a55,0x2b3a55,0x2b3a55,0x2b3a55,0x2b3a55,0x2b3a55,0x2b3a55,0x2b3a55,
    0x2b3a55,0x2b3a55,0x2b3a55,0x2b3a55,0x2b3a55,0x2b3a55,0x2b3a55,0x2b3a55,0x2b3a55,0x2b3a55,0x2b3a55,0x2b3a55,
    0x2b3a55,0x2b3a55,0x2b3a55,0x2b3a55,0x2b3a55,0x2b3a55,0x2b3a55,0x2b3a55,0x2b3a55,0x2b3a55,0x2b3a55,0x2b3a55,
    0x2b3a55,0x2b3a55,0x2b3a55,0x2b3a55,0x2b3a55,0x2b3a55,0x2b3a55,0x2b3a55,0x2b3a55,0x2b3a55,0x2b3a55,0x2b3a55,
    0x2b3a55,0x2b3a55,0x2b3a55,0x2b3a55,
    0x2b3a55,0x2b3a55,0x2b3a55,0x2b3a55,0x2b3a55,0x2b3a55,0x2b3a55,0x2b3a55,0x2b3a55,0x2b3a55,0x2b3a55,0x2b3a55,
    0x2b3a55,0x2b3a55,0x2b3a55,0x2b3a55,0x2b3a55,0x2b3a55,0x2b3a55,0x2b3a55,0x2b3a55,0x2b3a55,0x2b3a55,0x2b3a55,
    0x2b3a55,0x2b3a55,0x2b3a55,0x2b3a55,0x2b3a55,0x2b3a55,0x2b3a55,0x2b3a55,0x2b3a55,0x2b3a55,0x2b3a55,0x2b3a55,
    0x2b3a55,0x2b3a55,0x2b3a55,0x2b3a55,0x2b3a55,0x2b3a55,0x2b3a55,0x2b3a55,0x2b3a55,0x2b3a55,0x2b3a55,0x2b3a55,
    0x2b3a55,0x2b3a55,0x2b3a55,0x2b3a55,0x2b3a55,0x2b3a55,0x2b3a55,0x2b3a55,0x2b3a55,0x2b3a55,0x2b3a55,0x2b3a55,
    0x2b3a55,0x2b3a55,0x2b3a55,0x2b3a55,0x2b3a55,0x2b3a55,0x2b3a55,0x2b3a55,0x2b3a55,0x2b3a55,0x2b3a55,0x2b3a55,
    0x2b3a55,0x2b3a55,0x2b3a55,0x2b3a55,0x2b3a55,0x2b3a55,0x2b3a55,0x2b3a55,0x2b3a55,0x2b3a55,0x2b3a55,0x2b3a55,
    0x2b3a55,0x2b3a55,0x2b3a55,0x2b3a55,0x2b3a55,0x2b3a55,0x2b3a55,0x2b3a55,0x2b3a55,0x2b3a55,0x2b3a55,0x2b3a55,
    0x2b3a55,0x2b3a55,0x2b3a55,0x2b3a55,0x2b3a55,0x2b3a55,0x2b3a55,0x2b3a55,0x2b3a55,0x2b3a55,0x2b3a55,0x2b3a55,
    0x2b3a55,0x2b3a55,0x2b3a55,0x2b3a55,0x2b3a55,0x2b3a55,0x2b3a55,0x2b3a55,0x2b3a55,0x2b3a55,0x2b3a55,0x2b3a55,
    0x2b3a55,0x2b3a55,0x2b3a55,0x2b3a55,0x2b3a55,0x2b3a55,0x2b3a55,0x2b3a55,0x2b3a55,0x2b3a55,0x2b3a55,0x2b3a55,
    0x2b3a55,0x2b3a55,0x2b3a55,0x2b3a55,0x2b3a55,0x2b3a55,0x2b3a55,0x2b3a55,0x2b3a55,0x2b3a55,0x2b3a55,0x2b3a55,
    0x2b3a55,0x2b3a55,0x2b3a55,0x2b3a55,0x2b3a55,0x2b3a55,0x2b3a55,0x2b3a55,0x2b3a55,0x2b3a55,0x2b3a55,0x2b3a55,
    0x2b3a55,0x2b3a55,0x2b3a55,0x2b3a55,
    0x2b3a55,0x2b3a55,0x2b3a55,0x2b3a55,0x2b3a55,0x2b3a55,0x2b3a55,0x2b3a55,0x2b3a55,0x2b3a55,0x2b3a55,0x2b3a55,
    0x2b3a55,0x2b3a55,0x2b3a55,0x2b3a55,0x2b3a55,0x2b3a55,0x2b3a55,0x2b3a55,0x2b3a55,0x2b3a55,0x2b3a55,0x2b3a55,
    0x2b3a55,0x2b3a55,0x2b3a55,0x2b3a55,0x2b3a55,0x2b3a55,0x2b3a55,0x2b3a55,0x2b3a55,0x2b3a55,0x2b3a55,0x2b3a55,
    0x2b3a55,0x2b3a55,0x2b3a55,0x2b3a55,0x2b3a55,0x2b3a55,0x2b3a55,0x2b3a55,0x2b3a55,0x2b3a55,0x2b3a55,0x2b3a55,
    0x2b3a55,0x2b3a55,0x2b3a55,0x2b3a55,0x2b3a55,0x2b3a55,0x2b3a55,0x2b3a55,0x2b3a55,0x2b3a55,0x2b3a55,0x2b3a55,
    0x2b3a55,0x2b3a55,0x2b3a55,0x2b3a55,0x2b3a55,0x2b3a55,0x2b3a55,0x2b3a55,0x2b3a55,0x2b3a55,0x2b3a55,0x2b3a55,
    0x2b3a55,0x2b3a55,0x2b3a55,0x2b3a55,0x2b3a55,0x2b3a55,0x2b3a55,0x2b3a55,0x2b3a55,0x2b3a55,0x2b3a55,0x2b3a55,
    0x2b3a55,0x2b3a55,0x2b3a55,0x2b3a55,0x2b3a55,0x2b3a55,0x2b3a55,0x2b3a55,0x2b3a55,0x2b3a55,0x2b3a55,0x2b3a55,
    0x2b3a55,0x2b3a55,0x2b3a55,0x2b3a55,0x2b3a55,0x2b3a55,0x2b3a55,0x2b3a55,0x2b3a55,0x2b3a55,0x2b3a55,0x2b3a55,
    0x2b3a55,0x2b3a55,0x2b3a55,0x2b3a55,0x2b3a55,0x2b3a55,0x2b3a55,0x2b3a55,0x2b3a55,0x2b3a55,0x2b3a55,0x2b3a55,
    0x2b3a55,0x2b3a55,0x2b3a55,0x2b3a55,0x2b3a55,0x2b3a55,0x2b3a55,0x2b3a55,0x2b3a55,0x2b3a55,0x2b3a55,0x2b3a55,
    0x2b3a55,0x2b3a55,0x2b3a55,0x2b3a55,0x2b3a55,0x2b3a55,0x2b3a55,0x2b3a55,0x2b3a55,0x2b3a55,0x2b3a55,0x2b3a55,
    0x2b3a55,0x2b3a55,0x2b3a55,0x2b3a55,0x2b3a55,0x2b3a55,0x2b3a55,0x2b3a55,0x2b3a55,0x2b3a55,0x2b3a55,0x2b3a55,
    0x2b3a55,0x2b3a55,0x2b3a55,0x2b3a55,
    0x2b3a55,0x2b3a55,0x2b3a55,0x2b3a55,0x2b3a55,0x2b3a55,0x2b3a55,0x2b3a55,0x2b3a55,0x2b3a55,0x2b3a55,0x2b3a55,
    0x2b3a55,0x2b3a55,0x2b3a55,0x2b3a55,0x2b3a55,0x2b3a55,0x2b3a55,0x2b3a55,0x2b3a55,0x2b3a55,0x2b3a55,0x2b3a55,
    0x2b3a55,0x2b3a55,0x2b3a55,0x2b3a55,0x2b3a55,0x2b3a55,0x2b3a55,0x2b3a55,0x2b3a55,0x2b3a55,0x2b3a55,0x2b3a55,
    0x2b3a55,0x2b3a55,0x2b3a55,0x2b3a55,0x2b3a55,0x2b3a55,0x2b3a55,0x2b3a55,0x2b3a55,0x2b3a55,0x2b3a55,0x2b3a55,
    0x2b3a55,0x2b3a55,0x2b3a55,0x2b3a55,0x2b3a55,0x2b3a55,0x2b3a55,0x2b3a55,0x2b3a55,0x2b3a55,0x2b3a55,0x2b3a55,
    0x2b3a55,0x2b3a55,0x2b3a55,0x2b3a55,0x2b3a55,0x2b3a55,0x2b3a55,0x2b3a55,0x2b3a55,0x2b3a55,0x2b3a55,0x2b3a55,
    0x2b3a55,0x2b3a55,0x2b3a55,0x2b3a55,0x2b3a55,0x2b3a55,0x2b3a55,0x2b3a55,0x2b3a55,0x2b3a55,0x2b3a55,0x2b3a55,
    0x2b3a55,0x2b3a55,0x2b3a55,0x2b3a55,0x2b3a55,0x2b3a55,0x2b3a55,0x2b3a55,0x2b3a55,0x2b3a55,0x2b3a55,0x2b3a55,
    0x2b3a55,0x2b3a55,0x2b3a55,0x2b3a55,0x2b3a55,0x2b3a55,0x2b3a55,0x2b3a55,0x2b3a55,0x2b3a55,0x2b3a55,0x2b3a55,
    0x2b3a55,0x2b3a55,0x2b3a55,0x2b3a55,0x2b3a55,0x2b3a55,0x2b3a55,0x2b3a55,0x2b3a55,0x2b3a55,0x2b3a55,0x2b3a55,
    0x2b3a55,0x2b3a55,0x2b3a55,0x2b3a55,0x2b3a55,0x2b3a55,0x2b3a55,0x2b3a55,0x2b3a55,0x2b3a55,0x2b3a55,0x2b3a55,
    0x2b3a55,0x2b3a55,0x2b3a55,0x2b3a55,0x2b3a55,0x2b3a55,0x2b3a55,0x2b3a55,0x2b3a55,0x2b3a55,0x2b3a55,0x2b3a55,
    0x2b3a55,0x2b3a55,0x2b3a55,0x2b3a55,0x2b3a55,0x2b3a55,0x2b3a55,0x2b3a55,0x2b3a55,0x2b3a55,0x2b3a55,0x2b3a55,
    0x2b3a55,0x2b3a55,0x2b3a55,0x2b3a55,
    0x2b3a55,0x2b3a55,0x2b3a55,0x2b3a55,0x2b3a55,0x2b3a55,0x2b3a55,0x2b3a55,0x2b3a55,0x2b3a55,0x2b3a55,0x2b3a55,
    0x2b3a55,0x2b3a55,0x2b3a55,0x2b3a55,0x2b3a55,0x2b3a55,0x2b3a55,0x2b3a55,0x2b3a55,0x2b3a55,0x2b3a55,0x2b3a55,
    0x2b3a55,0x2b3a55,0x2b3a55,0x2b3a55,0x2b3a55,0x2b3a55,0x2b3a55,0x2b3a55,0x2b3a55,0x2b3a55,0x2b3a55,0x2b3a55,
    0x2b3a55,0x2b3a55,0x2b3a55,0x2b3a55,0x2b3a55,0x2b3a55,0x2b3a55,0x2b3a55,0x2b3a55,0x2b3a55,0x2b3a55,0x2b3a55,
    0x2b3a55,0x2b3a55,0x2b3a55,0x2b3a55,0x2b3a55,0x2b3a55,0x2b3a55,0x2b3a55,0x2b3a55,0x2b3a55,0x2b3a55,0x2b3a55,
    0x2b3a55,0x2b3a55,0x2b3a55,0x2b3a55,0x2b3a55,0x2b3a55,0x2b3a55,0x2b3a55,0x2b3a55,0x2b3a55,0x2b3a55,0x2b3a55,
    0x2b3a55,0x2b3a55,0x2b3a55,0x2b3a55,0x2b3a55,0x2b3a55,0x2b3a55,0x2b3a55,0x2b3a55,0x2b3a55,0x2b3a55,0x2b3a55,
    0x2b3a55,0x2b3a55,0x2b3a55,0x2b3a55,0x2b3a55,0x2b3a55,0x2b3a55,0x2b3a55,0x2b3a55,0x2b3a55,0x2b3a55,0x2b3a55,
    0x2b3a55,0x2b3a55,0x2b3a55,0x2b3a55,0x2b3a55,0x2b3a55,0x2b3a55,0x2b3a55,0x2b3a55,0x2b3a55,0x2b3a55,0x2b3a55,
    0x2b3a55,0x2b3a55,0x2b3a55,0x2b3a55,0x2b3a55,0x2b3a55,0x2b3a55,0x2b3a55,0x2b3a55,0x2b3a55,0x2b3a55,0x2b3a55,
    0x2b3a55,0x2b3a55,0x2b3a55,0x2c3b55,0x2c3b56,0x2d3c56,0x2d3c56,0x2d3b56,0x2c3b56,0x2c3b55,0x2b3a55,0x2b3a55,
    0x2b3a55,0x2b3a55,0x2b3a55,0x2b3a55,0x2b3a55,0x2b3a55,0x2b3a55,0x2b3a55,0x2b3a55,0x2b3a55,0x2b3a55,0x2b3a55,
    0x2b3a55,0x2b3a55,0x2b3a55,0x2b3a55,0x2b3a55,0x2b3a55,0x2b3a55,0x2b3a55,0x2b3a55,0x2b3a55,0x2b3a55,0x2b3a55,
    0x2b3a55,0x2b3a55,0x2b3a55,0x2b3a55,
    0x2b3a55,0x2b3a55,0x2b3a55,0x2b3a55,0x2b3a55,0x2b3a55,0x2b3a55,0x2b3a55,0x2b3a55,0x2b3a55,0x2b3a55,0x2b3a55,
    0x2b3a55,0x2b3a55,0x2b3a55,0x2b3a55,0x2b3a55,0x2b3a55,0x2b3a55,0x2b3a55,0x2b3a55,0x2b3a55,0x2b3a55,0x2b3a55,
    0x2b3a55,0x2b3a55,0x2b3a55,0x2b3a55,0x2b3a55,0x2b3a55,0x2b3a55,0x2b3a55,0x2b3a55,0x2b3a55,0x2b3a55,0x2b3a55,
    0x2b3a55,0x2b3a55,0x2b3a55,0x2b3a55,0x2b3a55,0x2b3a55,0x2b3a55,0x2b3a55,0x2b3a55,0x2b3a55,0x2b3a55,0x2b3a55,
    0x2b3a55,0x2b3a55,0x2b3a55,0x2b3a55,0x2b3a55,0x2b3a55,0x2b3a55,0x2b3a55,0x2b3a55,0x2b3a55,0x2b3a55,0x2b3a55,
    0x2b3a55,0x2b3a55,0x2b3a55,0x2b3a55,0x2b3a55,0x2b3a55,0x2b3a55,0x2b3a55,0x2b3a55,0x2b3a55,0x2b3a55,0x2b3a55,
    0x2b3a55,0x2b3a55,0x2b3a55,0x2b3a55,0x2b3a55,0x2b3a55,0x2b3a55,0x2b3a55,0x2b3a55,0x2b3a55,0x2b3a55,0x2b3a55,
    0x2b3a55,0x2b3a55,0x2b3a55,0x2b3a55,0x2b3a55,0x2b3a55,0x2b3a55,0x2b3a55,0x2b3a55,0x2b3a55,0x2b3a55,0x2b3a55,
    0x2b3a55,0x2b3a55,0x2b3a55,0x2b3a55,0x2b3a55,0x2b3a55,0x2b3a55,0x2b3a55,0x2b3a55,0x2b3a55,0x2b3a55,0x2b3a55,
    0x2b3a55,0x2b3a55,0x2b3a55,0x2b3a55,0x2b3a55,0x2b3a55,0x2b3a55,0x2b3a55,0x2b3a55,0x2b3a55,0x2b3a55,0x2c3b55,
    0x2d3c56,0x2e3c57,0x2b3a55,0x283753,0x253552,0x233350,0x233350,0x233351,0x263552,0x293854,0x2c3b56,0x2e3d57,
    0x2d3c56,0x2b3a55,0x2b3a55,0x2b3a55,0x2b3a55,0x2b3a55,0x2b3a55,0x2b3a55,0x2b3a55,0x2b3a55,0x2b3a55,0x2b3a55,
    0x2b3a55,0x2b3a55,0x2b3a55,0x2b3a55,0x2b3a55,0x2b3a55,0x2b3a55,0x2b3a55,0x2b3a55,0x2b3a55,0x2b3a55,0x2b3a55,
    0x2b3a55,0x2b3a55,0x2b3a55,0x2b3a55,
    0x2b3a55,0x2b3a55,0x2b3a55,0x2b3a55,0x2b3a55,0x2b3a55,0x2b3a55,0x2b3a55,0x2b3a55,0x2b3a55,0x2b3a55,0x2b3a55,
    0x2b3a55,0x2b3a55,0x2b3a55,0x2b3a55,0x2b3a55,0x2b3a55,0x2b3a55,0x2b3a55,0x2b3a55,0x2b3a55,0x2b3a55,0x2b3a55,
    0x2b3a55,0x2b3a55,0x2b3a55,0x2b3a55,0x2b3a55,0x2b3a55,0x2b3a55,0x2b3a55,0x2b3a55,0x2b3a55,0x2b3a55,0x2b3a55,
    0x2b3a55,0x2b3a55,0x2b3a55,0x2b3a55,0x2b3a55,0x2b3a55,0x2b3a55,0x2b3a55,0x2b3a55,0x2b3a55,0x2b3a55,0x2b3a55,
    0x2b3a55,0x2b3a55,0x2b3a55,0x2b3a55,0x2b3a55,0x2b3a55,0x2b3a55,0x2b3a55,0x2b3a55,0x2b3a55,0x2b3a55,0x2b3a55,
    0x2b3a55,0x2b3a55,0x2b3a55,0x2b3a55,0x2b3a55,0x2b3a55,0x2b3a55,0x2b3a55,0x2b3a55,0x2b3a55,0x2b3a55,0x2b3a55,
    0x2b3a55,0x2b3a55,0x2b3a55,0x2b3a55,0x2b3a55,0x2b3a55,0x2b3a55,0x2b3a55,0x2b3a55,0x2b3a55,0x2b3a55,0x2b3a55,
    0x2b3a55,0x2b3a55,0x2b3a55,0x2b3a55,0x2b3a55,0x2b3a55,0x2b3a55,0x2b3a55,0x2b3a55,0x2b3a55,0x2b3a55,0x2b3a55,
    0x2b3a55,0x2b3a55,0x2b3a55,0x2b3a55,0x2b3a55,0x2b3a55,0x2b3a55,0x2b3a55,0x2b3a55,0x2b3a55,0x2b3a55,0x2b3a55,
    0x2b3a55,0x2b3a55,0x2b3a55,0x2b3a55,0x2b3a55,0x2b3a55,0x2b3a55,0x2b3a55,0x2b3a55,0x2c3a55,0x2e3c57,0x293854,
    0x20304f,0x1f2f4e,0x283753,0x37445c,0x445063,0x4f596a,0x525c6b,0x4e5869,0x414e62,0x34425a,0x253552,0x1e2f4e,
    0x21324f,0x2b3a55,0x2e3c57,0x2b3a55,0x2b3a55,0x2b3a55,0x2b3a55,0x2b3a55,0x2b3a55,0x2b3a55,0x2b3a55,0x2b3a55,
    0x2b3a55,0x2b3a55,0x2b3a55,0x2b3a55,0x2b3a55,0x2b3a55,0x2b3a55,0x2b3a55,0x2b3a55,0x2b3a55,0x2b3a55,0x2b3a55,
    0x2b3a55,0x2b3a55,0x2b3a55,0x2b3a55,
    0x2b3a55,0x2b3a55,0x2b3a55,0x2b3a55,0x2b3a55,0x2b3a55,0x2b3a55,0x2b3a55,0x2b3a55,0x2b3a55,0x2b3a55,0x2b3a55,
    0x2b3a55,0x2b3a55,0x2b3a55,0x2b3a55,0x2b3a55,0x2b3a55,0x2b3a55,0x2b3a55,0x2b3a55,0x2b3a55,0x2b3a55,0x2b3a55,
    0x2b3a55,0x2b3a55,0x2b3a55,0x2b3a55,0x2b3a55,0x2b3a55,0x2b3a55,0x2b3a55,0x2b3a55,0x2b3a55,0x2b3a55,0x2b3a55,
    0x2b3a55,0x2b3a55,0x2b3a55,0x2b3a55,0x2b3a55,0x2b3a55,0x2b3a55,0x2b3a55,0x2b3a55,0x2b3a55,0x2b3a55,0x2b3a55,
    0x2b3a55,0x2b3a55,0x2b3a55,0x2b3a55,0x2b3a55,0x2b3a55,0x2b3a55,0x2b3a55,0x2b3a55,0x2b3a55,0x2b3a55,0x2b3a55,
    0x2b3a55,0x2b3a55,0x2b3a55,0x2b3a55,0x2b3a55,0x2b3a55,0x2b3a55,0x2b3a55,0x2b3a55,0x2b3a55,0x2b3a55,0x2b3a55,
    0x2b3a55,0x2b3a55,0x2b3a55,0x2b3a55,0x2b3a55,0x2b3a55,0x2b3a55,0x2b3a55,0x2b3a55,0x2b3a55,0x2b3a55,0x2b3a55,
    0x2b3a55,0x2b3a55,0x2b3a55,0x2b3a55,0x2b3a55,0x2b3a55,0x2b3a55,0x2b3a55,0x2b3a55,0x2b3a55,0x2b3a55,0x2b3a55,
    0x2b3a55,0x2b3a55,0x2b3a55,0x2b3a55,0x2b3a55,0x2b3a55,0x2b3a55,0x2b3a55,0x2b3a55,0x2b3a55,0x2b3a55,0x2b3a55,
    0x2b3a55,0x2b3a55,0x2b3a55,0x2b3a55,0x2b3a55,0x2b3a55,0x2b3a55,0x2b3a55,0x2d3b56,0x2a3955,0x1e2f4e,0x324059,
    0x656c76,0x999994,0xbcb8a8,0xd3ccb6,0xddd5bb,0xe4dabf,0xe4dbbf,0xe3d9bf,0xdcd3ba,0xd0c9b4,0xb6b3a5,0x90928f,
    0x5a6370,0x2b3a55,0x1f304e,0x2c3b56,0x2c3b56,0x2b3a55,0x2b3a55,0x2b3a55,0x2b3a55,0x2b3a55,0x2b3a55,0x2b3a55,
    0x2b3a55,0x2b3a55,0x2b3a55,0x2b3a55,0x2b3a55,0x2b3a55,0x2b3a55,0x2b3a55,0x2b3a55,0x2b3a55,0x2b3a55,0x2b3a55,
    0x2b3a55,0x2b3a55,0x2b3a55,0x2b3a55,
    0x2b3a55,0x2b3a55,0x2b3a55,0x2b3a55,0x2b3a55,0x2b3a55,0x2b3a55,0x2b3a55,0x2b3a55,0x2b3a55,0x2b3a55,0x2b3a55,
    0x2b3a55,0x2b3a55,0x2b3a55,0x2b3a55,0x2b3a55,0x2b3a55,0x2b3a55,0x2b3a55,0x2b3a55,0x2b3a55,0x2b3a55,0x2b3a55,
    0x2b3a55,0x2b3a55,0x2b3a55,0x2b3a55,0x2b3a55,0x2b3a55,0x2b3a55,0x2b3a55,0x2b3a55,0x2b3a55,0x2b3a55,0x2b3a55,
    0x2b3a55,0x2b3a55,0x2b3a55,0x2b3a55,0x2b3a55,0x2b3a55,0x2b3a55,0x2b3a55,0x2b3a55,0x2b3a55,0x2b3a55,0x2b3a55,
    0x2b3a55,0x2b3a55,0x2b3a55,0x2b3a55,0x2b3a55,0x2b3a55,0x2b3a55,0x2b3a55,0x2b3a55,0x2b3a55,0x2b3a55,0x2b3a55,
    0x2b3a55,0x2b3a55,0x2b3a55,0x2b3a55,0x2b3a55,0x2b3a55,0x2b3a55,0x2b3a55,0x2b3a55,0x2b3a55,0x2b3a55,0x2b3a55,
    0x2b3a55,0x2b3a55,0x2b3a55,0x2b3a55,0x2b3a55,0x2b3a55,0x2b3a55,0x2b3a55,0x2b3a55,0x2b3a55,0x2b3a55,0x2b3a55,
    0x2b3a55,0x2b3a55,0x2b3a55,0x2b3a55,0x2b3a55,0x2b3a55,0x2b3a55,0x2b3a55,0x2b3a55,0x2b3a55,0x2b3a55,0x2b3a55,
    0x2b3a55,0x2b3a55,0x2b3a55,0x2b3a55,0x2b3a55,0x2b3a55,0x2b3a55,0x2b3a55,0x2b3a55,0x2b3a55,0x2b3a55,0x2b3a55,
    0x2b3a55,0x2b3a55,0x2b3a55,0x2b3a55,0x2b3a55,0x2b3a55,0x2b3a55,0x2d3c56,0x263552,0x2b3a55,0x818586,0xcec8b3,
    0xeae0c3,0xece2c4,0xe8dec1,0xe3dabf,0xe1d8be,0xdfd7bd,0xdfd6bd,0xe0d7bd,0xe1d8be,0xe4dabf,0xe9dfc2,0xede2c4,
    0xe8dec1,0xc3bead,0x6d737b,0x243451,0x293854,0x2c3b56,0x2b3a55,0x2b3a55,0x2b3a55,0x2b3a55,0x2b3a55,0x2b3a55,
    0x2b3a55,0x2b3a55,0x2b3a55,0x2b3a55,0x2b3a55,0x2b3a55,0x2b3a55,0x2b3a55,0x2b3a55,0x2b3a55,0x2b3a55,0x2b3a55,
    0x2b3a55,0x2b3a55,0x2b3a55,0x2b3a55,
    0x2b3a55,0x2b3a55,0x2b3a55,0x2b3a55,0x2b3a55,0x2b3a55,0x2b3a55,0x2b3a55,0x2b3a55,0x2b3a55,0x2b3a55,0x2b3a55,
    0x2b3a55,0x2b3a55,0x2b3a55,0x2b3a55,0x2b3a55,0x2b3a55,0x2b3a55,0x2b3a55,0x2b3a55,0x2b3a55,0x2b3a55,0x2b3a55,
    0x2b3a55,0x2b3a55,0x2b3a55,0x2b3a55,0x2b3a55,0x2b3a55,0x2b3a55,0x2b3a55,0x2b3a55,0x2b3a55,0x2b3a55,0x2b3a55,
    0x2b3a55,0x2b3a55,0x2b3a55,0x2b3a55,0x2b3a55,0x2b3a55,0x2b3a55,0x2b3a55,0x2b3a55,0x2b3a55,0x2b3a55,0x2b3a55,
    0x2b3a55,0x2b3a55,0x2b3a55,0x2b3a55,0x2b3a55,0x2b3a55,0x2b3a55,0x2b3a55,0x2b3a55,0x2b3a55,0x2b3a55,0x2b3a55,
    0x2b3a55,0x2b3a55,0x2b3a55,0x2b3a55,0x2b3a55,0x2b3a55,0x2b3a55,0x2b3a55,0x2b3a55,0x2b3a55,0x2b3a55,0x2b3a55,
    0x2b3a55,0x2b3a55,0x2b3a55,0x2b3a55,0x2b3a55,0x2b3a55,0x2b3a55,0x2b3a55,0x2b3a55,0x2b3a55,0x2b3a55,0x2b3a55,
    0x2b3a55,0x2b3a55,0x2b3a55,0x2b3a55,0x2b3a55,0x2b3a55,0x2b3a55,0x2b3a55,0x2b3a55,0x2b3a55,0x2b3a55,0x2b3a55,
    0x2b3a55,0x2b3a55,0x2b3a55,0x2b3a55,0x2b3a55,0x2b3a55,0x2b3a55,0x2b3a55,0x2b3a55,0x2b3a55,0x2b3a55,0x2b3a55,
    0x2b3a55,0x2b3a55,0x2b3a55,0x2b3a55,0x2b3a55,0x2b3a55,0x2d3b56,0x263552,0x3b485e,0xbdb9a9,0xefe4c6,0xe4dbbf,
    0xded5bc,0xddd5bb,0xded6bc,0xdfd6bd,0xe0d7bd,0xe0d7bd,0xe0d7bd,0xe0d7bd,0xdfd7bd,0xdfd6bc,0xded5bc,0xddd4bb,
    0xded5bc,0xe6ddc1,0xeee3c5,0xa4a39b,0x2c3b56,0x293954,0x2c3b55,0x2b3a55,0x2b3a55,0x2b3a55,0x2b3a55,0x2b3a55,
    0x2b3a55,0x2b3a55,0x2b3a55,0x2b3a55,0x2b3a55,0x2b3a55,0x2b3a55,0x2b3a55,0x2b3a55,0x2b3a55,0x2b3a55,0x2b3a55,
    0x2b3a55,0x2b3a55,0x2b3a55,0x2b3a55,
    0x2b3a55,0x2b3a55,0x2b3a55,0x2b3a55,0x2b3a55,0x2b3a55,0x2b3a55,0x2b3a55,0x2b3a55,0x2b3a55,0x2b3a55,0x2b3a55,
    0x2b3a55,0x2b3a55,0x2b3a55,0x2b3a55,0x2b3a55,0x2b3a55,0x2b3a55,0x2b3a55,0x2b3a55,0x2b3a55,0x2b3a55,0x2b3a55,
    0x2b3a55,0x2b3a55,0x2b3a55,0x2b3a55,0x2b3a55,0x2b3a55,0x2b3a55,0x2b3a55,0x2b3a55,0x2b3a55,0x2b3a55,0x2b3a55,
    0x2c3b56,0x2b3a55,0x2b3a55,0x2c3b55,0x2b3a55,0x2b3a55,0x2b3a55,0x2b3a55,0x2b3a55,0x2b3a55,0x2b3a55,0x2b3a55,
    0x2b3a55,0x2b3a55,0x2b3a55,0x2b3a55,0x2b3a55,0x2b3a55,0x2b3a55,0x2b3a55,0x2b3a55,0x2b3a55,0x2b3a55,0x2b3a55,
    0x2b3a55,0x2b3a55,0x2b3a55,0x2b3a55,0x2b3a55,0x2b3a55,0x2b3a55,0x2b3a55,0x2b3a55,0x2b3a55,0x2b3a55,0x2b3a55,
    0x2b3a55,0x2b3a55,0x2b3a55,0x2b3a55,0x2b3a55,0x2b3a55,0x2b3a55,0x2b3a55,0x2b3a55,0x2b3a55,0x2b3a55,0x2b3a55,
    0x2b3a55,0x2b3a55,0x2b3a55,0x2b3a55,0x2b3a55,0x2b3a55,0x2b3a55,0x2b3a55,0x2b3a55,0x2b3a55,0x2b3a55,0x2b3a55,
    0x2b3a55,0x2b3a55,0x2b3a55,0x2b3a55,0x2b3a55,0x2b3a55,0x2b3a55,0x2b3a55,0x2b3a55,0x2b3a55,0x2b3a55,0x2b3a55,
    0x2b3a55,0x2b3a55,0x2b3a55,0x2b3a55,0x2b3a55,0x2b3a55,0x2b3a55,0x2b3a55,0xbcb7a8,0xeee3c5,0xdbd3ba,0xdfd6bc,
    0xe0d7bd,0xe0d7bd,0xe0d7bd,0xe0d7bd,0xe0d7bd,0xe0d7bd,0xe0d7bd,0xe0d7bd,0xe0d7bd,0xe0d7bd,0xe0d7bd,0xe0d7bd,
    0xe0d7bd,0xded5bc,0xdcd3bb,0xf2e7c7,0x9b9b95,0x223250,0x2d3b56,0x2b3a55,0x2b3a55,0x2b3a55,0x2b3a55,0x2b3a55,
    0x2b3a55,0x2b3a55,0x2b3a55,0x2b3a55,0x2b3a55,0x2b3a55,0x2b3a55,0x2b3a55,0x2b3a55,0x2b3a55,0x2b3a55,0x2b3a55,
    0x2b3a55,0x2b3a55,0x2b3a55,0x2b3a55,
    0x2b3a55,0x2b3a55,0x2b3a55,0x2b3a55,0x2b3a55,0x2b3a55,0x2b3a55,0x2b3a55,0x2b3a55,0x2b3a55,0x2b3a55,0x2b3a55,
    0x2b3a55,0x2b3a55,0x2b3a55,0x2b3a55,0x2b3a55,0x2b3a55,0x2b3a55,0x2b3a55,0x2b3a55,0x2b3a55,0x2b3a55,0x2b3a55,
    0x2b3a55,0x2b3a55,0x2b3a55,0x2b3a55,0x2b3a55,0x2b3a55,0x2b3a55,0x293853,0x2b3a55,0x2a3954,0x2b3a55,0x2a3954,
    0x273651,0x2b3a55,0x2c3b56,0x283752,0x293853,0x2b3a55,0x2b3a55,0x2a3954,0x2b3a55,0x2b3a55,0x2b3a55,0x283752,
    0x2c3b56,0x2b3a55,0x2b3a55,0x2b3a55,0x2b3a55,0x2b3a55,0x2b3a55,0x2b3a55,0x2b3a55,0x2b3a55,0x2b3a55,0x2b3a55,
    0x2b3a55,0x2b3a55,0x2b3a55,0x2b3a55,0x2b3a55,0x2b3a55,0x2b3a55,0x2b3a55,0x2b3a55,0x2b3a55,0x2b3a55,0x2b3a55,
    0x2b3a55,0x2b3a55,0x2b3a55,0x2b3a55,0x2b3a55,0x2b3a55,0x2b3a55,0x2b3a55,0x2b3a55,0x2b3a55,0x2b3a55,0x2b3a55,
    0x2b3a55,0x2b3a55,0x2b3a55,0x2b3a55,0x2b3a55,0x2b3a55,0x2b3a55,0x2b3a55,0x2b3a55,0x2b3a55,0x2b3a55,0x2b3a55,
    0x2b3a55,0x2b3a55,0x2b3a55,0x2b3a55,0x2b3a55,0x2b3a55,0x2b3a55,0x2b3a55,0x2b3a55,0x2b3a55,0x2b3a55,0x2b3a55,
    0x2b3a55,0x2b3a55,0x2b3a55,0x2b3a55,0x2b3a55,0x2d3c56,0x21314f,0x636b75,0xebe1c3,0xdcd4bb,0xe0d7bd,0xe0d7bd,
    0xe0d7bd,0xe0d7bd,0xe0d7bd,0xe0d7bd,0xe0d7bd,0xe0d7bd,0xe0d7bd,0xe0d7bd,0xe0d7bd,0xe0d7bd,0xe0d7bd,0xe0d7bd,
    0xe0d7bd,0xe0d7bd,0xdfd7bd,0xdfd7bd,0xdfd6bc,0x445063,0x253552,0x2c3b56,0x2b3a55,0x2b3a55,0x2b3a55,0x2b3a55,
    0x2b3a55,0x2b3a55,0x2b3a55,0x2b3a55,0x2b3a55,0x2b3a55,0x2b3a55,0x2b3a55,0x2b3a55,0x2b3a55,0x2b3a55,0x2b3a55,
    0x2b3a55,0x2b3a55,0x2b3a55,0x2b3a55,
    0x2b3a55,0x2b3a55,0x2b3a55,0x2b3a55,0x2b3a55,0x2b3a55,0x2b3a55,0x2b3a55,0x2b3a55,0x2b3a55,0x2b3a55,0x2b3a55,
    0x2b3a55,0x2b3a55,0x2b3a55,0x2b3a55,0x2b3a55,0x2b3a55,0x2b3a55,0x2b3a55,0x2b3a55,0x2b3a55,0x2b3a55,0x2b3a55,
    0x2b3a55,0x2b3a55,0x2b3a55,0x2b3a55,0x2b3a55,0x2b3a55,0x2a3954,0x33425d,0x283752,0x2d3c57,0x2c3b56,0x2f3e59,
    0x3d4c66,0x2a3954,0x263551,0x374661,0x33425d,0x2a3954,0x2a3954,0x2d3c57,0x2c3b56,0x2a3954,0x2b3a55,0x394862,
    0x283752,0x2b3a55,0x2b3a55,0x2b3a55,0x2b3a55,0x2b3a55,0x2b3a55,0x2b3a55,0x2b3a55,0x2b3a55,0x2b3a55,0x2b3a55,
    0x2b3a55,0x2b3a55,0x2b3a55,0x2b3a55,0x2b3a55,0x2b3a55,0x2b3a55,0x2b3a55,0x2b3a55,0x2b3a55,0x2b3a55,0x2b3a55,
    0x2b3a55,0x2b3a55,0x2b3a55,0x2b3a55,0x2b3a55,0x2b3a55,0x2b3a55,0x2b3a55,0x2b3a55,0x2b3a55,0x2b3a55,0x2b3a55,
    0x2b3a55,0x2b3a55,0x2b3a55,0x2b3a55,0x2b3a55,0x2b3a55,0x2b3a55,0x2b3a55,0x2b3a55,0x2b3a55,0x2b3a55,0x2b3a55,
    0x2b3a55,0x2b3a55,0x2b3a55,0x2b3a55,0x2b3a55,0x2b3a55,0x2b3a55,0x2b3a55,0x2b3a55,0x2b3a55,0x2b3a55,0x2b3a55,
    0x2b3a55,0x2b3a55,0x2b3a55,0x2b3a55,0x2b3a55,0x2e3c57,0x1f2f4e,0x72777e,0xebe1c4,0xdcd4bb,0xe0d7bd,0xe0d7bd,
    0xe0d7bd,0xe0d7bd,0xe0d7bd,0xe0d7bd,0xe0d7bd,0xe0d7bd,0xe0d7bd,0xe0d7bd,0xe0d7bd,0xe0d7bd,0xe0d7bd,0xe0d7bd,
    0xe0d7bd,0xe0d7bd,0xe0d7bd,0xded5bc,0xe4dabf,0x505a6a,0x233350,0x2d3c56,0x2b3a55,0x2b3a55,0x2b3a55,0x2b3a55,
    0x2b3a55,0x2b3a55,0x2b3a55,0x2b3a55,0x2b3a55,0x2b3a55,0x2b3a55,0x2b3a55,0x2b3a55,0x2b3a55,0x2b3a55,0x2b3a55,
    0x2b3a55,0x2b3a55,0x2b3a55,0x2b3a55,
    0x2b3a55,0x2b3a55,0x2b3a55,0x2b3a55,0x2b3a55,0x2b3a55,0x2b3a55,0x2b3a55,0x2b3a55,0x2b3a55,0x2b3a55,0x2b3a55,
    0x2b3a55,0x2b3a55,0x2b3a55,0x2b3a55,0x2b3a55,0x2b3a55,0x2b3a55,0x2b3a55,0x2b3a55,0x2b3a55,0x2b3a55,0x2b3a55,
    0x2b3a55,0x2b3a55,0x2b3a55,0x2b3a55,0x2b3a55,0x2c3b56,0x273651,0x404f69,0x68768f,0x5d6b84,0x4c5a74,0x63718a,
    0x505f78,0x5f6e86,0x5f6e87,0x6c7b92,0x384661,0x273651,0x384762,0x7a88a0,0x36455f,0x263550,0x5f6d86,0x617088,
    0x55637c,0x24344f,0x2d3c56,0x2b3a55,0x2b3a55,0x2b3a55,0x2b3a55,0x2b3a55,0x2b3a55,0x2b3a55,0x2b3a55,0x2b3a55,
    0x2b3a55,0x2b3a55,0x2b3a55,0x2b3a55,0x2b3a55,0x2b3a55,0x2b3a55,0x2b3a55,0x2b3a55,0x2b3a55,0x2b3a55,0x2b3a55,
    0x2b3a55,0x2b3a55,0x2b3a55,0x2b3a55,0x2b3a55,0x2b3a55,0x2b3a55,0x2b3a55,0x2b3a55,0x2b3a55,0x2b3a55,0x2b3a55,
    0x2b3a55,0x2b3a55,0x2b3a55,0x2b3a55,0x2b3a55,0x2b3a55,0x2b3a55,0x2b3a55,0x2b3a55,0x2b3a55,0x2b3a55,0x2b3a55,
    0x2b3a55,0x2b3a55,0x2b3a55,0x2b3a55,0x2b3a55,0x2b3a55,0x2b3a55,0x2b3a55,0x2b3a55,0x2b3a55,0x2b3a55,0x2b3a55,
    0x2b3a55,0x2b3a55,0x2b3a55,0x2b3a55,0x2b3a55,0x2c3b56,0x263652,0x404c61,0xdcd4bb,0xe3dabf,0xddd4bb,0xe0d7bd,
    0xe0d7bd,0xe0d7bd,0xe0d7bd,0xe0d7bd,0xe0d7bd,0xe0d7bd,0xe0d7bd,0xe0d7bd,0xe0d7bd,0xe0d7bd,0xe0d7bd,0xe0d7bd,
    0xe0d7bd,0xe0d7bd,0xdbd3ba,0xeae0c3,0xc3bead,0x2c3b55,0x2b3a55,0x2b3a55,0x2b3a55,0x2b3a55,0x2b3a55,0x2b3a55,
    0x2b3a55,0x2b3a55,0x2b3a55,0x2b3a55,0x2b3a55,0x2b3a55,0x2b3a55,0x2b3a55,0x2b3a55,0x2b3a55,0x2b3a55,0x2b3a55,
    0x2b3a55,0x2b3a55,0x2b3a55,0x2b3a55,
    0x2b3a55,0x2b3a55,0x2b3a55,0x2b3a55,0x2b3a55,0x2b3a55,0x2b3a55,0x2b3a55,0x2b3a55,0x2b3a55,0x2b3a55,0x2b3a55,
    0x2b3a55,0x2b3a55,0x2b3a55,0x2b3a55,0x2b3a55,0x2b3a55,0x2b3a55,0x2b3a55,0x2b3a55,0x2b3a55,0x2b3a55,0x2b3a55,
    0x2b3a55,0x2b3a55,0x2b3a55,0x2b3a55,0x2b3a55,0x2b3a55,0x2a3954,0x2d3c57,0x8997ae,0x69778f,0x596880,0x627089,
    0x21304c,0x77859c,0x4f5d77,0x66758d,0x5c6a83,0x273651,0x263550,0x6f7d95,0x3d4b65,0x32415b,0x728098,0x45546d,
    0x6c7a92,0x22314d,0x2d3c57,0x2b3a55,0x2b3a55,0x2b3a55,0x2b3a55,0x2b3a55,0x2b3a55,0x2b3a55,0x2b3a55,0x2b3a55,
    0x2b3a55,0x2b3a55,0x2b3a55,0x2b3a55,0x2b3a55,0x2b3a55,0x2b3a55,0x2b3a55,0x2b3a55,0x2b3a55,0x2b3a55,0x2b3a55,
    0x2b3a55,0x2b3a55,0x2b3a55,0x2b3a55,0x2b3a55,0x2b3a55,0x2b3a55,0x2b3a55,0x2b3a55,0x2b3a55,0x2b3a55,0x2b3a55,
    0x2b3a55,0x2b3a55,0x2b3a55,0x2b3a55,0x2b3a55,0x2b3a55,0x2b3a55,0x2b3a55,0x2b3a55,0x2b3a55,0x2b3a55,0x2b3a55,
    0x2b3a55,0x2b3a55,0x2b3a55,0x2b3a55,0x2b3a55,0x2b3a55,0x2b3a55,0x2b3a55,0x2b3a55,0x2b3a55,0x2b3a55,0x2b3a55,
    0x2b3a55,0x2b3a55,0x2b3a55,0x2b3a55,0x2b3a55,0x2b3a55,0x2d3c56,0x21314f,0x6b727a,0xe8dec2,0xe7ddc1,0xddd4bb,
    0xded5bc,0xdfd6bd,0xe0d7bd,0xe0d7bd,0xe0d7bd,0xe0d7bd,0xe0d7bd,0xe0d7bd,0xe0d7bd,0xe0d7bd,0xe0d7bd,0xdfd6bc,
    0xddd5bb,0xded5bc,0xebe1c3,0xdad2ba,0x4f596a,0x233351,0x2d3c56,0x2b3a55,0x2b3a55,0x2b3a55,0x2b3a55,0x2b3a55,
    0x2b3a55,0x2b3a55,0x2b3a55,0x2b3a55,0x2b3a55,0x2b3a55,0x2b3a55,0x2b3a55,0x2b3a55,0x2b3a55,0x2b3a55,0x2b3a55,
    0x2b3a55,0x2b3a55,0x2b3a55,0x2b3a55,
    0x2b3a55,0x2b3a55,0x2b3a55,0x2b3a55,0x2b3a55,0x2b3a55,0x2b3a55,0x2b3a55,0x2b3a55,0x2b3a55,0x2b3a55,0x2b3a55,
    0x2b3a55,0x2b3a55,0x2b3a55,0x2b3a55,0x2b3a55,0x2b3a55,0x2b3a55,0x2b3a55,0x2b3a55,0x2b3a55,0x2b3a55,0x2b3a55,
    0x2b3a55,0x2b3a55,0x2b3a55,0x2b3a55,0x2b3a55,0x2c3b56,0x263550,0x495771,0x3c4b65,0x485770,0x3c4b66,0x505f78,
    0x5d6b84,0x42516b,0x3a4863,0x596781,0x4c5a74,0x283752,0x283752,0x485771,0x364560,0x3e4d67,0x46546e,0x5c6a83,
    0x35445f,0x283753,0x2b3a55,0x2b3a55,0x2b3a55,0x2b3a55,0x2b3a55,0x2b3a55,0x2b3a55,0x2b3a55,0x2b3a55,0x2b3a55,
    0x2b3a55,0x2b3a55,0x2b3a55,0x2b3a55,0x2b3a55,0x2b3a55,0x2b3a55,0x2b3a55,0x2b3a55,0x2b3a55,0x2b3a55,0x2b3a55,
    0x2b3a55,0x2b3a55,0x2b3a55,0x2b3a55,0x2b3a55,0x2b3a55,0x2b3a55,0x2b3a55,0x2b3a55,0x2b3a55,0x2b3a55,0x2b3a55,
    0x2b3a55,0x2b3a55,0x2b3a55,0x2b3a55,0x2b3a55,0x2b3a55,0x2b3a55,0x2b3a55,0x2b3a55,0x2b3a55,0x2b3a55,0x2b3a55,
    0x2b3a55,0x2b3a55,0x2b3a55,0x2b3a55,0x2b3a55,0x2b3a55,0x2b3a55,0x2b3a55,0x2b3a55,0x2b3a55,0x2b3a55,0x2b3a55,
    0x2b3a55,0x2b3a55,0x2b3a55,0x2b3a55,0x2b3a55,0x2b3a55,0x2b3a55,0x2d3b56,0x21314f,0x596270,0xc5bfad,0xece1c4,
    0xeae0c3,0xe3dabf,0xdfd6bc,0xddd5bb,0xddd4bb,0xddd5bb,0xddd5bb,0xddd5bb,0xddd4bb,0xddd5bc,0xdfd6bd,0xe4dbbf,
    0xece1c4,0xe9dfc2,0xb4b1a3,0x455064,0x223250,0x2d3c56,0x2b3a55,0x2b3a55,0x2b3a55,0x2b3a55,0x2b3a55,0x2b3a55,
    0x2b3a55,0x2b3a55,0x2b3a55,0x2b3a55,0x2b3a55,0x2b3a55,0x2b3a55,0x2b3a55,0x2b3a55,0x2b3a55,0x2b3a55,0x2b3a55,
    0x2b3a55,0x2b3a55,0x2b3a55,0x2b3a55,
    0x2b3a55,0x2b3a55,0x2b3a55,0x2b3a55,0x2b3a55,0x2b3a55,0x2b3a55,0x2b3a55,0x2b3a55,0x2b3a55,0x2b3a55,0x2b3a55,
    0x2b3a55,0x2b3a55,0x2b3a55,0x2b3a55,0x2b3a55,0x2b3a55,0x2b3a55,0x2b3a55,0x2b3a55,0x2b3a55,0x2b3a55,0x2b3a55,
    0x2b3a55,0x2b3a55,0x2b3a55,0x2b3a55,0x2b3a55,0x2b3a55,0x2c3b56,0x273652,0x283752,0x273651,0x283753,0x25344f,
    0x263550,0x263551,0x293854,0x263651,0x25344f,0x2b3a55,0x2b3a55,0x273651,0x293854,0x293853,0x273651,0x25344f,
    0x293853,0x2c3b55,0x2b3a55,0x2b3a55,0x2b3a55,0x2b3a55,0x2b3a55,0x2b3a55,0x2b3a55,0x2b3a55,0x2b3a55,0x2b3a55,
    0x2b3a55,0x2b3a55,0x2b3a55,0x2b3a55,0x2b3a55,0x2b3a55,0x2b3a55,0x2b3a55,0x2b3a55,0x2b3a55,0x2b3a55,0x2b3a55,
    0x2b3a55,0x2b3a55,0x2b3a55,0x2b3a55,0x2b3a55,0x2b3a55,0x2b3a55,0x2b3a55,0x2b3a55,0x2b3a55,0x2b3a55,0x2b3a55,
    0x2b3a55,0x2b3a55,0x2b3a55,0x2b3a55,0x2b3a55,0x2b3a55,0x2b3a55,0x2b3a55,0x2b3a55,0x2b3a55,0x2b3a55,0x2b3a55,
    0x2b3a55,0x2b3a55,0x2b3a55,0x2b3a55,0x2b3a55,0x2b3a55,0x2b3a55,0x2b3a55,0x2b3a55,0x2b3a55,0x2b3a55,0x2b3a55,
    0x2b3a55,0x2b3a55,0x2b3a55,0x2b3a55,0x2b3a55,0x2b3a55,0x2b3a55,0x2b3a55,0x2d3c56,0x21324f,0x2c3b55,0x6b717a,
    0xacaa9f,0xd4cdb6,0xe6dcc0,0xece2c4,0xede2c4,0xede2c4,0xede2c4,0xede2c4,0xede2c4,0xebe1c4,0xe3dabf,0xcec8b3,
    0xa0a098,0x5c6571,0x253552,0x253552,0x2d3c56,0x2b3a55,0x2b3a55,0x2b3a55,0x2b3a55,0x2b3a55,0x2b3a55,0x2b3a55,
    0x2b3a55,0x2b3a55,0x2b3a55,0x2b3a55,0x2b3a55,0x2b3a55,0x2b3a55,0x2b3a55,0x2b3a55,0x2b3a55,0x2b3a55,0x2b3a55,
    0x2b3a55,0x2b3a55,0x2b3a55,0x2b3a55,
    0x2b3a55,0x2b3a55,0x2b3a55,0x2b3a55,0x2b3a55,0x2b3a55,0x2b3a55,0x2b3a55,0x2b3a55,0x2b3a55,0x2b3a55,0x2b3a55,
    0x2b3a55,0x2b3a55,0x2b3a55,0x2b3a55,0x2b3a55,0x2b3a55,0x2b3a55,0x2b3a55,0x2b3a55,0x2b3a55,0x2b3a55,0x2b3a55,
    0x2b3a55,0x2b3a55,0x2b3a55,0x2b3a55,0x2b3a55,0x2b3a55,0x2b3a55,0x2c3b56,0x2c3b56,0x2c3b56,0x2c3b56,0x2c3b56,
    0x2c3b56,0x2c3b56,0x2c3b56,0x2c3b56,0x2c3b56,0x2b3a55,0x2b3a55,0x2c3b56,0x2b3a55,0x2c3b55,0x2c3b56,0x2c3b56,
    0x2c3b56,0x2b3a55,0x2b3a55,0x2b3a55,0x2b3a55,0x2b3a55,0x2b3a55,0x2b3a55,0x2b3a55,0x2b3a55,0x2b3a55,0x2b3a55,
    0x2b3a55,0x2b3a55,0x2b3a55,0x2b3a55,0x2b3a55,0x2b3a55,0x2b3a55,0x2b3a55,0x2b3a55,0x2b3a55,0x2b3a55,0x2b3a55,
    0x2b3a55,0x2b3a55,0x2b3a55,0x2b3a55,0x2b3a55,0x2b3a55,0x2b3a55,0x2b3a55,0x2b3a55,0x2b3a55,0x2b3a55,0x2b3a55,
    0x2b3a55,0x2b3a55,0x2b3a55,0x2b3a55,0x2b3a55,0x2b3a55,0x2b3a55,0x2b3a55,0x2b3a55,0x2b3a55,0x2b3a55,0x2b3a55,
    0x2b3a55,0x2b3a55,0x2b3a55,0x2b3a55,0x2b3a55,0x2b3a55,0x2b3a55,0x2b3a55,0x2b3a55,0x2b3a55,0x2b3a55,0x2b3a55,
    0x2b3a55,0x2b3a55,0x2b3a55,0x2b3a55,0x2b3a55,0x2b3a55,0x2b3a55,0x2b3a55,0x2b3a55,0x2d3c56,0x2a3955,0x1f304e,
    0x223250,0x38455c,0x565f6d,0x73797e,0x868989,0x949591,0x979893,0x929490,0x828687,0x6e747c,0x4f5a6a,0x33415a,
    0x20304f,0x21324f,0x2c3b56,0x2d3b56,0x2b3a55,0x2b3a55,0x2b3a55,0x2b3a55,0x2b3a55,0x2b3a55,0x2b3a55,0x2b3a55,
    0x2b3a55,0x2b3a55,0x2b3a55,0x2b3a55,0x2b3a55,0x2b3a55,0x2b3a55,0x2b3a55,0x2b3a55,0x2b3a55,0x2b3a55,0x2b3a55,
    0x2b3a55,0x2b3a55,0x2b3a55,0x2b3a55,
    0x2b3a55,0x2b3a55,0x2b3a55,0x2b3a55,0x2b3a55,0x2b3a55,0x2b3a55,0x2c3b56,0x2d3c57,0x2d3c57,0x2d3c57,0x2d3c57,
    0x2d3c57,0x2d3c57,0x2d3c57,0x2d3c57,0x2d3c57,0x2d3c57,0x2d3c57,0x2d3c57,0x2d3c57,0x2d3c57,0x2d3c57,0x2d3c57,
    0x2c3b56,0x2b3a55,0x2b3a55,0x2b3a55,0x2b3a55,0x2b3a55,0x2b3a55,0x2b3a55,0x2b3a55,0x2b3a55,0x2b3a55,0x2b3a55,
    0x2b3a55,0x2b3a55,0x2b3a55,0x2b3a55,0x2b3a55,0x2b3a55,0x2b3a55,0x2b3a55,0x2b3a55,0x2b3a55,0x2b3a55,0x2b3a55,
    0x2b3a55,0x2b3a55,0x2b3a55,0x2b3a55,0x2b3a55,0x2b3a55,0x2b3a55,0x2b3a55,0x2b3a55,0x2b3a55,0x2b3a55,0x2b3a55,
    0x2b3a55,0x2b3a55,0x2b3a55,0x2b3a55,0x2b3a55,0x2b3a55,0x2b3a55,0x2b3a55,0x2b3a55,0x2b3a55,0x2b3a55,0x2b3a55,
    0x2b3a55,0x2b3a55,0x2b3a55,0x2b3a55,0x2b3a55,0x2b3a55,0x2b3a55,0x2b3a55,0x2b3a55,0x2b3a55,0x2b3a55,0x2b3a55,
    0x2b3a55,0x2b3a55,0x2b3a55,0x2b3a55,0x2b3a55,0x2b3a55,0x2b3a55,0x2b3a55,0x2b3a55,0x2b3a55,0x2b3a55,0x2b3a55,
    0x2b3a55,0x2b3a55,0x2b3a55,0x2b3a55,0x2b3a55,0x2b3a55,0x2b3a55,0x2b3a55,0x2b3a55,0x2b3a55,0x2b3a55,0x2b3a55,
    0x2b3a55,0x2b3a55,0x2b3a55,0x2b3a55,0x2b3a55,0x2b3a55,0x2b3a55,0x2b3a55,0x2b3a55,0x2b3a55,0x2b3a55,0x2e3c56,
    0x2d3c56,0x283753,0x223250,0x1f2f4e,0x1e2f4e,0x1f2f4e,0x1f2f4e,0x1e2f4e,0x1e2f4d,0x1f304e,0x233350,0x293854,
    0x2d3c56,0x2d3c56,0x2b3a55,0x2b3a55,0x2b3a55,0x2b3a55,0x2b3a55,0x2b3a55,0x2b3a55,0x2b3a55,0x2b3a55,0x2b3a55,
    0x2b3a55,0x2b3a55,0x2b3a55,0x2b3a55,0x2b3a55,0x2b3a55,0x2b3a55,0x2b3a55,0x2b3a55,0x2b3a55,0x2b3a55,0x2b3a55,
    0x2b3a55,0x2b3a55,0x2b3a55,0x2b3a55,
    0x2b3a55,0x2b3a55,0x2b3a55,0x2b3a55,0x2b3a55,0x2b3a55,0x2c3b55,0x253450,0x20304c,0x21314d,0x21314c,0x21304c,
    0x21304c,0x21304c,0x21304c,0x21304c,0x21304c,0x21304c,0x21304c,0x21304c,0x21304c,0x21314c,0x21314d,0x20304c,
    0x253450,0x2c3b55,0x2b3a55,0x2b3a55,0x2b3a55,0x2b3a55,0x2b3a55,0x2b3a55,0x2b3a55,0x2b3a55,0x2b3a55,0x2b3a55,
    0x2c3b55,0x2c3b56,0x2d3c56,0x2d3c57,0x2d3b56,0x2c3b56,0x2b3a55,0x2b3a55,0x2b3a55,0x2b3a55,0x2b3a55,0x2b3a55,
    0x2b3a55,0x2b3a55,0x2b3a55,0x2b3a55,0x2b3a55,0x2b3a55,0x2b3a55,0x2b3a55,0x2b3a55,0x2b3a55,0x2b3a55,0x2b3a55,
    0x2b3a55,0x2b3a55,0x2b3a55,0x2b3a55,0x2b3a55,0x2b3a55,0x2b3a55,0x2b3a55,0x2b3a55,0x2b3a55,0x2b3a55,0x2b3a55,
    0x2b3a55,0x2b3a55,0x2b3a55,0x2b3a55,0x2b3a55,0x2b3a55,0x2b3a55,0x2b3a55,0x2b3a55,0x2b3a55,0x2b3a55,0x2b3a55,
    0x2b3a55,0x2b3a55,0x2b3a55,0x2b3a55,0x2b3a55,0x2b3a55,0x2b3a55,0x2b3a55,0x2b3a55,0x2b3a55,0x2b3a55,0x2b3a55,
    0x2b3a55,0x2b3a55,0x2b3a55,0x2b3a55,0x2b3a55,0x2b3a55,0x2b3a55,0x2b3a55,0x2b3a55,0x2b3a55,0x2b3a55,0x2b3a55,
    0x2b3a55,0x2b3a55,0x2b3a55,0x2b3a55,0x2b3a55,0x2b3a55,0x2b3a55,0x2b3a55,0x2b3a55,0x2b3a55,0x2b3a55,0x2b3a55,
    0x2b3a55,0x2c3b55,0x2d3c56,0x2e3c57,0x2e3d57,0x2e3c57,0x2e3c57,0x2e3c57,0x2e3d57,0x2e3c57,0x2d3c56,0x2c3b55,
    0x2b3a55,0x2b3a55,0x2b3a55,0x2b3a55,0x2b3a55,0x2b3a55,0x2b3a55,0x2b3a55,0x2b3a55,0x2b3a55,0x2b3a55,0x2b3a55,
    0x2b3a55,0x2b3a55,0x2b3a55,0x2b3a55,0x2b3a55,0x2b3a55,0x2b3a55,0x2b3a55,0x2b3a55,0x2b3a55,0x2b3a55,0x2b3a55,
    0x2b3a55,0x2b3a55,0x2b3a55,0x2b3a55,
    0x2b3a55,0x2b3a55,0x2b3a55,0x2b3a55,0x2b3a55,0x2c3b56,0x283752,0x4f5c73,0x6c798d,0x687489,0x68758a,0x68758a,
    0x68758a,0x68758a,0x68758a,0x68758a,0x68758a,0x68758a,0x68758a,0x68758a,0x68758a,0x68758a,0x687489,0x6c798d,
    0x4f5c73,0x283752,0x2c3b56,0x2b3a55,0x2b3a55,0x2b3a55,0x2b3a55,0x2b3a55,0x2b3a55,0x2c3b56,0x2e3d57,0x2d3c57,
    0x2a3954,0x263551,0x24334f,0x23324e,0x24344f,0x273651,0x2b3a55,0x2e3c57,0x2d3c57,0x2b3a55,0x2b3a55,0x2b3a55,
    0x2b3a55,0x2b3a55,0x2b3a55,0x2b3a55,0x2b3a55,0x2b3a55,0x2b3a55,0x2b3a55,0x2b3a55,0x2b3a55,0x2b3a55,0x2b3a55,
    0x2b3a55,0x2b3a55,0x2b3a55,0x2b3a55,0x2b3a55,0x2b3a55,0x2b3a55,0x2b3a55,0x2b3a55,0x2b3a55,0x2b3a55,0x2b3a55,
    0x2b3a55,0x2b3a55,0x2b3a55,0x2b3a55,0x2b3a55,0x2b3a55,0x2b3a55,0x2b3a55,0x2b3a55,0x2b3a55,0x2b3a55,0x2b3a55,
    0x2b3a55,0x2b3a55,0x2b3a55,0x2b3a55,0x2b3a55,0x2b3a55,0x2b3a55,0x2b3a55,0x2b3a55,0x2b3a55,0x2b3a55,0x2b3a55,
    0x2b3a55,0x2b3a55,0x2b3a55,0x2b3a55,0x2b3a55,0x2b3a55,0x2b3a55,0x2b3a55,0x2b3a55,0x2b3a55,0x2b3a55,0x2b3a55,
    0x2b3a55,0x2b3a55,0x2b3a55,0x2b3a55,0x2b3a55,0x2b3a55,0x2b3a55,0x2b3a55,0x2b3a55,0x2b3a55,0x2b3a55,0x2b3a55,
    0x2b3a55,0x2b3a55,0x2b3a55,0x2b3a55,0x2b3a55,0x2b3a55,0x2b3a55,0x2b3a55,0x2b3a55,0x2b3a55,0x2b3a55,0x2b3a55,
    0x2b3a55,0x2b3a55,0x2b3a55,0x2b3a55,0x2b3a55,0x2b3a55,0x2b3a55,0x2b3a55,0x2b3a55,0x2b3a55,0x2b3a55,0x2b3a55,
    0x2b3a55,0x2b3a55,0x2b3a55,0x2b3a55,0x2b3a55,0x2b3a55,0x2b3a55,0x2b3a55,0x2b3a55,0x2b3a55,0x2b3a55,0x2b3a55,
    0x2b3a55,0x2b3a55,0x2b3a55,0x2b3a55,
    0x2b3953,0x2b3a55,0x2b3a55,0x2b3a55,0x2b3a55,0x2c3b56,0x23334e,0x8793a4,0xc5ced9,0xbcc4d1,0xbfc8d4,0xbfc7d4,
    0xbfc7d4,0xbfc7d4,0xbfc7d4,0xbfc7d4,0xbfc7d4,0xbfc7d4,0xbfc7d4,0xbfc7d4,0xbfc7d4,0xbfc8d4,0xbcc4d1,0xc5ced9,
    0x8792a4,0x23334e,0x2c3b56,0x2b3a55,0x2b3a55,0x2b3a55,0x2b3a55,0x2b3a55,0x2d3c57,0x293853,0x1f2f4b,0x21304d,
    0x2f3e59,0x3f4d67,0x4b5971,0x4f5d75,0x495770,0x3c4a64,0x2b3b56,0x1f2f4b,0x21304c,0x2b3a55,0x2d3c57,0x2b3a55,
    0x2b3a55,0x2b3a55,0x2b3a55,0x2b3a55,0x2b3a55,0x2b3a55,0x2b3a55,0x2b3a55,0x2b3a55,0x2b3a55,0x2b3a55,0x2b3a55,
    0x2b3a55,0x2b3a55,0x2b3a55,0x2b3a55,0x2b3a55,0x2b3a55,0x2b3a55,0x2b3a55,0x2b3a55,0x2b3a55,0x2b3a55,0x2b3a55,
    0x2b3a55,0x2b3a55,0x2b3a55,0x2b3a55,0x2b3a55,0x2b3a55,0x2b3a55,0x2b3a55,0x2b3a55,0x2b3a55,0x2b3a55,0x2b3a55,
    0x2b3a55,0x2b3a55,0x2b3a55,0x2b3a55,0x2b3a55,0x2b3a55,0x2b3a55,0x2b3a55,0x2b3a55,0x2b3a55,0x2b3a55,0x2b3a55,
    0x2b3a55,0x2b3a55,0x2b3a55,0x2b3a55,0x2b3a55,0x2b3a55,0x2b3a55,0x2b3a55,0x2b3a55,0x2b3a55,0x2b3a55,0x2b3a55,
    0x2b3a55,0x2b3a55,0x2b3a55,0x2b3a55,0x2b3a55,0x2b3a55,0x2b3a55,0x2b3a55,0x2b3a55,0x2b3a55,0x2b3a55,0x2b3a55,
    0x2b3a55,0x2b3a55,0x2b3a55,0x2b3a55,0x2b3a55,0x2b3a55,0x2b3a55,0x2b3a55,0x2b3a55,0x2b3a55,0x2b3a55,0x2b3a55,
    0x2b3a55,0x2b3a55,0x2b3a55,0x2b3a55,0x2b3a55,0x2b3a55,0x2b3a55,0x2b3a55,0x2b3a55,0x2b3a55,0x2b3a55,0x2b3a55,
    0x2b3a55,0x2b3a55,0x2b3a55,0x2b3a55,0x2b3a55,0x2b3a55,0x2b3a55,0x2b3a55,0x2b3a55,0x2b3a55,0x2b3a55,0x2b3a55,
    0x2b3a55,0x2b3a55,0x2b3a55,0x2b3a55,
    0x334b77,0x2a3750,0x2b3b56,0x2b3a55,0x2b3a55,0x2b3a55,0x2a3954,0x313f5a,0x37465f,0x949fae,0xb7c1ce,0xb1bbc8,
    0xb2bbc9,0xb2bbc9,0xb2bbc9,0xb2bbc9,0xb2bbc9,0xb2bbc9,0xb2bbc9,0xb2bbc9,0xb1bbc8,0xb7c1ce,0x949fae,0x37465f,
    0x313f5a,0x2a3954,0x2b3a55,0x2b3a55,0x2b3a55,0x2b3a55,0x2b3a55,0x2d3c57,0x21304c,0x32415c,0x6f7b90,0xa9b2c0,
    0xccd3de,0xdde3ed,0xe6ebf4,0xeaeef6,0xe5eaf3,0xdbe1eb,0xc7ced9,0x9fa8b8,0x616e84,0x293954,0x24334f,0x2d3c57,
    0x2b3a55,0x2b3a55,0x2b3a55,0x2b3a55,0x2b3a55,0x2b3a55,0x2b3a55,0x2b3a55,0x2b3a55,0x2b3a55,0x2b3a55,0x2b3a55,
    0x2b3a55,0x2b3a55,0x2b3a55,0x2b3a55,0x2b3a55,0x2b3a55,0x2b3a55,0x2b3a55,0x2b3a55,0x2b3a55,0x2b3a55,0x2b3a55,
    0x2b3a55,0x2b3a55,0x2b3a55,0x2b3a55,0x2b3a55,0x2b3a55,0x2b3a55,0x2b3a55,0x2b3a55,0x2b3a55,0x2b3a55,0x2b3a55,
    0x2b3a55,0x2b3a55,0x2b3a55,0x2b3a55,0x2b3a55,0x2b3a55,0x2b3a55,0x2b3a55,0x2b3a55,0x2b3a55,0x2b3a55,0x2b3a55,
    0x2b3a55,0x2b3a55,0x2b3a55,0x2b3a55,0x2b3a55,0x2b3a55,0x2b3a55,0x2b3a55,0x2b3a55,0x2b3a55,0x2b3a55,0x2b3a55,
    0x2b3a55,0x2b3a55,0x2b3a55,0x2b3a55,0x2b3a55,0x2b3a55,0x2b3a55,0x2b3a55,0x2b3a55,0x2b3a55,0x2b3a55,0x2b3a55,
    0x2b3a55,0x2b3a55,0x2b3a55,0x2b3a55,0x2b3a55,0x2b3a55,0x2b3a55,0x2b3a55,0x2b3a55,0x2b3a55,0x2b3a55,0x2b3a55,
    0x2b3a55,0x2b3a55,0x2b3a55,0x2b3a55,0x2b3a55,0x2b3a55,0x2b3a55,0x2b3a55,0x2b3a55,0x2b3a55,0x2b3a55,0x2b3a55,
    0x2b3a55,0x2b3a55,0x2b3a55,0x2b3a55,0x2b3a55,0x2b3a55,0x2b3a55,0x2b3a55,0x2b3a55,0x2b3a55,0x2b3a55,0x2b3a55,
    0x2b3a55,0x2b3a55,0x2b3a55,0x2b3a55,
    0x38568d,0x29364e,0x2b3b57,0x2b3a55,0x2b3a55,0x2b3a55,0x2b3a55,0x293854,0x243450,0x97a2b1,0xc0c9d6,0xb9c2cf,
    0xbac3d0,0xbac3d0,0xbac3d0,0xbac3d0,0xbac3d0,0xbac3d0,0xbac3d0,0xbac3d0,0xb9c2cf,0xc0c9d6,0x97a2b1,0x243450,
    0x293854,0x2b3a55,0x2b3a55,0x2b3a55,0x2b3a55,0x2b3a55,0x2c3b56,0x22324d,0x637086,0xd1d7e2,0xf4f8fe,0xf3f7fd,
    0xf3f5f9,0xf7f7f7,0xf0f2f5,0xedf0f4,0xf2f3f5,0xf7f7f7,0xf2f5fa,0xf4f8fe,0xf1f5fc,0xc1c8d4,0x4d5a73,0x23324e,
    0x2d3c56,0x2b3a55,0x2b3a55,0x2b3a55,0x2b3a55,0x2b3a55,0x2b3a55,0x2b3a55,0x2b3a55,0x2b3a55,0x2b3a55,0x2b3a55,
    0x2b3a55,0x2b3a55,0x2b3a55,0x2b3a55,0x2b3a55,0x2b3a55,0x2b3a55,0x2b3a55,0x2b3a55,0x2b3a55,0x2b3a55,0x2b3a55,
    0x2b3a55,0x2b3a55,0x2b3a55,0x2b3a55,0x2b3a55,0x2b3a55,0x2b3a55,0x2b3a55,0x2b3a55,0x2b3a55,0x2b3a55,0x2b3a55,
    0x2b3a55,0x2b3a55,0x2b3a55,0x2b3a55,0x2b3a55,0x2b3a55,0x2b3a55,0x2b3a55,0x2b3a55,0x2b3a55,0x2b3a55,0x2b3a55,
    0x2b3a55,0x2b3a55,0x2b3a55,0x2b3a55,0x2b3a55,0x2b3a55,0x2b3a55,0x2b3a55,0x2b3a55,0x2b3a55,0x2b3a55,0x2b3a55,
    0x2b3a55,0x2b3a55,0x2b3a55,0x2b3a55,0x2b3a55,0x2b3a55,0x2b3a55,0x2b3a55,0x2b3a55,0x2b3a55,0x2b3a55,0x2b3a55,
    0x2b3a55,0x2b3a55,0x2b3a55,0x2b3a55,0x2b3a55,0x2b3a55,0x2b3a55,0x2b3a55,0x2b3a55,0x2b3a55,0x2b3a55,0x2b3a55,
    0x2b3a55,0x2b3a55,0x2b3a55,0x2b3a55,0x2b3a55,0x2b3a55,0x2b3a55,0x2b3a55,0x2b3a55,0x2b3a55,0x2b3a55,0x2b3a55,
    0x2b3a55,0x2b3a55,0x2b3a55,0x2b3a55,0x2b3a55,0x2b3a55,0x2b3a55,0x2b3a55,0x2b3a55,0x2b3a55,0x2b3a55,0x2b3a55,
    0x2b3a55,0x2b3a55,0x2b3a55,0x2b3a55,
    0x375589,0x29364e,0x2b3b57,0x2b3a55,0x2b3a55,0x2b3a55,0x2b3a55,0x2b3a55,0x293954,0x97a2b1,0xbfc8d5,0xb8c1ce,
    0xb9c2cf,0xb9c2cf,0xb9c2cf,0xb9c2cf,0xb9c2cf,0xb9c2cf,0xb9c2cf,0xb9c2cf,0xb8c1ce,0xbfc8d5,0x97a2b1,0x293954,
    0x2b3a55,0x2b3a55,0x2b3a55,0x2b3a55,0x2b3a55,0x2d3c57,0x22314d,0x667388,0xf0f4fb,0xeff3f9,0xe5e9f1,0xeceef2,
    0xd7e1f2,0x96b5ed,0x76a0eb,0x6e9bea,0x79a2eb,0xa1bdee,0xe2e8f2,0xe9edf2,0xe6eaf2,0xf4f7fd,0xdfe5ee,0x495770,
    0x25344f,0x2c3b56,0x2b3a55,0x2b3a55,0x2b3a55,0x2b3a55,0x2b3a55,0x2b3a55,0x2b3a55,0x2b3a55,0x2b3a55,0x2b3a55,
    0x2b3a55,0x2b3a55,0x2b3a55,0x2b3a55,0x2b3a55,0x2b3a55,0x2b3a55,0x2b3a55,0x2b3a55,0x2b3a55,0x2b3a55,0x2b3a55,
    0x2b3a55,0x2b3a55,0x2b3a55,0x2b3a55,0x2b3a55,0x2b3a55,0x2b3a55,0x2b3a55,0x2b3a55,0x2b3a55,0x2b3a55,0x2b3a55,
    0x2b3a55,0x2b3a55,0x2b3a55,0x2b3a55,0x2b3a55,0x2b3a55,0x2b3a55,0x2b3a55,0x2b3a55,0x2b3a55,0x2b3a55,0x2b3a55,
    0x2b3a55,0x2b3a55,0x2b3a55,0x2b3a55,0x2b3a55,0x2b3a55,0x2b3a55,0x2b3a55,0x2b3a55,0x2b3a55,0x2b3a55,0x2b3a55,
    0x2b3a55,0x2b3a55,0x2b3a55,0x2b3a55,0x2b3a55,0x2b3a55,0x2b3a55,0x2b3a55,0x2b3a55,0x2b3a55,0x2b3a55,0x2b3a55,
    0x2b3a55,0x2b3a55,0x2b3a55,0x2b3a55,0x2b3a55,0x2b3a55,0x2b3a55,0x2b3a55,0x2b3a55,0x2b3a55,0x2b3a55,0x2b3a55,
    0x2b3a55,0x2b3a55,0x2b3a55,0x2b3a55,0x2b3a55,0x2b3a55,0x2b3a55,0x2b3a55,0x2b3a55,0x2b3a55,0x2b3a55,0x2b3a55,
    0x2b3a55,0x2b3a55,0x2b3a55,0x2b3a55,0x2b3a55,0x2b3a55,0x2b3a55,0x2b3a55,0x2b3a55,0x2b3a55,0x2b3a55,0x2b3a55,
    0x2b3a55,0x2b3a55,0x2b3a55,0x2b3a55,
    0x37558a,0x29364e,0x2b3b57,0x2b3a55,0x2b3a55,0x2b3a55,0x2b3a55,0x2b3a55,0x283853,0x97a2b1,0xbfc8d5,0xb8c1ce,
    0xb9c2cf,0xb9c2cf,0xb9c2cf,0xb9c2cf,0xb9c2cf,0xb9c2cf,0xb9c2cf,0xb9c2cf,0xb8c1ce,0xbfc8d5,0x97a2b1,0x283853,
    0x2b3a55,0x2b3a55,0x2b3a55,0x2b3a55,0x2b3a55,0x2b3a55,0x293854,0xc2cad6,0xf1f4fa,0xe4e9f1,0xedf0f4,0xd9e2f3,
    0x578ce9,0x417ce7,0x4680e8,0x4680e8,0x4680e7,0x3e7be7,0x6e9aea,0xe8ecf4,0xe9edf4,0xe4e8f0,0xf6f9ff,0xa0aab9,
    0x20304c,0x2d3c57,0x2b3a55,0x2b3a55,0x2b3a55,0x2b3a55,0x2b3a55,0x2b3a55,0x2b3a55,0x2b3a55,0x2b3a55,0x2b3a55,
    0x2b3a55,0x2b3a55,0x2b3a55,0x2b3a55,0x2b3a55,0x2b3a55,0x2b3a55,0x2b3a55,0x2b3a55,0x2b3a55,0x2b3a55,0x2b3a55,
    0x2b3a55,0x2b3a55,0x2b3a55,0x2b3a55,0x2b3a55,0x2b3a55,0x2b3a55,0x2b3a55,0x2b3a55,0x2b3a55,0x2b3a55,0x2b3a55,
    0x2b3a55,0x2b3a55,0x2b3a55,0x2b3a55,0x2b3a55,0x2b3a55,0x2b3a55,0x2b3a55,0x2b3a55,0x2b3a55,0x2b3a55,0x2b3a55,
    0x2b3a55,0x2b3a55,0x2b3a55,0x2b3a55,0x2b3a55,0x2b3a55,0x2b3a55,0x2b3a55,0x2b3a55,0x2b3a55,0x2b3a55,0x2b3a55,
    0x2b3a55,0x2b3a55,0x2b3a55,0x2b3a55,0x2b3a55,0x2b3a55,0x2b3a55,0x2b3a55,0x2b3a55,0x2b3a55,0x2b3a55,0x2b3a55,
    0x2b3a55,0x2b3a55,0x2b3a55,0x2b3a55,0x2b3a55,0x2b3a55,0x2b3a55,0x2b3a55,0x2b3a55,0x2b3a55,0x2b3a55,0x2b3a55,
    0x2b3a55,0x2b3a55,0x2b3a55,0x2b3a55,0x2b3a55,0x2b3a55,0x2b3a55,0x2b3a55,0x2b3a55,0x2b3a55,0x2b3a55,0x2b3a55,
    0x2b3a55,0x2b3a55,0x2b3a55,0x2b3a55,0x2b3a55,0x2b3a55,0x2b3a55,0x2b3a55,0x2b3a55,0x2b3a55,0x2b3a55,0x2b3a55,
    0x2b3a55,0x2b3a55,0x2b3a55,0x2b3a55,
    0x37558a,0x29364e,0x2b3b57,0x2b3a55,0x2b3a55,0x2b3a55,0x2b3a55,0x2b3a55,0x283853,0x97a2b1,0xbfc8d5,0xb8c1ce,
    0xb9c2cf,0xb9c2cf,0xb9c2cf,0xb9c2cf,0xb9c2cf,0xb9c2cf,0xb9c2cf,0xb9c2cf,0xb8c1ce,0xbfc8d5,0x97a2b1,0x283853,
    0x2b3a55,0x2b3a55,0x2b3a55,0x2b3a55,0x2b3a55,0x2b3a55,0x293854,0xc2cad6,0xf1f4fa,0xe4e9f1,0xedf0f4,0xd9e2f3,
    0x578ce9,0x417ce7,0x4680e8,0x4680e8,0x4680e7,0x3e7be7,0x6e9aea,0xe8ecf4,0xe9edf4,0xe4e8f0,0xf6f9ff,0xa0aab9,
    0x20304c,0x2d3c57,0x2b3a55,0x2b3a55,0x2b3a55,0x2b3a55,0x2b3a55,0x2b3a55,0x2b3a55,0x2b3a55,0x2b3a55,0x2b3a55,
    0x2b3a55,0x2b3a55,0x2b3a55,0x2b3a55,0x2b3a55,0x2b3a55,0x2b3a55,0x2b3a55,0x2b3a55,0x2b3a55,0x2b3a55,0x2b3a55,
    0x2b3a55,0x2b3a55,0x2b3a55,0x2b3a55,0x2b3a55,0x2b3a55,0x2b3a55,0x2b3a55,0x2b3a55,0x2b3a55,0x2b3a55,0x2b3a55,
    0x2b3a55,0x2b3a55,0x2b3a55,0x2b3a55,0x2b3a55,0x2b3a55,0x2b3a55,0x2b3a55,0x2b3a55,0x2b3a55,0x2b3a55,0x2b3a55,
    0x2b3a55,0x2b3a55,0x2b3a55,0x2b3a55,0x2b3a55,0x2b3a55,0x2b3a55,0x2b3a55,0x2b3a55,0x2b3a55,0x2b3a55,0x2b3a55,
    0x2b3a55,0x2b3a55,0x2b3a55,0x2b3a55,0x2b3a55,0x2b3a55,0x2b3a55,0x2b3a55,0x2b3a55,0x2b3a55,0x2b3a55,0x2b3a55,
    0x2b3a55,0x2b3a55,0x2b3a55,0x2b3a55,0x2b3a55,0x2b3a55,0x2b3a55,0x2b3a55,0x2b3a55,0x2b3a55,0x2b3a55,0x2b3a55,
    0x2b3a55,0x2b3a55,0x2b3a55,0x2b3a55,0x2b3a55,0x2b3a55,0x2b3a55,0x2b3a55,0x2b3a55,0x2b3a55,0x2b3a55,0x2b3a55,
    0x2b3a55,0x2b3a55,0x2b3a55,0x2b3a55,0x2b3a55,0x2b3a55,0x2b3a55,0x2b3a55,0x2b3a55,0x2b3a55,0x2b3a55,0x2b3a55,
    0x2b3a55,0x2b3a55,0x2b3a55,0x2b3a55,
    0x37558b,0x29364e,0x2b3b57,0x2b3a55,0x2b3a55,0x2b3a55,0x2b3a55,0x2b3a55,0x283853,0x97a2b1,0xbfc8d5,0xb8c1ce,
    0xb9c2cf,0xb9c2cf,0xb9c2cf,0xb9c2cf,0xb9c2cf,0xb9c2cf,0xb9c2cf,0xb9c2cf,0xb8c1ce,0xbfc8d5,0x97a2b1,0x283853,
    0x2b3a55,0x2b3a55,0x2b3a55,0x2b3a55,0x2b3a55,0x2d3c57,0x22314d,0x667388,0xf0f4fb,0xeff3f9,0xe5e9f1,0xeceef2,
    0xd7e1f2,0x96b5ed,0x76a0eb,0x6e9bea,0x79a2eb,0xa1bdee,0xe2e8f2,0xe9edf2,0xe6eaf2,0xf4f7fd,0xdfe5ee,0x495770,
    0x25344f,0x2c3b56,0x2b3a55,0x2b3a55,0x2b3a55,0x2b3a55,0x2b3a55,0x2b3a55,0x2b3a55,0x2b3a55,0x2b3a55,0x2b3a55,
    0x2b3a55,0x2b3a55,0x2b3a55,0x2b3a55,0x2b3a55,0x2b3a55,0x2b3a55,0x2b3a55,0x2b3a55,0x2b3a55,0x2b3a55,0x2b3a55,
    0x2b3a55,0x2b3a55,0x2b3a55,0x2b3a55,0x2b3a55,0x2b3a55,0x2b3a55,0x2b3a55,0x2b3a55,0x2b3a55,0x2b3a55,0x2b3a55,
    0x2b3a55,0x2b3a55,0x2b3a55,0x2b3a55,0x2b3a55,0x2b3a55,0x2b3a55,0x2b3a55,0x2b3a55,0x2b3a55,0x2b3a55,0x2b3a55,
    0x2b3a55,0x2b3a55,0x2b3a55,0x2b3a55,0x2b3a55,0x2b3a55,0x2b3a55,0x2b3a55,0x2b3a55,0x2b3a55,0x2b3a55,0x2b3a55,
    0x2b3a55,0x2b3a55,0x2b3a55,0x2b3a55,0x2b3a55,0x2b3a55,0x2b3a55,0x2b3a55,0x2b3a55,0x2b3a55,0x2b3a55,0x2b3a55,
    0x2b3a55,0x2b3a55,0x2b3a55,0x2b3a55,0x2b3a55,0x2b3a55,0x2b3a55,0x2b3a55,0x2b3a55,0x2b3a55,0x2b3a55,0x2b3a55,
    0x2b3a55,0x2b3a55,0x2b3a55,0x2b3a55,0x2b3a55,0x2b3a55,0x2b3a55,0x2b3a55,0x2b3a55,0x2b3a55,0x2b3a55,0x2b3a55,
    0x2b3a55,0x2b3a55,0x2b3a55,0x2b3a55,0x2b3a55,0x2b3a55,0x2b3a55,0x2b3a55,0x2b3a55,0x2b3a55,0x2b3a55,0x2b3a55,
    0x2b3a55,0x2b3a55,0x2b3a55,0x2b3a55,
    0x365386,0x29364e,0x2b3b57,0x2b3a55,0x2b3a55,0x2b3a55,0x2b3a55,0x2b3a55,0x283853,0x98a3b2,0xbec7d4,0xb7c0cd,
    0xb8c1ce,0xb8c1ce,0xb8c1ce,0xb8c1ce,0xb8c1ce,0xb8c1ce,0xb8c1ce,0xb8c1ce,0xb7c0cd,0xbec7d4,0x98a3b2,0x283853,
    0x2b3a55,0x2b3a55,0x2b3a55,0x2b3a55,0x2b3a55,0x2b3a55,0x2c3b56,0x22324d,0x637086,0xd1d7e2,0xf4f8fe,0xf3f7fd,
    0xf3f5f9,0xf7f7f7,0xf0f2f5,0xedf0f4,0xf2f3f5,0xf7f7f7,0xf2f5fa,0xf4f8fe,0xf1f5fc,0xc0c8d4,0x4d5a73,0x23324e,
    0x2d3c56,0x2b3a55,0x2b3a55,0x2b3a55,0x2b3a55,0x2b3a55,0x2b3a55,0x2b3a55,0x2b3a55,0x2b3a55,0x2b3a55,0x2b3a55,
    0x2b3a55,0x2b3a55,0x2b3a55,0x2b3a55,0x2b3a55,0x2b3a55,0x2b3a55,0x2b3a55,0x2b3a55,0x2b3a55,0x2b3a55,0x2b3a55,
    0x2b3a55,0x2b3a55,0x2b3a55,0x2b3a55,0x2b3a55,0x2b3a55,0x2b3a55,0x2b3a55,0x2b3a55,0x2b3a55,0x2b3a55,0x2b3a55,
    0x2b3a55,0x2b3a55,0x2b3a55,0x2b3a55,0x2b3a55,0x2b3a55,0x2b3a55,0x2b3a55,0x2b3a55,0x2b3a55,0x2b3a55,0x2b3a55,
    0x2b3a55,0x2b3a55,0x2b3a55,0x2b3a55,0x2b3a55,0x2b3a55,0x2b3a55,0x2b3a55,0x2b3a55,0x2b3a55,0x2b3a55,0x2b3a55,
    0x2b3a55,0x2b3a55,0x2b3a55,0x2b3a55,0x2b3a55,0x2b3a55,0x2b3a55,0x2b3a55,0x2b3a55,0x2b3a55,0x2b3a55,0x2b3a55,
    0x2b3a55,0x2b3a55,0x2b3a55,0x2b3a55,0x2b3a55,0x2b3a55,0x2b3a55,0x2b3a55,0x2b3a55,0x2b3a55,0x2b3a55,0x2b3a55,
    0x2b3a55,0x2b3a55,0x2b3a55,0x2b3a55,0x2b3a55,0x2b3a55,0x2b3a55,0x2b3a55,0x2b3a55,0x2b3a55,0x2b3a55,0x2b3a55,
    0x2b3a55,0x2b3a55,0x2b3a55,0x2b3a55,0x2b3a55,0x2b3a55,0x2b3a55,0x2b3a55,0x2b3a55,0x2b3a55,0x2b3a55,0x2b3a55,
    0x2b3a55,0x2b3a55,0x2b3a55,0x2b3a55,
    0x2d3e5c,0x2b3a54,0x2b3a55,0x2b3a55,0x2b3a55,0x2b3a55,0x2b3a55,0x2b3a55,0x273752,0x939ead,0xc4ccd9,0xbdc6d3,
    0xbec7d3,0xbec7d3,0xbec7d3,0xbec7d3,0xbec7d3,0xbec7d3,0xbec6d3,0xbec7d3,0xbcc5d1,0xc4ccd8,0x939ead,0x273752,
    0x2b3a55,0x2b3a55,0x2b3a55,0x2b3a55,0x2b3a55,0x2b3a55,0x2b3a55,0x2d3c57,0x21304c,0x32415c,0x707c90,0xaab2c1,
    0xccd3de,0xdee4ee,0xe7ecf5,0xeaeef6,0xe6ebf3,0xdce2ec,0xc7ceda,0xa0a9b9,0x636f85,0x2a3954,0x24334f,0x2d3c57,
    0x2b3a55,0x2b3a55,0x2b3a55,0x2b3a55,0x2b3a55,0x2b3a55,0x2b3a55,0x2b3a55,0x2b3a55,0x2b3a55,0x2b3a55,0x2b3a55,
    0x2b3a55,0x2b3a55,0x2b3a55,0x2b3a55,0x2b3a55,0x2b3a55,0x2b3a55,0x2b3a55,0x2b3a55,0x2b3a55,0x2b3a55,0x2b3a55,
    0x2b3a55,0x2b3a55,0x2b3a55,0x2b3a55,0x2b3a55,0x2b3a55,0x2b3a55,0x2b3a55,0x2b3a55,0x2b3a55,0x2b3a55,0x2b3a55,
    0x2b3a55,0x2b3a55,0x2b3a55,0x2b3a55,0x2b3a55,0x2b3a55,0x2b3a55,0x2b3a55,0x2b3a55,0x2b3a55,0x2b3a55,0x2b3a55,
    0x2b3a55,0x2b3a55,0x2b3a55,0x2b3a55,0x2b3a55,0x2b3a55,0x2b3a55,0x2b3a55,0x2b3a55,0x2b3a55,0x2b3a55,0x2b3a55,
    0x2b3a55,0x2b3a55,0x2b3a55,0x2b3a55,0x2b3a55,0x2b3a55,0x2b3a55,0x2b3a55,0x2b3a55,0x2b3a55,0x2b3a55,0x2b3a55,
    0x2b3a55,0x2b3a55,0x2b3a55,0x2b3a55,0x2b3a55,0x2b3a55,0x2b3a55,0x2b3a55,0x2b3a55,0x2b3a55,0x2b3a55,0x2b3a55,
    0x2b3a55,0x2b3a55,0x2b3a55,0x2b3a55,0x2b3a55,0x2b3a55,0x2b3a55,0x2b3a55,0x2b3a55,0x2b3a55,0x2b3a55,0x2b3a55,
    0x2b3a55,0x2b3a55,0x2b3a55,0x2b3a55,0x2b3a55,0x2b3a55,0x2b3a55,0x2b3a55,0x2b3a55,0x2b3a55,0x2b3a55,0x2b3a55,
    0x2b3a55,0x2b3a55,0x2b3a55,0x2b3a55,
    0x2b3954,0x2b3a55,0x2b3a55,0x2b3a55,0x2b3a55,0x2b3a55,0x2b3a55,0x2b3a55,0x293853,0x3a4962,0x4f5c73,0x4a586f,
    0x4a586f,0x4b5970,0x4d5b72,0x4b5970,0x4d5b72,0x4d5a72,0x4e5c73,0x4d5b72,0x505d74,0x505e74,0x3a4862,0x293853,
    0x2b3a55,0x2b3a55,0x2b3a55,0x2b3a55,0x2b3a55,0x2b3a55,0x2b3a55,0x2b3a55,0x2e3d57,0x273651,0x1a2a46,0x1e2d4a,
    0x2d3c58,0x3c4b64,0x48566e,0x4e5c74,0x46546d,0x374660,0x283853,0x192946,0x1a2a47,0x283853,0x2d3c57,0x2b3a55,
    0x2b3a55,0x2b3a55,0x2b3a55,0x2b3a55,0x2b3a55,0x2b3a55,0x2b3a55,0x2b3a55,0x2b3a55,0x2b3a55,0x2b3a55,0x2b3a55,
    0x2b3a55,0x2b3a55,0x2b3a55,0x2b3a55,0x2b3a55,0x2b3a55,0x2b3a55,0x2b3a55,0x2b3a55,0x2b3a55,0x2b3a55,0x2b3a55,
    0x2b3a55,0x2b3a55,0x2b3a55,0x2b3a55,0x2b3a55,0x2b3a55,0x2b3a55,0x2b3a55,0x2b3a55,0x2b3a55,0x2b3a55,0x2b3a55,
    0x2b3a55,0x2b3a55,0x2b3a55,0x2b3a55,0x2b3a55,0x2b3a55,0x2b3a55,0x2b3a55,0x2b3a55,0x2b3a55,0x2b3a55,0x2b3a55,
    0x2b3a55,0x2b3a55,0x2b3a55,0x2b3a55,0x2b3a55,0x2b3a55,0x2b3a55,0x2b3a55,0x2b3a55,0x2b3a55,0x2b3a55,0x2b3a55,
    0x2b3a55,0x2b3a55,0x2b3a55,0x2b3a55,0x2b3a55,0x2b3a55,0x2b3a55,0x2b3a55,0x2b3a55,0x2b3a55,0x2b3a55,0x2b3a55,
    0x2b3a55,0x2b3a55,0x2b3a55,0x2b3a55,0x2b3a55,0x2b3a55,0x2b3a55,0x2b3a55,0x2b3a55,0x2b3a55,0x2b3a55,0x2b3a55,
    0x2b3a55,0x2b3a55,0x2b3a55,0x2b3a55,0x2b3a55,0x2b3a55,0x2b3a55,0x2b3a55,0x2b3a55,0x2b3a55,0x2b3a55,0x2b3a55,
    0x2b3a55,0x2b3a55,0x2b3a55,0x2b3a55,0x2b3a55,0x2b3a55,0x2b3a55,0x2b3a55,0x2b3a55,0x2b3a55,0x2b3a55,0x2b3a55,
    0x2b3a55,0x2b3a55,0x2b3a55,0x2b3a55,
    0x2b3a55,0x2b3a55,0x2b3a55,0x2b3a55,0x2b3a55,0x2b3a55,0x2b3a55,0x2b3a55,0x2c3b56,0x263651,0x293853,0x404e66,
    0x3f4d65,0x38465f,0x2c3a55,0x38465f,0x2d3b56,0x2e3d57,0x283752,0x2d3c56,0x22324d,0x24334f,0x283752,0x2b3a55,
    0x2b3a55,0x2b3a55,0x2b3a55,0x2b3a55,0x2b3a55,0x2b3a55,0x2b3a55,0x2b3a55,0x2a3954,0x37455e,0x45536a,0x3d4b64,
    0x303e59,0x313f59,0x33415b,0x273651,0x34425b,0x404d65,0x38465f,0x4c596f,0x4d5a71,0x38465f,0x293853,0x2b3a55,
    0x2b3a55,0x2b3a55,0x2b3a55,0x2b3a55,0x2b3a55,0x2b3a55,0x2b3a55,0x2b3a55,0x2b3a55,0x2b3a55,0x2b3a55,0x2b3a55,
    0x2b3a55,0x2b3a55,0x2b3a55,0x2b3a55,0x2b3a55,0x2b3a55,0x2b3a55,0x2b3a55,0x2b3a55,0x2b3a55,0x2b3a55,0x2b3a55,
    0x2b3a55,0x2b3a55,0x2b3a55,0x2b3a55,0x2b3a55,0x2b3a55,0x2b3a55,0x2b3a55,0x2b3a55,0x2b3a55,0x2b3a55,0x2b3a55,
    0x2b3a55,0x2b3a55,0x2b3a55,0x2b3a55,0x2b3a55,0x2b3a55,0x2b3a55,0x2b3a55,0x2b3a55,0x2b3a55,0x2b3a55,0x2b3a55,
    0x2b3a55,0x2b3a55,0x2b3a55,0x2b3a55,0x2b3a55,0x2b3a55,0x2b3a55,0x2b3a55,0x2b3a55,0x2b3a55,0x2b3a55,0x2b3a55,
    0x2b3a55,0x2b3a55,0x2b3a55,0x2b3a55,0x2b3a55,0x2b3a55,0x2b3a55,0x2b3a55,0x2b3a55,0x2b3a55,0x2b3a55,0x2b3a55,
    0x2b3a55,0x2b3a55,0x2b3a55,0x2b3a55,0x2b3a55,0x2b3a55,0x2b3a55,0x2b3a55,0x2b3a55,0x2b3a55,0x2b3a55,0x2b3a55,
    0x2b3a55,0x2b3a55,0x2b3a55,0x2b3a55,0x2b3a55,0x2b3a55,0x2b3a55,0x2b3a55,0x2b3a55,0x2b3a55,0x2b3a55,0x2b3a55,
    0x2b3a55,0x2b3a55,0x2b3a55,0x2b3a55,0x2b3a55,0x2b3a55,0x2b3a55,0x2b3a55,0x2b3a55,0x2b3a55,0x2b3a55,0x2b3a55,
    0x2b3a55,0x2b3a55,0x2b3a55,0x2b3a55,
    0x2b3a55,0x2b3a55,0x2b3a55,0x2b3a55,0x2b3a55,0x2b3a55,0x2b3a55,0x2b3a55,0x2c3b56,0x273652,0x425068,0x87909f,
    0x7c8696,0x7f8899,0x8991a0,0x959daa,0x687386,0x7a8394,0x7e8797,0x7d8697,0x2f3e58,0x2c3b56,0x2c3b56,0x2b3a55,
    0x2b3a55,0x2b3a55,0x2b3a55,0x2b3a55,0x2b3a55,0x2b3a55,0x2b3a55,0x2d3c56,0x23324e,0x616c80,0xafb4bf,0x6a7487,
    0x6d778a,0x969dab,0x8e96a4,0x636f82,0x7a8394,0x7f8898,0x626d81,0x969dab,0xa3a9b4,0x505c72,0x253450,0x2c3b56,
    0x2b3a55,0x2b3a55,0x2b3a55,0x2b3a55,0x2b3a55,0x2b3a55,0x2b3a55,0x2b3a55,0x2b3a55,0x2b3a55,0x2b3a55,0x2b3a55,
    0x2b3a55,0x2b3a55,0x2b3a55,0x2b3a55,0x2b3a55,0x2b3a55,0x2b3a55,0x2b3a55,0x2b3a55,0x2b3a55,0x2b3a55,0x2b3a55,
    0x2b3a55,0x2b3a55,0x2b3a55,0x2b3a55,0x2b3a55,0x2b3a55,0x2b3a55,0x2b3a55,0x2b3a55,0x2b3a55,0x2b3a55,0x2b3a55,
    0x2b3a55,0x2b3a55,0x2b3a55,0x2b3a55,0x2b3a55,0x2b3a55,0x2b3a55,0x2b3a55,0x2b3a55,0x2b3a55,0x2b3a55,0x2b3a55,
    0x2b3a55,0x2b3a55,0x2b3a55,0x2b3a55,0x2b3a55,0x2b3a55,0x2b3a55,0x2b3a55,0x2b3a55,0x2b3a55,0x2b3a55,0x2b3a55,
    0x2b3a55,0x2b3a55,0x2b3a55,0x2b3a55,0x2b3a55,0x2b3a55,0x2b3a55,0x2b3a55,0x2b3a55,0x2b3a55,0x2b3a55,0x2b3a55,
    0x2b3a55,0x2b3a55,0x2b3a55,0x2b3a55,0x2b3a55,0x2b3a55,0x2b3a55,0x2b3a55,0x2b3a55,0x2b3a55,0x2b3a55,0x2b3a55,
    0x2b3a55,0x2b3a55,0x2b3a55,0x2b3a55,0x2b3a55,0x2b3a55,0x2b3a55,0x2b3a55,0x2b3a55,0x2b3a55,0x2b3a55,0x2b3a55,
    0x2b3a55,0x2b3a55,0x2b3a55,0x2b3a55,0x2b3a55,0x2b3a55,0x2b3a55,0x2b3a55,0x2b3a55,0x2b3a55,0x2b3a55,0x2b3a55,
    0x2b3a55,0x2b3a55,0x2b3a55,0x2b3a55,
    0x2b3a55,0x2b3a55,0x2b3a55,0x2b3a55,0x2b3a55,0x2b3a55,0x2b3a55,0x2b3a55,0x2c3b56,0x273752,0x3b4962,0x6e788a,
    0x657083,0x657083,0x566278,0x5f6a7f,0x505c72,0x556177,0x646f83,0x5a667b,0x31405a,0x293854,0x2b3a55,0x2b3a55,
    0x2b3a55,0x2b3a55,0x2b3a55,0x2b3a55,0x2b3a55,0x2b3a55,0x2b3a55,0x2c3b56,0x293853,0x45536a,0x646f83,0x4d5a70,
    0x5a657a,0x5c677c,0x5d687d,0x535f75,0x626d81,0x636e82,0x505c72,0x646f83,0x677285,0x48546c,0x263551,0x2c3b56,
    0x2b3a55,0x2b3a55,0x2b3a55,0x2b3a55,0x2b3a55,0x2b3a55,0x2b3a55,0x2b3a55,0x2b3a55,0x2b3a55,0x2b3a55,0x2b3a55,
    0x2b3a55,0x2b3a55,0x2b3a55,0x2b3a55,0x2b3a55,0x2b3a55,0x2b3a55,0x2b3a55,0x2b3a55,0x2b3a55,0x2b3a55,0x2b3a55,
    0x2b3a55,0x2b3a55,0x2b3a55,0x2b3a55,0x2b3a55,0x2b3a55,0x2b3a55,0x2b3a55,0x2b3a55,0x2b3a55,0x2b3a55,0x2b3a55,
    0x2b3a55,0x2b3a55,0x2b3a55,0x2b3a55,0x2b3a55,0x2b3a55,0x2b3a55,0x2b3a55,0x2b3a55,0x2b3a55,0x2b3a55,0x2b3a55,
    0x2b3a55,0x2b3a55,0x2b3a55,0x2b3a55,0x2b3a55,0x2b3a55,0x2b3a55,0x2b3a55,0x2b3a55,0x2b3a55,0x2b3a55,0x2b3a55,
    0x2b3a55,0x2b3a55,0x2b3a55,0x2b3a55,0x2b3a55,0x2b3a55,0x2b3a55,0x2b3a55,0x2b3a55,0x2b3a55,0x2b3a55,0x2b3a55,
    0x2b3a55,0x2b3a55,0x2b3a55,0x2b3a55,0x2b3a55,0x2b3a55,0x2b3a55,0x2b3a55,0x2b3a55,0x2b3a55,0x2b3a55,0x2b3a55,
    0x2b3a55,0x2b3a55,0x2b3a55,0x2b3a55,0x2b3a55,0x2b3a55,0x2b3a55,0x2b3a55,0x2b3a55,0x2b3a55,0x2b3a55,0x2b3a55,
    0x2b3a55,0x2b3a55,0x2b3a55,0x2b3a55,0x2b3a55,0x2b3a55,0x2b3a55,0x2b3a55,0x2b3a55,0x2b3a55,0x2b3a55,0x2b3a55,
    0x2b3a55,0x2b3a55,0x2b3a55,0x2b3a55,
    0x2b3a55,0x2b3a55,0x2b3a55,0x2b3a55,0x2b3a55,0x2b3a55,0x2b3a55,0x2b3a55,0x2b3a55,0x2b3a55,0x2a3955,0x273652,
    0x273651,0x273752,0x253450,0x253450,0x273752,0x253450,0x23334f,0x263551,0x2a3954,0x2b3a55,0x2b3a55,0x2b3a55,
    0x2b3a55,0x2b3a55,0x2b3a55,0x2b3a55,0x2b3a55,0x2b3a55,0x2b3a55,0x2b3a55,0x2b3a55,0x293854,0x253450,0x263651,
    0x263551,0x24334f,0x263551,0x273651,0x24344f,0x23334f,0x2a3954,0x263551,0x253550,0x293854,0x2b3a55,0x2b3a55,
    0x2b3a55,0x2b3a55,0x2b3a55,0x2b3a55,0x2b3a55,0x2b3a55,0x2b3a55,0x2b3a55,0x2b3a55,0x2b3a55,0x2b3a55,0x2b3a55,
    0x2b3a55,0x2b3a55,0x2b3a55,0x2b3a55,0x2b3a55,0x2b3a55,0x2b3a55,0x2b3a55,0x2b3a55,0x2b3a55,0x2b3a55,0x2b3a55,
    0x2b3a55,0x2b3a55,0x2b3a55,0x2b3a55,0x2b3a55,0x2b3a55,0x2b3a55,0x2b3a55,0x2b3a55,0x2b3a55,0x2b3a55,0x2b3a55,
    0x2b3a55,0x2b3a55,0x2b3a55,0x2b3a55,0x2b3a55,0x2b3a55,0x2b3a55,0x2b3a55,0x2b3a55,0x2b3a55,0x2b3a55,0x2b3a55,
    0x2b3a55,0x2b3a55,0x2b3a55,0x2b3a55,0x2b3a55,0x2b3a55,0x2b3a55,0x2b3a55,0x2b3a55,0x2b3a55,0x2b3a55,0x2b3a55,
    0x2b3a55,0x2b3a55,0x2b3a55,0x2b3a55,0x2b3a55,0x2b3a55,0x2b3a55,0x2b3a55,0x2b3a55,0x2b3a55,0x2b3a55,0x2b3a55,
    0x2b3a55,0x2b3a55,0x2b3a55,0x2b3a55,0x2b3a55,0x2b3a55,0x2b3a55,0x2b3a55,0x2b3a55,0x2b3a55,0x2b3a55,0x2b3a55,
    0x2b3a55,0x2b3a55,0x2b3a55,0x2b3a55,0x2b3a55,0x2b3a55,0x2b3a55,0x2b3a55,0x2b3a55,0x2b3a55,0x2b3a55,0x2b3a55,
    0x2b3a55,0x2b3a55,0x2b3a55,0x2b3a55,0x2b3a55,0x2b3a55,0x2b3a55,0x2b3a55,0x2b3a55,0x2b3a55,0x2b3a55,0x2b3a55,
    0x2b3a55,0x2b3a55,0x2b3a55,0x2b3a55,
    0x2b3a55,0x2b3a55,0x2b3a55,0x2b3a55,0x2b3a55,0x2b3a55,0x2b3a55,0x2b3a55,0x2b3a55,0x2b3a55,0x2b3a55,0x2c3b56,
    0x2c3b56,0x2c3b56,0x2c3b56,0x2c3b56,0x2c3b56,0x2c3b56,0x2d3b56,0x2c3b56,0x2b3a55,0x2b3a55,0x2b3a55,0x2b3a55,
    0x2b3a55,0x2b3a55,0x2b3a55,0x2b3a55,0x2b3a55,0x2b3a55,0x2b3a55,0x2b3a55,0x2b3a55,0x2b3a55,0x2c3b56,0x2c3b56,
    0x2c3b56,0x2c3b56,0x2c3b56,0x2c3b56,0x2c3b56,0x2d3c56,0x2b3a55,0x2c3b56,0x2c3b56,0x2b3a55,0x2b3a55,0x2b3a55,
    0x2b3a55,0x2b3a55,0x2b3a55,0x2b3a55,0x2b3a55,0x2b3a55,0x2b3a55,0x2b3a55,0x2b3a55,0x2b3a55,0x2b3a55,0x2b3a55,
    0x2b3a55,0x2b3a55,0x2b3a55,0x2b3a55,0x2b3a55,0x2b3a55,0x2b3a55,0x2b3a55,0x2b3a55,0x2b3a55,0x2b3a55,0x2b3a55,
    0x2b3a55,0x2b3a55,0x2b3a55,0x2b3a55,0x2b3a55,0x2b3a55,0x2b3a55,0x2b3a55,0x2b3a55,0x2b3a55,0x2b3a55,0x2b3a55,
    0x2b3a55,0x2b3a55,0x2b3a55,0x2b3a55,0x2b3a55,0x2b3a55,0x2b3a55,0x2b3a55,0x2b3a55,0x2b3a55,0x2b3a55,0x2b3a55,
    0x2b3a55,0x2b3a55,0x2b3a55,0x2b3a55,0x2b3a55,0x2b3a55,0x2b3a55,0x2b3a55,0x2b3a55,0x2b3a55,0x2b3a55,0x2b3a55,
    0x2b3a55,0x2b3a55,0x2b3a55,0x2b3a55,0x2b3a55,0x2b3a55,0x2b3a55,0x2b3a55,0x2b3a55,0x2b3a55,0x2b3a55,0x2b3a55,
    0x2b3a55,0x2b3a55,0x2b3a55,0x2b3a55,0x2b3a55,0x2b3a55,0x2b3a55,0x2b3a55,0x2b3a55,0x2b3a55,0x2b3a55,0x2b3a55,
    0x2b3a55,0x2b3a55,0x2b3a55,0x2b3a55,0x2b3a55,0x2b3a55,0x2b3a55,0x2b3a55,0x2b3a55,0x2b3a55,0x2b3a55,0x2b3a55,
    0x2b3a55,0x2b3a55,0x2b3a55,0x2b3a55,0x2b3a55,0x2b3a55,0x2b3a55,0x2b3a55,0x2b3a55,0x2b3a55,0x2b3a55,0x2b3a55,
    0x2b3a55,0x2b3a55,0x2b3a55,0x2b3a55,
    0x2b3a55,0x2b3a55,0x2b3a55,0x2b3a55,0x2b3a55,0x2b3a55,0x2b3a55,0x2b3a55,0x2b3a55,0x2b3a55,0x2b3a55,0x2b3a55,
    0x2b3a55,0x2b3a55,0x2b3a55,0x2b3a55,0x2b3a55,0x2b3a55,0x2b3a55,0x2b3a55,0x2b3a55,0x2b3a55,0x2b3a55,0x2b3a55,
    0x2b3a55,0x2b3a55,0x2b3a55,0x2b3a55,0x2b3a55,0x2b3a55,0x2b3a55,0x2b3a55,0x2b3a55,0x2b3a55,0x2b3a55,0x2b3a55,
    0x2b3a55,0x2b3a55,0x2b3a55,0x2b3a55,0x2b3a55,0x2b3a55,0x2b3a55,0x2b3a55,0x2b3a55,0x2b3a55,0x2b3a55,0x2b3a55,
    0x2b3a55,0x2b3a55,0x2b3a55,0x2b3a55,0x2b3a55,0x2b3a55,0x2b3a55,0x2b3a55,0x2b3a55,0x2b3a55,0x2b3a55,0x2b3a55,
    0x2b3a55,0x2b3a55,0x2b3a55,0x2b3a55,0x2b3a55,0x2b3a55,0x2b3a55,0x2b3a55,0x2b3a55,0x2b3a55,0x2b3a55,0x2b3a55,
    0x2b3a55,0x2b3a55,0x2b3a55,0x2b3a55,0x2b3a55,0x2b3a55,0x2b3a55,0x2b3a55,0x2b3a55,0x2b3a55,0x2b3a55,0x2b3a55,
    0x2b3a55,0x2b3a55,0x2b3a55,0x2b3a55,0x2b3a55,0x2b3a55,0x2b3a55,0x2b3a55,0x2b3a55,0x2b3a55,0x2b3a55,0x2b3a55,
    0x2b3a55,0x2b3a55,0x2b3a55,0x2b3a55,0x2b3a55,0x2b3a55,0x2b3a55,0x2b3a55,0x2b3a55,0x2b3a55,0x2b3a55,0x2b3a55,
    0x2b3a55,0x2b3a55,0x2b3a55,0x2b3a55,0x2b3a55,0x2b3a55,0x2b3a55,0x2b3a55,0x2b3a55,0x2b3a55,0x2b3a55,0x2b3a55,
    0x2b3a55,0x2b3a55,0x2b3a55,0x2b3a55,0x2b3a55,0x2b3a55,0x2b3a55,0x2b3a55,0x2b3a55,0x2b3a55,0x2b3a55,0x2b3a55,
    0x2b3a55,0x2b3a55,0x2b3a55,0x2b3a55,0x2b3a55,0x2b3a55,0x2b3a55,0x2b3a55,0x2b3a55,0x2b3a55,0x2b3a55,0x2b3a55,
    0x2b3a55,0x2b3a55,0x2b3a55,0x2b3a55,0x2b3a55,0x2b3a55,0x2b3a55,0x2b3a55,0x2b3a55,0x2b3a55,0x2b3a55,0x2b3a55,
    0x2b3a55,0x2b3a55,0x2b3a55,0x2b3a55,
    0x2b3a55,0x2b3a55,0x2b3a55,0x2b3a55,0x2b3a55,0x2b3a55,0x2b3a55,0x2b3a55,0x2b3a55,0x2b3a55,0x2b3a55,0x2b3a55,
    0x2b3a55,0x2b3a55,0x2b3a55,0x2b3a55,0x2b3a55,0x2b3a55,0x2b3a55,0x2b3a55,0x2b3a55,0x2b3a55,0x2b3a55,0x2b3a55,
    0x2b3a55,0x2b3a55,0x2b3a55,0x2b3a55,0x2b3a55,0x2b3a55,0x2b3a55,0x2b3a55,0x2b3a55,0x2b3a55,0x2b3a55,0x2b3a55,
    0x2b3a55,0x2b3a55,0x2b3a55,0x2b3a55,0x2b3a55,0x2b3a55,0x2b3a55,0x2b3a55,0x2b3a55,0x2b3a55,0x2b3a55,0x2b3a55,
    0x2b3a55,0x2b3a55,0x2b3a55,0x2b3a55,0x2b3a55,0x2b3a55,0x2b3a55,0x2b3a55,0x2b3a55,0x2b3a55,0x2b3a55,0x2b3a55,
    0x2b3a55,0x2b3a55,0x2b3a55,0x2b3a55,0x2b3a55,0x2b3a55,0x2b3a55,0x2b3a55,0x2b3a55,0x2b3a55,0x2b3a55,0x2b3a55,
    0x2b3a55,0x2b3a55,0x2b3a55,0x2b3a55,0x2b3a55,0x2b3a55,0x2b3a55,0x2b3a55,0x2b3a55,0x2b3a55,0x2b3a55,0x2b3a55,
    0x2b3a55,0x2b3a55,0x2b3a55,0x2b3a55,0x2b3a55,0x2b3a55,0x2b3a55,0x2b3a55,0x2b3a55,0x2b3a55,0x2b3a55,0x2b3a55,
    0x2b3a55,0x2b3a55,0x2b3a55,0x2b3a55,0x2b3a55,0x2b3a55,0x2b3a55,0x2b3a55,0x2b3a55,0x2b3a55,0x2b3a55,0x2b3a55,
    0x2b3a55,0x2b3a55,0x2b3a55,0x2b3a55,0x2b3a55,0x2b3a55,0x2b3a55,0x2b3a55,0x2b3a55,0x2b3a55,0x2b3a55,0x2b3a55,
    0x2b3a55,0x2b3a55,0x2b3a55,0x2b3a55,0x2b3a55,0x2b3a55,0x2b3a55,0x2b3a55,0x2b3a55,0x2b3a55,0x2b3a55,0x2b3a55,
    0x2b3a55,0x2b3a55,0x2b3a55,0x2b3a55,0x2b3a55,0x2b3a55,0x2b3a55,0x2b3a55,0x2b3a55,0x2b3a55,0x2b3a55,0x2b3a55,
    0x2b3a55,0x2b3a55,0x2b3a55,0x2b3a55,0x2b3a55,0x2b3a55,0x2b3a55,0x2b3a55,0x2b3a55,0x2b3a55,0x2b3a55,0x2b3a55,
    0x2b3a55,0x2b3a55,0x2b3a55,0x2b3a55,
    0x2b3a55,0x2b3a55,0x2b3a55,0x2b3a55,0x2b3a55,0x2b3a55,0x2b3a55,0x2b3a55,0x2b3a55,0x2b3a55,0x2b3a55,0x2b3a55,
    0x2b3a55,0x2b3a55,0x2b3a55,0x2b3a55,0x2b3a55,0x2b3a55,0x2b3a55,0x2b3a55,0x2b3a55,0x2b3a55,0x2b3a55,0x2b3a55,
    0x2b3a55,0x2b3a55,0x2b3a55,0x2b3a55,0x2b3a55,0x2b3a55,0x2b3a55,0x2b3a55,0x2b3a55,0x2b3a55,0x2b3a55,0x2b3a55,
    0x2b3a55,0x2b3a55,0x2b3a55,0x2b3a55,0x2b3a55,0x2b3a55,0x2b3a55,0x2b3a55,0x2b3a55,0x2b3a55,0x2b3a55,0x2b3a55,
    0x2b3a55,0x2b3a55,0x2b3a55,0x2b3a55,0x2b3a55,0x2b3a55,0x2b3a55,0x2b3a55,0x2b3a55,0x2b3a55,0x2b3a55,0x2b3a55,
    0x2b3a55,0x2b3a55,0x2b3a55,0x2b3a55,0x2b3a55,0x2b3a55,0x2b3a55,0x2b3a55,0x2b3a55,0x2b3a55,0x2b3a55,0x2b3a55,
    0x2b3a55,0x2b3a55,0x2b3a55,0x2b3a55,0x2b3a55,0x2b3a55,0x2b3a55,0x2b3a55,0x2b3a55,0x2b3a55,0x2b3a55,0x2b3a55,
    0x2b3a55,0x2b3a55,0x2b3a55,0x2b3a55,0x2b3a55,0x2b3a55,0x2b3a55,0x2b3a55,0x2b3a55,0x2b3a55,0x2b3a55,0x2b3a55,
    0x2b3a55,0x2b3a55,0x2b3a55,0x2b3a55,0x2b3a55,0x2b3a55,0x2b3a55,0x2b3a55,0x2b3a55,0x2b3a55,0x2b3a55,0x2b3a55,
    0x2b3a55,0x2b3a55,0x2b3a55,0x2b3a55,0x2b3a55,0x2b3a55,0x2b3a55,0x2b3a55,0x2b3a55,0x2b3a55,0x2b3a55,0x2b3a55,
    0x2b3a55,0x2b3a55,0x2b3a55,0x2b3a55,0x2b3a55,0x2b3a55,0x2b3a55,0x2b3a55,0x2b3a55,0x2b3a55,0x2b3a55,0x2b3a55,
    0x2b3a55,0x2b3a55,0x2b3a55,0x2b3a55,0x2b3a55,0x2b3a55,0x2b3a55,0x2b3a55,0x2b3a55,0x2b3a55,0x2b3a55,0x2b3a55,
    0x2b3a55,0x2b3a55,0x2b3a55,0x2b3a55,0x2b3a55,0x2b3a55,0x2b3a55,0x2b3a55,0x2b3a55,0x2b3a55,0x2b3a55,0x2b3a55,
    0x2b3a55,0x2b3a55,0x2b3a55,0x2b3a55,
    0x2b3a55,0x2b3a55,0x2b3a55,0x2b3a55,0x2b3a55,0x2b3a55,0x2b3a55,0x2b3a55,0x2b3a55,0x2b3a55,0x2b3a55,0x2b3a55,
    0x2b3a55,0x2b3a55,0x2b3a55,0x2b3a55,0x2b3a55,0x2b3a55,0x2b3a55,0x2b3a55,0x2b3a55,0x2b3a55,0x2b3a55,0x2b3a55,
    0x2b3a55,0x2b3a55,0x2b3a55,0x2b3a55,0x2b3a55,0x2b3a55,0x2b3a55,0x2b3a55,0x2b3a55,0x2b3a55,0x2b3a55,0x2b3a55,
    0x2b3a55,0x2b3a55,0x2b3a55,0x2b3a55,0x2b3a55,0x2b3a55,0x2b3a55,0x2b3a55,0x2b3a55,0x2b3a55,0x2b3a55,0x2b3a55,
    0x2b3a55,0x2b3a55,0x2b3a55,0x2b3a55,0x2b3a55,0x2b3a55,0x2b3a55,0x2b3a55,0x2b3a55,0x2b3a55,0x2b3a55,0x2b3a55,
    0x2b3a55,0x2b3a55,0x2b3a55,0x2b3a55,0x2b3a55,0x2b3a55,0x2b3a55,0x2b3a55,0x2b3a55,0x2b3a55,0x2b3a55,0x2b3a55,
    0x2b3a55,0x2b3a55,0x2b3a55,0x2b3a55,0x2b3a55,0x2b3a55,0x2b3a55,0x2b3a55,0x2b3a55,0x2b3a55,0x2b3a55,0x2b3a55,
    0x2b3a55,0x2b3a55,0x2b3a55,0x2b3a55,0x2b3a55,0x2b3a55,0x2b3a55,0x2b3a55,0x2b3a55,0x2b3a55,0x2b3a55,0x2b3a55,
    0x2b3a55,0x2b3a55,0x2b3a55,0x2b3a55,0x2b3a55,0x2b3a55,0x2b3a55,0x2b3a55,0x2b3a55,0x2b3a55,0x2b3a55,0x2b3a55,
    0x2b3a55,0x2b3a55,0x2b3a55,0x2b3a55,0x2b3a55,0x2b3a55,0x2b3a55,0x2b3a55,0x2b3a55,0x2b3a55,0x2b3a55,0x2b3a55,
    0x2b3a55,0x2b3a55,0x2b3a55,0x2b3a55,0x2b3a55,0x2b3a55,0x2b3a55,0x2b3a55,0x2b3a55,0x2b3a55,0x2b3a55,0x2b3a55,
    0x2b3a55,0x2b3a55,0x2b3a55,0x2b3a55,0x2b3a55,0x2b3a55,0x2b3a55,0x2b3a55,0x2b3a55,0x2b3a55,0x2b3a55,0x2b3a55,
    0x2b3a55,0x2b3a55,0x2b3a55,0x2b3a55,0x2b3a55,0x2b3a55,0x2b3a55,0x2b3a55,0x2b3a55,0x2b3a55,0x2b3a55,0x2b3a55,
    0x2b3a55,0x2b3a55,0x2b3a55,0x2b3a55,
    0x2b3a55,0x2b3a55,0x2b3a55,0x2b3a55,0x2b3a55,0x2b3a55,0x2b3a55,0x2b3a55,0x2b3a55,0x2b3a55,0x2b3a55,0x2b3a55,
    0x2b3a55,0x2b3a55,0x2b3a55,0x2b3a55,0x2b3a55,0x2b3a55,0x2b3a55,0x2b3a55,0x2b3a55,0x2b3a55,0x2b3a55,0x2b3a55,
    0x2b3a55,0x2b3a55,0x2b3a55,0x2b3a55,0x2b3a55,0x2b3a55,0x2b3a55,0x2b3a55,0x2b3a55,0x2b3a55,0x2b3a55,0x2b3a55,
    0x2b3a55,0x2b3a55,0x2b3a55,0x2b3a55,0x2b3a55,0x2b3a55,0x2b3a55,0x2b3a55,0x2b3a55,0x2b3a55,0x2b3a55,0x2b3a55,
    0x2b3a55,0x2b3a55,0x2b3a55,0x2b3a55,0x2b3a55,0x2b3a55,0x2b3a55,0x2b3a55,0x2b3a55,0x2b3a55,0x2b3a55,0x2b3a55,
    0x2b3a55,0x2b3a55,0x2b3a55,0x2b3a55,0x2b3a55,0x2b3a55,0x2b3a55,0x2b3a55,0x2b3a55,0x2b3a55,0x2b3a55,0x2b3a55,
    0x2b3a55,0x2b3a55,0x2b3a55,0x2b3a55,0x2b3a55,0x2b3a55,0x2b3a55,0x2b3a55,0x2b3a55,0x2b3a55,0x2b3a55,0x2b3a55,
    0x2b3a55,0x2b3a55,0x2b3a55,0x2b3a55,0x2b3a55,0x2b3a55,0x2b3a55,0x2b3a55,0x2b3a55,0x2b3a55,0x2b3a55,0x2b3a55,
    0x2b3a55,0x2b3a55,0x2b3a55,0x2b3a55,0x2b3a55,0x2b3a55,0x2b3a55,0x2b3a55,0x2b3a55,0x2b3a55,0x2b3a55,0x2b3a55,
    0x2b3a55,0x2b3a55,0x2b3a55,0x2b3a55,0x2b3a55,0x2b3a55,0x2b3a55,0x2b3a55,0x2b3a55,0x2b3a55,0x2b3a55,0x2b3a55,
    0x2b3a55,0x2b3a55,0x2b3a55,0x2b3a55,0x2b3a55,0x2b3a55,0x2b3a55,0x2b3a55,0x2b3a55,0x2b3a55,0x2b3a55,0x2b3a55,
    0x2b3a55,0x2b3a55,0x2b3a55,0x2b3a55,0x2b3a55,0x2b3a55,0x2b3a55,0x2b3a55,0x2b3a55,0x2b3a55,0x2b3a55,0x2b3a55,
    0x2b3a55,0x2b3a55,0x2b3a55,0x2b3a55,0x2b3a55,0x2b3a55,0x2b3a55,0x2b3a55,0x2b3a55,0x2b3a55,0x2b3a55,0x2b3a55,
    0x2b3a55,0x2b3a55,0x2b3a55,0x2b3a55,
    0x2b3a55,0x2b3a55,0x2b3a55,0x2b3a55,0x2b3a55,0x2b3a55,0x2b3a55,0x2b3a55,0x2b3a55,0x2b3a55,0x2b3a55,0x2b3a55,
    0x2b3a55,0x2b3a55,0x2b3a55,0x2b3a55,0x2b3a55,0x2b3a55,0x2b3a55,0x2b3a55,0x2b3a55,0x2b3a55,0x2b3a55,0x2b3a55,
    0x2b3a55,0x2b3a55,0x2b3a55,0x2b3a55,0x2b3a55,0x2b3a55,0x2b3a55,0x2b3a55,0x2b3a55,0x2b3a55,0x2b3a55,0x2b3a55,
    0x2b3a55,0x2b3a55,0x2b3a55,0x2b3a55,0x2b3a55,0x2b3a55,0x2b3a55,0x2b3a55,0x2b3a55,0x2b3a55,0x2b3a55,0x2b3a55,
    0x2b3a55,0x2b3a55,0x2b3a55,0x2b3a55,0x2b3a55,0x2b3a55,0x2b3a55,0x2b3a55,0x2b3a55,0x2b3a55,0x2b3a55,0x2b3a55,
    0x2b3a55,0x2b3a55,0x2b3a55,0x2b3a55,0x2b3a55,0x2b3a55,0x2b3a55,0x2b3a55,0x2b3a55,0x2b3a55,0x2b3a55,0x2b3a55,
    0x2b3a55,0x2b3a55,0x2b3a55,0x2b3a55,0x2b3a55,0x2b3a55,0x2b3a55,0x2b3a55,0x2b3a55,0x2b3a55,0x2b3a55,0x2b3a55,
    0x2b3a55,0x2b3a55,0x2b3a55,0x2b3a55,0x2b3a55,0x2b3a55,0x2b3a55,0x2b3a55,0x2b3a55,0x2b3a55,0x2b3a55,0x2b3a55,
    0x2b3a55,0x2b3a55,0x2b3a55,0x2b3a55,0x2b3a55,0x2b3a55,0x2b3a55,0x2b3a55,0x2b3a55,0x2b3a55,0x2b3a55,0x2b3a55,
    0x2b3a55,0x2b3a55,0x2b3a55,0x2b3a55,0x2b3a55,0x2b3a55,0x2b3a55,0x2b3a55,0x2b3a55,0x2b3a55,0x2b3a55,0x2b3a55,
    0x2b3a55,0x2b3a55,0x2b3a55,0x2b3a55,0x2b3a55,0x2b3a55,0x2b3a55,0x2b3a55,0x2b3a55,0x2b3a55,0x2b3a55,0x2b3a55,
    0x2b3a55,0x2b3a55,0x2b3a55,0x2b3a55,0x2b3a55,0x2b3a55,0x2b3a55,0x2b3a55,0x2b3a55,0x2b3a55,0x2b3a55,0x2b3a55,
    0x2b3a55,0x2b3a55,0x2b3a55,0x2b3a55,0x2b3a55,0x2b3a55,0x2b3a55,0x2b3a55,0x2b3a55,0x2b3a55,0x2b3a55,0x2b3a55,
    0x2b3a55,0x2b3a55,0x2b3a55,0x2b3a55,
    0x2b3a55,0x2b3a55,0x2b3a55,0x2b3a55,0x2b3a55,0x2b3a55,0x2b3a55,0x2b3a55,0x2b3a55,0x2b3a55,0x2b3a55,0x2b3a55,
    0x2b3a55,0x2b3a55,0x2b3a55,0x2b3a55,0x2b3a55,0x2b3a55,0x2b3a55,0x2b3a55,0x2b3a55,0x2b3a55,0x2b3a55,0x2b3a55,
    0x2b3a55,0x2b3a55,0x2b3a55,0x2b3a55,0x2b3a55,0x2b3a55,0x2b3a55,0x2b3a55,0x2b3a55,0x2b3a55,0x2b3a55,0x2b3a55,
    0x2b3a55,0x2b3a55,0x2b3a55,0x2b3a55,0x2b3a55,0x2b3a55,0x2b3a55,0x2b3a55,0x2b3a55,0x2b3a55,0x2b3a55,0x2b3a55,
    0x2b3a55,0x2b3a55,0x2b3a55,0x2b3a55,0x2b3a55,0x2b3a55,0x2b3a55,0x2b3a55,0x2b3a55,0x2b3a55,0x2b3a55,0x2b3a55,
    0x2b3a55,0x2b3a55,0x2b3a55,0x2b3a55,0x2b3a55,0x2b3a55,0x2b3a55,0x2b3a55,0x2b3a55,0x2b3a55,0x2b3a55,0x2b3a55,
    0x2b3a55,0x2b3a55,0x2b3a55,0x2b3a55,0x2b3a55,0x2b3a55,0x2b3a55,0x2b3a55,0x2b3a55,0x2b3a55,0x2b3a55,0x2b3a55,
    0x2b3a55,0x2b3a55,0x2b3a55,0x2b3a55,0x2b3a55,0x2b3a55,0x2b3a55,0x2b3a55,0x2b3a55,0x2b3a55,0x2b3a55,0x2b3a55,
    0x2b3a55,0x2b3a55,0x2b3a55,0x2b3a55,0x2b3a55,0x2b3a55,0x2b3a55,0x2b3a55,0x2b3a55,0x2b3a55,0x2b3a55,0x2b3a55,
    0x2b3a55,0x2b3a55,0x2b3a55,0x2b3a55,0x2b3a55,0x2b3a55,0x2b3a55,0x2b3a55,0x2b3a55,0x2b3a55,0x2b3a55,0x2b3a55,
    0x2b3a55,0x2b3a55,0x2b3a55,0x2b3a55,0x2b3a55,0x2b3a55,0x2b3a55,0x2b3a55,0x2b3a55,0x2b3a55,0x2b3a55,0x2b3a55,
    0x2b3a55,0x2b3a55,0x2b3a55,0x2b3a55,0x2b3a55,0x2b3a55,0x2b3a55,0x2b3a55,0x2b3a55,0x2b3a55,0x2b3a55,0x2b3a55,
    0x2b3a55,0x2b3a55,0x2b3a55,0x2b3a55,0x2b3a55,0x2b3a55,0x2b3a55,0x2b3a55,0x2b3a55,0x2b3a55,0x2b3a55,0x2b3a55,
    0x2b3a55,0x2b3a55,0x2b3a55,0x2b3a55,
    0x2a3954,0x2c3b56,0x2b3a55,0x2b3a55,0x2b3a55,0x2b3a55,0x2b3a55,0x2b3a55,0x2b3a55,0x2b3a55,0x2b3a55,0x2b3a55,
    0x2b3a55,0x2b3a55,0x2b3a55,0x2b3a55,0x2b3a55,0x2b3a55,0x2b3a55,0x2b3a55,0x2b3a55,0x2b3a55,0x2b3a55,0x2b3a55,
    0x2b3a55,0x2b3a55,0x2b3a55,0x2b3a55,0x2b3a55,0x2b3a55,0x2b3a55,0x2b3a55,0x2b3a55,0x2b3a55,0x2b3a55,0x2b3a55,
    0x2b3a55,0x2b3a55,0x2b3a55,0x2b3a55,0x2b3a55,0x2b3a55,0x2b3a55,0x2b3a55,0x2b3a55,0x2b3a55,0x2b3a55,0x2b3a55,
    0x2b3a55,0x2b3a55,0x2b3a55,0x2b3a55,0x2b3a55,0x2b3a55,0x2b3a55,0x2b3a55,0x2b3a55,0x2b3a55,0x2b3a55,0x2b3a55,
    0x2b3a55,0x2b3a55,0x2b3a55,0x2b3a55,0x2b3a55,0x2b3a55,0x2b3a55,0x2b3a55,0x2b3a55,0x2b3a55,0x2b3a55,0x2b3a55,
    0x2b3a55,0x2b3a55,0x2b3a55,0x2b3a55,0x2b3a55,0x2b3a55,0x2b3a55,0x2b3a55,0x2b3a55,0x2b3a55,0x2b3a55,0x2b3a55,
    0x2b3a55,0x2b3a55,0x2b3a55,0x2b3a55,0x2b3a55,0x2b3a55,0x2b3a55,0x2b3a55,0x2b3a55,0x2b3a55,0x2b3a55,0x2b3a55,
    0x2b3a55,0x2b3a55,0x2b3a55,0x2b3a55,0x2b3a55,0x2b3a55,0x2b3a55,0x2b3a55,0x2b3a55,0x2b3a55,0x2b3a55,0x2b3a55,
    0x2b3a55,0x2b3a55,0x2b3a55,0x2b3a55,0x2b3a55,0x2b3a55,0x2b3a55,0x2b3a55,0x2b3a55,0x2b3a55,0x2b3a55,0x2b3a55,
    0x2b3a55,0x2b3a55,0x2b3a55,0x2b3a55,0x2b3a55,0x2b3a55,0x2b3a55,0x2b3a55,0x2b3a55,0x2b3a55,0x2b3a55,0x2b3a55,
    0x2b3a55,0x2b3a55,0x2b3a55,0x2b3a55,0x2b3a55,0x2b3a55,0x2b3a55,0x2b3a55,0x2b3a55,0x2b3a55,0x2b3a55,0x2b3a55,
    0x2b3a55,0x2b3a55,0x2b3a55,0x2b3a55,0x2b3a55,0x2b3a55,0x2b3a55,0x2b3a55,0x2b3a55,0x2b3a55,0x2b3a55,0x2b3a55,
    0x2b3a55,0x2b3a55,0x2b3a55,0x2b3a55,
    0x2c3b57,0x253450,0x2b3a55,0x2b3a55,0x2b3a55,0x2b3a55,0x2b3a55,0x2b3a55,0x2b3a55,0x2b3a55,0x2b3a55,0x2b3a55,
    0x2b3a55,0x2b3a55,0x2b3a55,0x2b3a55,0x2b3a55,0x2b3a55,0x2b3a55,0x2b3a55,0x2b3a55,0x2b3a55,0x2b3a55,0x2b3a55,
    0x2b3a55,0x2b3a55,0x2b3a55,0x2b3a55,0x2b3a55,0x2b3a55,0x2b3a55,0x2b3a55,0x2b3a55,0x2b3a55,0x2b3a55,0x2b3a55,
    0x2b3a55,0x2b3a55,0x2b3a55,0x2b3a55,0x2b3a55,0x2b3a55,0x2b3a55,0x2b3a55,0x2b3a55,0x2b3a55,0x2b3a55,0x2b3a55,
    0x2b3a55,0x2b3a55,0x2b3a55,0x2b3a55,0x2b3a55,0x2b3a55,0x2b3a55,0x2b3a55,0x2b3a55,0x2b3a55,0x2b3a55,0x2b3a55,
    0x2b3a55,0x2b3a55,0x2b3a55,0x2b3a55,0x2b3a55,0x2b3a55,0x2b3a55,0x2b3a55,0x2b3a55,0x2b3a55,0x2b3a55,0x2b3a55,
    0x2b3a55,0x2b3a55,0x2b3a55,0x2b3a55,0x2b3a55,0x2b3a55,0x2b3a55,0x2b3a55,0x2b3a55,0x2b3a55,0x2b3a55,0x2b3a55,
    0x2b3a55,0x2b3a55,0x2b3a55,0x2b3a55,0x2b3a55,0x2b3a55,0x2b3a55,0x2b3a55,0x2b3a55,0x2b3a55,0x2b3a55,0x2b3a55,
    0x2b3a55,0x2b3a55,0x2b3a55,0x2b3a55,0x2b3a55,0x2b3a55,0x2b3a55,0x2b3a55,0x2b3a55,0x2b3a55,0x2b3a55,0x2b3a55,
    0x2b3a55,0x2b3a55,0x2b3a55,0x2b3a55,0x2b3a55,0x2b3a55,0x2b3a55,0x2b3a55,0x2b3a55,0x2b3a55,0x2b3a55,0x2b3a55,
    0x2b3a55,0x2b3a55,0x2b3a55,0x2b3a55,0x2b3a55,0x2b3a55,0x2b3a55,0x2b3a55,0x2b3a55,0x2b3a55,0x2b3a55,0x2b3a55,
    0x2b3a55,0x2b3a55,0x2b3a55,0x2b3a55,0x2b3a55,0x2b3a55,0x2b3a55,0x2b3a55,0x2b3a55,0x2b3a55,0x2b3a55,0x2b3a55,
    0x2b3a55,0x2b3a55,0x2b3a55,0x2b3a55,0x2b3a55,0x2b3a55,0x2b3a55,0x2b3a55,0x2b3a55,0x2b3a55,0x2b3a55,0x2b3a55,
    0x2b3a55,0x2b3a55,0x2b3a55,0x2b3a55,
    0xdbdfe5,0x8d97a7,0x22324e,0x2d3c56,0x2b3a55,0x2b3a55,0x2b3a55,0x2b3a55,0x2b3a55,0x2b3a55,0x2b3a55,0x2b3a55,
    0x2b3a55,0x2b3a55,0x2b3a55,0x2b3a55,0x2b3a55,0x2b3a55,0x2b3a55,0x2b3a55,0x2b3a55,0x2b3a55,0x2b3a55,0x2b3a55,
    0x2b3a55,0x2b3a55,0x2b3a55,0x2b3a55,0x2b3a55,0x2b3a55,0x2b3a55,0x2b3a55,0x2b3a55,0x2b3a55,0x2b3a55,0x2b3a55,
    0x2b3a55,0x2b3a55,0x2b3a55,0x2b3a55,0x2b3a55,0x2b3a55,0x2b3a55,0x2b3a55,0x2b3a55,0x2b3a55,0x2b3a55,0x2b3a55,
    0x2b3a55,0x2b3a55,0x2b3a55,0x2b3a55,0x2b3a55,0x2b3a55,0x2b3a55,0x2b3a55,0x2b3a55,0x2b3a55,0x2b3a55,0x2b3a55,
    0x2b3a55,0x2b3a55,0x2b3a55,0x2b3a55,0x2b3a55,0x2b3a55,0x2b3a55,0x2b3a55,0x2b3a55,0x2b3a55,0x2b3a55,0x2b3a55,
    0x2b3a55,0x2b3a55,0x2b3a55,0x2b3a55,0x2b3a55,0x2b3a55,0x2b3a55,0x2b3a55,0x2b3a55,0x2b3a55,0x2b3a55,0x2b3a55,
    0x2b3a55,0x2b3a55,0x2b3a55,0x2b3a55,0x2b3a55,0x2b3a55,0x2b3a55,0x2b3a55,0x2b3a55,0x2b3a55,0x2b3a55,0x2b3a55,
    0x2b3a55,0x2b3a55,0x2b3a55,0x2b3a55,0x2b3a55,0x2b3a55,0x2b3a55,0x2b3a55,0x2b3a55,0x2b3a55,0x2b3a55,0x2b3a55,
    0x2b3a55,0x2b3a55,0x2b3a55,0x2b3a55,0x2b3a55,0x2b3a55,0x2b3a55,0x2b3a55,0x2b3a55,0x2b3a55,0x2b3a55,0x2b3a55,
    0x2b3a55,0x2b3a55,0x2b3a55,0x2b3a55,0x2b3a55,0x2b3a55,0x2b3a55,0x2b3a55,0x2b3a55,0x2b3a55,0x2b3a55,0x2b3a55,
    0x2b3a55,0x2b3a55,0x2b3a55,0x2b3a55,0x2b3a55,0x2b3a55,0x2b3a55,0x2b3a55,0x2b3a55,0x2b3a55,0x2b3a55,0x2b3a55,
    0x2b3a55,0x2b3a55,0x2b3a55,0x2b3a55,0x2b3a55,0x2b3a55,0x2b3a55,0x2b3a55,0x2b3a55,0x2b3a55,0x2b3a55,0x2b3a55,
    0x2b3a55,0x2b3a55,0x2b3a55,0x2b3a55,
    0xffffff,0xc5cad5,0x21314d,0x2d3c56,0x2b3a55,0x2b3a55,0x2b3a55,0x2b3a55,0x2b3a55,0x2b3a55,0x2b3a55,0x2b3a55,
    0x2b3a55,0x2b3a55,0x2b3a55,0x2b3a55,0x2b3a55,0x2b3a55,0x2b3a55,0x2b3a55,0x2b3a55,0x2b3a55,0x2b3a55,0x2b3a55,
    0x2b3a55,0x2b3a55,0x2b3a55,0x2b3a55,0x2b3a55,0x2b3a55,0x2b3a55,0x2b3a55,0x2b3a55,0x2b3a55,0x2b3a55,0x2b3a55,
    0x2b3a55,0x2b3a55,0x2b3a55,0x2b3a55,0x2b3a55,0x2b3a55,0x2b3a55,0x2b3a55,0x2b3a55,0x2b3a55,0x2b3a55,0x2b3a55,
    0x2b3a55,0x2b3a55,0x2b3a55,0x2b3a55,0x2b3a55,0x2b3a55,0x2b3a55,0x2b3a55,0x2b3a55,0x2b3a55,0x2b3a55,0x2b3a55,
    0x2b3a55,0x2b3a55,0x2b3a55,0x2b3a55,0x2b3a55,0x2b3a55,0x2b3a55,0x2b3a55,0x2b3a55,0x2b3a55,0x2b3a55,0x2b3a55,
    0x2b3a55,0x2b3a55,0x2b3a55,0x2b3a55,0x2b3a55,0x2b3a55,0x2b3a55,0x2b3a55,0x2b3a55,0x2b3a55,0x2b3a55,0x2b3a55,
    0x2b3a55,0x2b3a55,0x2b3a55,0x2b3a55,0x2b3a55,0x2b3a55,0x2b3a55,0x2b3a55,0x2b3a55,0x2b3a55,0x2b3a55,0x2b3a55,
    0x2b3a55,0x2b3a55,0x2b3a55,0x2b3a55,0x2b3a55,0x2b3a55,0x2b3a55,0x2b3a55,0x2b3a55,0x2b3a55,0x2b3a55,0x2b3a55,
    0x2b3a55,0x2b3a55,0x2b3a55,0x2b3a55,0x2b3a55,0x2b3a55,0x2b3a55,0x2b3a55,0x2b3a55,0x2b3a55,0x2b3a55,0x2b3a55,
    0x2b3a55,0x2b3a55,0x2b3a55,0x2b3a55,0x2b3a55,0x2b3a55,0x2b3a55,0x2b3a55,0x2b3a55,0x2b3a55,0x2b3a55,0x2b3a55,
    0x2b3a55,0x2b3a55,0x2b3a55,0x2b3a55,0x2b3a55,0x2b3a55,0x2b3a55,0x2b3a55,0x2b3a55,0x2b3a55,0x2b3a55,0x2b3a55,
    0x2b3a55,0x2b3a55,0x2b3a55,0x2b3a55,0x2b3a55,0x2b3a55,0x2b3a55,0x2b3a55,0x2b3a55,0x2b3a55,0x2b3a55,0x2b3a55,
    0x2b3a55,0x2b3a55,0x2b3a55,0x2b3a55,
    0xfdfdfe,0xbbc1cd,0x21314d,0x2d3c56,0x2b3a55,0x2b3a55,0x2b3a55,0x2b3a55,0x2b3a55,0x2b3a55,0x2b3a55,0x2b3a55,
    0x2b3a55,0x2b3a55,0x2b3a55,0x2b3a55,0x2b3a55,0x2b3a55,0x2b3a55,0x2b3a55,0x2b3a55,0x2b3a55,0x2b3a55,0x2b3a55,
    0x2b3a55,0x2b3a55,0x2b3a55,0x2b3a55,0x2b3a55,0x2b3a55,0x2b3a55,0x2b3a55,0x2b3a55,0x2b3a55,0x2b3a55,0x2b3a55,
    0x2b3a55,0x2b3a55,0x2b3a55,0x2b3a55,0x2b3a55,0x2b3a55,0x2b3a55,0x2b3a55,0x2b3a55,0x2b3a55,0x2b3a55,0x2b3a55,
    0x2b3a55,0x2b3a55,0x2b3a55,0x2b3a55,0x2b3a55,0x2b3a55,0x2b3a55,0x2b3a55,0x2b3a55,0x2b3a55,0x2b3a55,0x2b3a55,
    0x2b3a55,0x2b3a55,0x2b3a55,0x2b3a55,0x2b3a55,0x2b3a55,0x2b3a55,0x2b3a55,0x2b3a55,0x2b3a55,0x2b3a55,0x2b3a55,
    0x2b3a55,0x2b3a55,0x2b3a55,0x2b3a55,0x2b3a55,0x2b3a55,0x2b3a55,0x2b3a55,0x2b3a55,0x2b3a55,0x2b3a55,0x2b3a55,
    0x2b3a55,0x2b3a55,0x2b3a55,0x2b3a55,0x2b3a55,0x2b3a55,0x2b3a55,0x2b3a55,0x2b3a55,0x2b3a55,0x2b3a55,0x2b3a55,
    0x2b3a55,0x2b3a55,0x2b3a55,0x2b3a55,0x2b3a55,0x2b3a55,0x2b3a55,0x2b3a55,0x2b3a55,0x2b3a55,0x2b3a55,0x2b3a55,
    0x2b3a55,0x2b3a55,0x2b3a55,0x2b3a55,0x2b3a55,0x2b3a55,0x2b3a55,0x2b3a55,0x2b3a55,0x2b3a55,0x2b3a55,0x2b3a55,
    0x2b3a55,0x2b3a55,0x2b3a55,0x2b3a55,0x2b3a55,0x2b3a55,0x2b3a55,0x2b3a55,0x2b3a55,0x2b3a55,0x2b3a55,0x2b3a55,
    0x2b3a55,0x2b3a55,0x2b3a55,0x2b3a55,0x2b3a55,0x2b3a55,0x2b3a55,0x2b3a55,0x2b3a55,0x2b3a55,0x2b3a55,0x2b3a55,
    0x2b3a55,0x2b3a55,0x2b3a55,0x2b3a55,0x2b3a55,0x2b3a55,0x2b3a55,0x2b3a55,0x2b3a55,0x2b3a55,0x2b3a55,0x2b3a55,
    0x2b3a55,0x2b3a55,0x2b3a55,0x2b3a55,
    0xffffff,0xbdc3ce,0x21314d,0x2d3c56,0x2b3a55,0x2b3a55,0x2b3a55,0x2b3a55,0x2b3a55,0x2b3a55,0x2b3a55,0x2b3a55,
    0x2b3a55,0x2b3a55,0x2b3a55,0x2b3a55,0x2b3a55,0x2b3a55,0x2b3a55,0x2b3a55,0x2b3a55,0x2b3a55,0x2b3a55,0x2b3a55,
    0x2b3a55,0x2b3a55,0x2b3a55,0x2b3a55,0x2b3a55,0x2b3a55,0x2b3a55,0x2b3a55,0x2b3a55,0x2b3a55,0x2b3a55,0x2b3a55,
    0x2b3a55,0x2b3a55,0x2b3a55,0x2b3a55,0x2b3a55,0x2b3a55,0x2b3a55,0x2b3a55,0x2b3a55,0x2b3a55,0x2b3a55,0x2b3a55,
    0x2b3a55,0x2b3a55,0x2b3a55,0x2b3a55,0x2b3a55,0x2b3a55,0x2b3a55,0x2b3a55,0x2b3a55,0x2b3a55,0x2b3a55,0x2b3a55,
    0x2b3a55,0x2b3a55,0x2b3a55,0x2b3a55,0x2b3a55,0x2b3a55,0x2b3a55,0x2b3a55,0x2b3a55,0x2b3a55,0x2b3a55,0x2b3a55,
    0x2b3a55,0x2b3a55,0x2b3a55,0x2b3a55,0x2b3a55,0x2b3a55,0x2b3a55,0x2b3a55,0x2b3a55,0x2b3a55,0x2b3a55,0x2b3a55,
    0x2b3a55,0x2b3a55,0x2b3a55,0x2b3a55,0x2b3a55,0x2b3a55,0x2b3a55,0x2b3a55,0x2b3a55,0x2b3a55,0x2b3a55,0x2b3a55,
    0x2b3a55,0x2b3a55,0x2b3a55,0x2b3a55,0x2b3a55,0x2b3a55,0x2b3a55,0x2b3a55,0x2b3a55,0x2b3a55,0x2b3a55,0x2b3a55,
    0x2b3a55,0x2b3a55,0x2b3a55,0x2b3a55,0x2b3a55,0x2b3a55,0x2b3a55,0x2b3a55,0x2b3a55,0x2b3a55,0x2b3a55,0x2b3a55,
    0x2b3a55,0x2b3a55,0x2b3a55,0x2b3a55,0x2b3a55,0x2b3a55,0x2b3a55,0x2b3a55,0x2b3a55,0x2b3a55,0x2b3a55,0x2b3a55,
    0x2b3a55,0x2b3a55,0x2b3a55,0x2b3a55,0x2b3a55,0x2b3a55,0x2b3a55,0x2b3a55,0x2b3a55,0x2b3a55,0x2b3a55,0x2b3a55,
    0x2b3a55,0x2b3a55,0x2b3a55,0x2b3a55,0x2b3a55,0x2b3a55,0x2b3a55,0x2b3a55,0x2b3a55,0x2b3a55,0x2b3a55,0x2b3a55,
    0x2b3a55,0x2b3a55,0x2b3a55,0x2b3a55,
    0xffffff,0xbdc3ce,0x21314d,0x2d3c56,0x2b3a55,0x2b3a55,0x2b3a55,0x2b3a55,0x2b3a55,0x2b3a55,0x2b3a55,0x2b3a55,
    0x2b3a55,0x2b3a55,0x2b3a55,0x2b3a55,0x2b3a55,0x2b3a55,0x2b3a55,0x2b3a55,0x2b3a55,0x2b3a55,0x2b3a55,0x2b3a55,
    0x2b3a55,0x2b3a55,0x2b3a55,0x2b3a55,0x2b3a55,0x2b3a55,0x2b3a55,0x2b3a55,0x2b3a55,0x2b3a55,0x2b3a55,0x2b3a55,
    0x2b3a55,0x2b3a55,0x2b3a55,0x2b3a55,0x2b3a55,0x2b3a55,0x2b3a55,0x2b3a55,0x2b3a55,0x2b3a55,0x2b3a55,0x2b3a55,
    0x2b3a55,0x2b3a55,0x2b3a55,0x2b3a55,0x2b3a55,0x2b3a55,0x2b3a55,0x2b3a55,0x2b3a55,0x2b3a55,0x2b3a55,0x2b3a55,
    0x2b3a55,0x2b3a55,0x2b3a55,0x2b3a55,0x2b3a55,0x2b3a55,0x2b3a55,0x2b3a55,0x2b3a55,0x2b3a55,0x2b3a55,0x2b3a55,
    0x2b3a55,0x2b3a55,0x2b3a55,0x2b3a55,0x2b3a55,0x2b3a55,0x2b3a55,0x2b3a55,0x2b3a55,0x2b3a55,0x2b3a55,0x2b3a55,
    0x2b3a55,0x2b3a55,0x2b3a55,0x2b3a55,0x2b3a55,0x2b3a55,0x2b3a55,0x2b3a55,0x2b3a55,0x2b3a55,0x2b3a55,0x2b3a55,
    0x2b3a55,0x2b3a55,0x2b3a55,0x2b3a55,0x2b3a55,0x2b3a55,0x2b3a55,0x2b3a55,0x2b3a55,0x2b3a55,0x2b3a55,0x2b3a55,
    0x2b3a55,0x2b3a55,0x2b3a55,0x2b3a55,0x2b3a55,0x2b3a55,0x2b3a55,0x2b3a55,0x2b3a55,0x2b3a55,0x2b3a55,0x2b3a55,
    0x2b3a55,0x2b3a55,0x2b3a55,0x2b3a55,0x2b3a55,0x2b3a55,0x2b3a55,0x2b3a55,0x2b3a55,0x2b3a55,0x2b3a55,0x2b3a55,
    0x2b3a55,0x2b3a55,0x2b3a55,0x2b3a55,0x2b3a55,0x2b3a55,0x2b3a55,0x2b3a55,0x2b3a55,0x2b3a55,0x2b3a55,0x2b3a55,
    0x2b3a55,0x2b3a55,0x2b3a55,0x2b3a55,0x2b3a55,0x2b3a55,0x2b3a55,0x2b3a55,0x2b3a55,0x2b3a55,0x2b3a55,0x2b3a55,
    0x2b3a55,0x2b3a55,0x2b3a55,0x2b3a55,
    0xffffff,0xbdc3ce,0x21314d,0x2d3c56,0x2b3a55,0x2b3a55,0x2b3a55,0x2b3a55,0x2b3a55,0x2b3a55,0x2b3a55,0x2b3a55,
    0x2b3a55,0x2b3a55,0x2b3a55,0x2b3a55,0x2b3a55,0x2b3a55,0x2b3a55,0x2b3a55,0x2b3a55,0x2b3a55,0x2b3a55,0x2b3a55,
    0x2b3a55,0x2b3a55,0x2b3a55,0x2b3a55,0x2b3a55,0x2b3a55,0x2b3a55,0x2b3a55,0x2b3a55,0x2b3a55,0x2b3a55,0x2b3a55,
    0x2b3a55,0x2b3a55,0x2b3a55,0x2b3a55,0x2b3a55,0x2b3a55,0x2b3a55,0x2b3a55,0x2b3a55,0x2b3a55,0x2b3a55,0x2b3a55,
    0x2b3a55,0x2b3a55,0x2b3a55,0x2b3a55,0x2b3a55,0x2b3a55,0x2b3a55,0x2b3a55,0x2b3a55,0x2b3a55,0x2b3a55,0x2b3a55,
    0x2b3a55,0x2b3a55,0x2b3a55,0x2b3a55,0x2b3a55,0x2b3a55,0x2b3a55,0x2b3a55,0x2b3a55,0x2b3a55,0x2b3a55,0x2b3a55,
    0x2b3a55,0x2b3a55,0x2b3a55,0x2b3a55,0x2b3a55,0x2b3a55,0x2b3a55,0x2b3a55,0x2b3a55,0x2b3a55,0x2b3a55,0x2b3a55,
    0x2b3a55,0x2b3a55,0x2b3a55,0x2b3a55,0x2b3a55,0x2b3a55,0x2b3a55,0x2b3a55,0x2b3a55,0x2b3a55,0x2b3a55,0x2b3a55,
    0x2b3a55,0x2b3a55,0x2b3a55,0x2b3a55,0x2b3a55,0x2b3a55,0x2b3a55,0x2b3a55,0x2b3a55,0x2b3a55,0x2b3a55,0x2b3a55,
    0x2b3a55,0x2b3a55,0x2b3a55,0x2b3a55,0x2b3a55,0x2b3a55,0x2b3a55,0x2b3a55,0x2b3a55,0x2b3a55,0x2b3a55,0x2b3a55,
    0x2b3a55,0x2b3a55,0x2b3a55,0x2b3a55,0x2b3a55,0x2b3a55,0x2b3a55,0x2b3a55,0x2b3a55,0x2b3a55,0x2b3a55,0x2b3a55,
    0x2b3a55,0x2b3a55,0x2b3a55,0x2b3a55,0x2b3a55,0x2b3a55,0x2b3a55,0x2b3a55,0x2b3a55,0x2b3a55,0x2b3a55,0x2b3a55,
    0x2b3a55,0x2b3a55,0x2b3a55,0x2b3a55,0x2b3a55,0x2b3a55,0x2b3a55,0x2b3a55,0x2b3a55,0x2b3a55,0x2b3a55,0x2b3a55,
    0x2b3a55,0x2b3a55,0x2b3a55,0x2b3a55,
    0xffffff,0xbdc3ce,0x21314d,0x2d3c56,0x2b3a55,0x2b3a55,0x2b3a55,0x2b3a55,0x2b3a55,0x2b3a55,0x2b3a55,0x2b3a55,
    0x2b3a55,0x2b3a55,0x2b3a55,0x2b3a55,0x2b3a55,0x2b3a55,0x2b3a55,0x2b3a55,0x2b3a55,0x2b3a55,0x2b3a55,0x2b3a55,
    0x2b3a55,0x2b3a55,0x2b3a55,0x2b3a55,0x2b3a55,0x2b3a55,0x2b3a55,0x2b3a55,0x2b3a55,0x2b3a55,0x2b3a55,0x2b3a55,
    0x2b3a55,0x2b3a55,0x2b3a55,0x2b3a55,0x2b3a55,0x2b3a55,0x2b3a55,0x2b3a55,0x2b3a55,0x2b3a55,0x2b3a55,0x2b3a55,
    0x2b3a55,0x2b3a55,0x2b3a55,0x2b3a55,0x2b3a55,0x2b3a55,0x2b3a55,0x2b3a55,0x2b3a55,0x2b3a55,0x2b3a55,0x2b3a55,
    0x2b3a55,0x2b3a55,0x2b3a55,0x2b3a55,0x2b3a55,0x2b3a55,0x2b3a55,0x2b3a55,0x2b3a55,0x2b3a55,0x2b3a55,0x2b3a55,
    0x2b3a55,0x2b3a55,0x2b3a55,0x2b3a55,0x2b3a55,0x2b3a55,0x2b3a55,0x2b3a55,0x2b3a55,0x2b3a55,0x2b3a55,0x2b3a55,
    0x2b3a55,0x2b3a55,0x2b3a55,0x2b3a55,0x2b3a55,0x2b3a55,0x2b3a55,0x2b3a55,0x2b3a55,0x2b3a55,0x2b3a55,0x2b3a55,
    0x2b3a55,0x2b3a55,0x2b3a55,0x2b3a55,0x2b3a55,0x2b3a55,0x2b3a55,0x2b3a55,0x2b3a55,0x2b3a55,0x2b3a55,0x2b3a55,
    0x2b3a55,0x2b3a55,0x2b3a55,0x2b3a55,0x2b3a55,0x2b3a55,0x2b3a55,0x2b3a55,0x2b3a55,0x2b3a55,0x2b3a55,0x2b3a55,
    0x2b3a55,0x2b3a55,0x2b3a55,0x2b3a55,0x2b3a55,0x2b3a55,0x2b3a55,0x2b3a55,0x2b3a55,0x2b3a55,0x2b3a55,0x2b3a55,
    0x2b3a55,0x2b3a55,0x2b3a55,0x2b3a55,0x2b3a55,0x2b3a55,0x2b3a55,0x2b3a55,0x2b3a55,0x2b3a55,0x2b3a55,0x2b3a55,
    0x2b3a55,0x2b3a55,0x2b3a55,0x2b3a55,0x2b3a55,0x2b3a55,0x2b3a55,0x2b3a55,0x2b3a55,0x2b3a55,0x2b3a55,0x2b3a55,
    0x2b3a55,0x2b3a55,0x2b3a55,0x2b3a55,
    0xffffff,0xbdc3ce,0x21314d,0x2d3c56,0x2b3a55,0x2b3a55,0x2b3a55,0x2b3a55,0x2b3a55,0x2b3a55,0x2b3a55,0x2b3a55,
    0x2b3a55,0x2b3a55,0x2b3a55,0x2b3a55,0x2b3a55,0x2b3a55,0x2b3a55,0x2b3a55,0x2b3a55,0x2b3a55,0x2b3a55,0x2b3a55,
    0x2b3a55,0x2b3a55,0x2b3a55,0x2b3a55,0x2b3a55,0x2b3a55,0x2b3a55,0x2b3a55,0x2b3a55,0x2b3a55,0x2b3a55,0x2b3a55,
    0x2b3a55,0x2b3a55,0x2b3a55,0x2b3a55,0x2b3a55,0x2b3a55,0x2b3a55,0x2b3a55,0x2b3a55,0x2b3a55,0x2b3a55,0x2b3a55,
    0x2b3a55,0x2b3a55,0x2b3a55,0x2b3a55,0x2b3a55,0x2b3a55,0x2b3a55,0x2b3a55,0x2b3a55,0x2b3a55,0x2b3a55,0x2b3a55,
    0x2b3a55,0x2b3a55,0x2b3a55,0x2b3a55,0x2b3a55,0x2b3a55,0x2b3a55,0x2b3a55,0x2b3a55,0x2b3a55,0x2b3a55,0x2b3a55,
    0x2b3a55,0x2b3a55,0x2b3a55,0x2b3a55,0x2b3a55,0x2b3a55,0x2b3a55,0x2b3a55,0x2b3a55,0x2b3a55,0x2b3a55,0x2b3a55,
    0x2b3a55,0x2b3a55,0x2b3a55,0x2b3a55,0x2b3a55,0x2b3a55,0x2b3a55,0x2b3a55,0x2b3a55,0x2b3a55,0x2b3a55,0x2b3a55,
    0x2b3a55,0x2b3a55,0x2b3a55,0x2b3a55,0x2b3a55,0x2b3a55,0x2b3a55,0x2b3a55,0x2b3a55,0x2b3a55,0x2b3a55,0x2b3a55,
    0x2b3a55,0x2b3a55,0x2b3a55,0x2b3a55,0x2b3a55,0x2b3a55,0x2b3a55,0x2b3a55,0x2b3a55,0x2b3a55,0x2b3a55,0x2b3a55,
    0x2b3a55,0x2b3a55,0x2b3a55,0x2b3a55,0x2b3a55,0x2b3a55,0x2b3a55,0x2b3a55,0x2b3a55,0x2b3a55,0x2b3a55,0x2b3a55,
    0x2b3a55,0x2b3a55,0x2b3a55,0x2b3a55,0x2b3a55,0x2b3a55,0x2b3a55,0x2b3a55,0x2b3a55,0x2b3a55,0x2b3a55,0x2b3a55,
    0x2b3a55,0x2b3a55,0x2b3a55,0x2b3a55,0x2b3a55,0x2b3a55,0x2b3a55,0x2b3a55,0x2b3a55,0x2b3a55,0x2b3a55,0x2b3a55,
    0x2b3a55,0x2b3a55,0x2b3a55,0x2b3a55,
    0xfcfcfc,0xbcc2cd,0x21314d,0x2d3c56,0x2b3a55,0x2b3a55,0x2b3a55,0x2b3a55,0x2b3a55,0x2b3a55,0x2b3a55,0x2b3a55,
    0x2b3a55,0x2b3a55,0x2b3a55,0x2b3a55,0x2b3a55,0x2b3a55,0x2b3a55,0x2b3a55,0x2b3a55,0x2b3a55,0x2b3a55,0x2b3a55,
    0x2b3a55,0x2b3a55,0x2b3a55,0x2b3a55,0x2b3a55,0x2b3a55,0x2b3a55,0x2b3a55,0x2b3a55,0x2b3a55,0x2b3a55,0x2b3a55,
    0x2b3a55,0x2b3a55,0x2b3a55,0x2b3a55,0x2b3a55,0x2b3a55,0x2b3a55,0x2b3a55,0x2b3a55,0x2b3a55,0x2b3a55,0x2b3a55,
    0x2b3a55,0x2b3a55,0x2b3a55,0x2b3a55,0x2b3a55,0x2b3a55,0x2b3a55,0x2b3a55,0x2b3a55,0x2b3a55,0x2b3a55,0x2b3a55,
    0x2b3a55,0x2b3a55,0x2b3a55,0x2b3a55,0x2b3a55,0x2b3a55,0x2b3a55,0x2b3a55,0x2b3a55,0x2b3a55,0x2b3a55,0x2b3a55,
    0x2b3a55,0x2b3a55,0x2b3a55,0x2b3a55,0x2b3a55,0x2b3a55,0x2b3a55,0x2b3a55,0x2b3a55,0x2b3a55,0x2b3a55,0x2b3a55,
    0x2b3a55,0x2b3a55,0x2b3a55,0x2b3a55,0x2b3a55,0x2b3a55,0x2b3a55,0x2b3a55,0x2b3a55,0x2b3a55,0x2b3a55,0x2b3a55,
    0x2b3a55,0x2b3a55,0x2b3a55,0x2b3a55,0x2b3a55,0x2b3a55,0x2b3a55,0x2b3a55,0x2b3a55,0x2b3a55,0x2b3a55,0x2b3a55,
    0x2b3a55,0x2b3a55,0x2b3a55,0x2b3a55,0x2b3a55,0x2b3a55,0x2b3a55,0x2b3a55,0x2b3a55,0x2b3a55,0x2b3a55,0x2b3a55,
    0x2b3a55,0x2b3a55,0x2b3a55,0x2b3a55,0x2b3a55,0x2b3a55,0x2b3a55,0x2b3a55,0x2b3a55,0x2b3a55,0x2b3a55,0x2b3a55,
    0x2b3a55,0x2b3a55,0x2b3a55,0x2b3a55,0x2b3a55,0x2b3a55,0x2b3a55,0x2b3a55,0x2b3a55,0x2b3a55,0x2b3a55,0x2b3a55,
    0x2b3a55,0x2b3a55,0x2b3a55,0x2b3a55,0x2b3a55,0x2b3a55,0x2b3a55,0x2b3a55,0x2b3a55,0x2b3a55,0x2b3a55,0x2b3a55,
    0x2b3a55,0x2b3a55,0x2b3a55,0x2b3a55,
    0xffffff,0xc2c8d2,0x20304c,0x2d3c56,0x2b3a55,0x2b3a55,0x2b3a55,0x2b3a55,0x2b3a55,0x2b3a55,0x2b3a55,0x2b3a55,
    0x2b3a55,0x2b3a55,0x2b3a55,0x2b3a55,0x2b3a55,0x2b3a55,0x2b3a55,0x2b3a55,0x2b3a55,0x2b3a55,0x2b3a55,0x2b3a55,
    0x2b3a55,0x2b3a55,0x2b3a55,0x2b3a55,0x2b3a55,0x2b3a55,0x2b3a55,0x2b3a55,0x2b3a55,0x2b3a55,0x2b3a55,0x2b3a55,
    0x2b3a55,0x2b3a55,0x2b3a55,0x2b3a55,0x2b3a55,0x2b3a55,0x2b3a55,0x2b3a55,0x2b3a55,0x2b3a55,0x2b3a55,0x2b3a55,
    0x2b3a55,0x2b3a55,0x2b3a55,0x2b3a55,0x2b3a55,0x2b3a55,0x2b3a55,0x2b3a55,0x2b3a55,0x2b3a55,0x2b3a55,0x2b3a55,
    0x2b3a55,0x2b3a55,0x2b3a55,0x2b3a55,0x2b3a55,0x2b3a55,0x2b3a55,0x2b3a55,0x2b3a55,0x2b3a55,0x2b3a55,0x2b3a55,
    0x2b3a55,0x2b3a55,0x2b3a55,0x2b3a55,0x2b3a55,0x2b3a55,0x2b3a55,0x2b3a55,0x2b3a55,0x2b3a55,0x2b3a55,0x2b3a55,
    0x2b3a55,0x2b3a55,0x2b3a55,0x2b3a55,0x2b3a55,0x2b3a55,0x2b3a55,0x2b3a55,0x2b3a55,0x2b3a55,0x2b3a55,0x2b3a55,
    0x2b3a55,0x2b3a55,0x2b3a55,0x2b3a55,0x2b3a55,0x2b3a55,0x2b3a55,0x2b3a55,0x2b3a55,0x2b3a55,0x2b3a55,0x2b3a55,
    0x2b3a55,0x2b3a55,0x2b3a55,0x2b3a55,0x2b3a55,0x2b3a55,0x2b3a55,0x2b3a55,0x2b3a55,0x2b3a55,0x2b3a55,0x2b3a55,
    0x2b3a55,0x2b3a55,0x2b3a55,0x2b3a55,0x2b3a55,0x2b3a55,0x2b3a55,0x2b3a55,0x2b3a55,0x2b3a55,0x2b3a55,0x2b3a55,
    0x2b3a55,0x2b3a55,0x2b3a55,0x2b3a55,0x2b3a55,0x2b3a55,0x2b3a55,0x2b3a55,0x2b3a55,0x2b3a55,0x2b3a55,0x2b3a55,
    0x2b3a55,0x2b3a55,0x2b3a55,0x2b3a55,0x2b3a55,0x2b3a55,0x2b3a55,0x2b3a55,0x2b3a55,0x2b3a55,0x2b3a55,0x2b3a55,
    0x2b3a55,0x2b3a55,0x2b3a55,0x2b3a55,
    0x8d96a7,0x57647a,0x263551,0x2c3b56,0x2b3a55,0x2b3a55,0x2b3a55,0x2b3a55,0x2b3a55,0x2b3a55,0x2b3a55,0x2b3a55,
    0x2b3a55,0x2b3a55,0x2b3a55,0x2b3a55,0x2b3a55,0x2b3a55,0x2b3a55,0x2b3a55,0x2b3a55,0x2b3a55,0x2b3a55,0x2b3a55,
    0x2b3a55,0x2b3a55,0x2b3a55,0x2b3a55,0x2b3a55,0x2b3a55,0x2b3a55,0x2b3a55,0x2b3a55,0x2b3a55,0x2b3a55,0x2b3a55,
    0x2b3a55,0x2b3a55,0x2b3a55,0x2b3a55,0x2b3a55,0x2b3a55,0x2b3a55,0x2b3a55,0x2b3a55,0x2b3a55,0x2b3a55,0x2b3a55,
    0x2b3a55,0x2b3a55,0x2b3a55,0x2b3a55,0x2b3a55,0x2b3a55,0x2b3a55,0x2b3a55,0x2b3a55,0x2b3a55,0x2b3a55,0x2b3a55,
    0x2b3a55,0x2b3a55,0x2b3a55,0x2b3a55,0x2b3a55,0x2b3a55,0x2b3a55,0x2b3a55,0x2b3a55,0x2b3a55,0x2b3a55,0x2b3a55,
    0x2b3a55,0x2b3a55,0x2b3a55,0x2b3a55,0x2b3a55,0x2b3a55,0x2b3a55,0x2b3a55,0x2b3a55,0x2b3a55,0x2b3a55,0x2b3a55,
    0x2b3a55,0x2b3a55,0x2b3a55,0x2b3a55,0x2b3a55,0x2b3a55,0x2b3a55,0x2b3a55,0x2b3a55,0x2b3a55,0x2b3a55,0x2b3a55,
    0x2b3a55,0x2b3a55,0x2b3a55,0x2b3a55,0x2b3a55,0x2b3a55,0x2b3a55,0x2b3a55,0x2b3a55,0x2b3a55,0x2b3a55,0x2b3a55,
    0x2b3a55,0x2b3a55,0x2b3a55,0x2b3a55,0x2b3a55,0x2b3a55,0x2b3a55,0x2b3a55,0x2b3a55,0x2b3a55,0x2b3a55,0x2b3a55,
    0x2b3a55,0x2b3a55,0x2b3a55,0x2b3a55,0x2b3a55,0x2b3a55,0x2b3a55,0x2b3a55,0x2b3a55,0x2b3a55,0x2b3a55,0x2b3a55,
    0x2b3a55,0x2b3a55,0x2b3a55,0x2b3a55,0x2b3a55,0x2b3a55,0x2b3a55,0x2b3a55,0x2b3a55,0x2b3a55,0x2b3a55,0x2b3a55,
    0x2b3a55,0x2b3a55,0x2b3a55,0x2b3a55,0x2b3a55,0x2b3a55,0x2b3a55,0x2b3a55,0x2b3a55,0x2b3a55,0x2b3a55,0x2b3a55,
    0x2b3a55,0x2b3a55,0x2b3a55,0x2b3a55,
    0x1c2c49,0x23334e,0x2c3b56,0x2b3a55,0x2b3a55,0x2b3a55,0x2b3a55,0x2b3a55,0x2b3a55,0x2b3a55,0x2b3a55,0x2b3a55,
    0x2b3a55,0x2b3a55,0x2b3a55,0x2b3a55,0x2b3a55,0x2b3a55,0x2b3a55,0x2b3a55,0x2b3a55,0x2b3a55,0x2b3a55,0x2b3a55,
    0x2b3a55,0x2b3a55,0x2b3a55,0x2b3a55,0x2b3a55,0x2b3a55,0x2b3a55,0x2b3a55,0x2b3a55,0x2b3a55,0x2b3a55,0x2b3a55,
    0x2b3a55,0x2b3a55,0x2b3a55,0x2b3a55,0x2b3a55,0x2b3a55,0x2b3a55,0x2b3a55,0x2b3a55,0x2b3a55,0x2b3a55,0x2b3a55,
    0x2b3a55,0x2b3a55,0x2b3a55,0x2b3a55,0x2b3a55,0x2b3a55,0x2b3a55,0x2b3a55,0x2b3a55,0x2b3a55,0x2b3a55,0x2b3a55,
    0x2b3a55,0x2b3a55,0x2b3a55,0x2b3a55,0x2b3a55,0x2b3a55,0x2b3a55,0x2b3a55,0x2b3a55,0x2b3a55,0x2b3a55,0x2b3a55,
    0x2b3a55,0x2b3a55,0x2b3a55,0x2b3a55,0x2b3a55,0x2b3a55,0x2b3a55,0x2b3a55,0x2b3a55,0x2b3a55,0x2b3a55,0x2b3a55,
    0x2b3a55,0x2b3a55,0x2b3a55,0x2b3a55,0x2b3a55,0x2b3a55,0x2b3a55,0x2b3a55,0x2b3a55,0x2b3a55,0x2b3a55,0x2b3a55,
    0x2b3a55,0x2b3a55,0x2b3a55,0x2b3a55,0x2b3a55,0x2b3a55,0x2b3a55,0x2b3a55,0x2b3a55,0x2b3a55,0x2b3a55,0x2b3a55,
    0x2b3a55,0x2b3a55,0x2b3a55,0x2b3a55,0x2b3a55,0x2b3a55,0x2b3a55,0x2b3a55,0x2b3a55,0x2b3a55,0x2b3a55,0x2b3a55,
    0x2b3a55,0x2b3a55,0x2b3a55,0x2b3a55,0x2b3a55,0x2b3a55,0x2b3a55,0x2b3a55,0x2b3a55,0x2b3a55,0x2b3a55,0x2b3a55,
    0x2b3a55,0x2b3a55,0x2b3a55,0x2b3a55,0x2b3a55,0x2b3a55,0x2b3a55,0x2b3a55,0x2b3a55,0x2b3a55,0x2b3a55,0x2b3a55,
    0x2b3a55,0x2b3a55,0x2b3a55,0x2b3a55,0x2b3a55,0x2b3a55,0x2b3a55,0x2b3a55,0x2b3a55,0x2b3a55,0x2b3a55,0x2b3a55,
    0x2b3a55,0x2b3a55,0x2b3a55,0x2b3a55,
    0x2e3d58,0x2d3c57,0x2b3a55,0x2b3a55,0x2b3a55,0x2b3a55,0x2b3a55,0x2b3a55,0x2b3a55,0x2b3a55,0x2b3a55,0x2b3a55,
    0x2b3a55,0x2b3a55,0x2b3a55,0x2b3a55,0x2b3a55,0x2b3a55,0x2b3a55,0x2b3a55,0x2b3a55,0x2b3a55,0x2b3a55,0x2b3a55,
    0x2b3a55,0x2b3a55,0x2b3a55,0x2b3a55,0x2b3a55,0x2b3a55,0x2b3a55,0x2b3a55,0x2b3a55,0x2b3a55,0x2b3a55,0x2b3a55,
    0x2b3a55,0x2b3a55,0x2b3a55,0x2b3a55,0x2b3a55,0x2b3a55,0x2b3a55,0x2b3a55,0x2b3a55,0x2b3a55,0x2b3a55,0x2b3a55,
    0x2b3a55,0x2b3a55,0x2b3a55,0x2b3a55,0x2b3a55,0x2b3a55,0x2b3a55,0x2b3a55,0x2b3a55,0x2b3a55,0x2b3a55,0x2b3a55,
    0x2b3a55,0x2b3a55,0x2b3a55,0x2b3a55,0x2b3a55,0x2b3a55,0x2b3a55,0x2b3a55,0x2b3a55,0x2b3a55,0x2b3a55,0x2b3a55,
    0x2b3a55,0x2b3a55,0x2b3a55,0x2b3a55,0x2b3a55,0x2b3a55,0x2b3a55,0x2b3a55,0x2b3a55,0x2b3a55,0x2b3a55,0x2b3a55,
    0x2b3a55,0x2b3a55,0x2b3a55,0x2b3a55,0x2b3a55,0x2b3a55,0x2b3a55,0x2b3a55,0x2b3a55,0x2b3a55,0x2b3a55,0x2b3a55,
    0x2b3a55,0x2b3a55,0x2b3a55,0x2b3a55,0x2b3a55,0x2b3a55,0x2b3a55,0x2b3a55,0x2b3a55,0x2b3a55,0x2b3a55,0x2b3a55,
    0x2b3a55,0x2b3a55,0x2b3a55,0x2b3a55,0x2b3a55,0x2b3a55,0x2b3a55,0x2b3a55,0x2b3a55,0x2b3a55,0x2b3a55,0x2b3a55,
    0x2b3a55,0x2b3a55,0x2b3a55,0x2b3a55,0x2b3a55,0x2b3a55,0x2b3a55,0x2b3a55,0x2b3a55,0x2b3a55,0x2b3a55,0x2b3a55,
    0x2b3a55,0x2b3a55,0x2b3a55,0x2b3a55,0x2b3a55,0x2b3a55,0x2b3a55,0x2b3a55,0x2b3a55,0x2b3a55,0x2b3a55,0x2b3a55,
    0x2b3a55,0x2b3a55,0x2b3a55,0x2b3a55,0x2b3a55,0x2b3a55,0x2b3a55,0x2b3a55,0x2b3a55,0x2b3a55,0x2b3a55,0x2b3a55,
    0x2b3a55,0x2b3a55,0x2b3a55,0x2b3a55,
    0x2b3a55,0x2b3a55,0x2b3a55,0x2b3a55,0x2b3a55,0x2b3a55,0x2b3a55,0x2b3a55,0x2b3a55,0x2b3a55,0x2b3a55,0x2b3a55,
    0x2b3a55,0x2b3a55,0x2b3a55,0x2b3a55,0x2b3a55,0x2b3a55,0x2b3a55,0x2b3a55,0x2b3a55,0x2b3a55,0x2b3a55,0x2b3a55,
    0x2b3a55,0x2b3a55,0x2b3a55,0x2b3a55,0x2b3a55,0x2b3a55,0x2b3a55,0x2b3a55,0x2b3a55,0x2b3a55,0x2b3a55,0x2b3a55,
    0x2b3a55,0x2b3a55,0x2b3a55,0x2b3a55,0x2b3a55,0x2b3a55,0x2b3a55,0x2b3a55,0x2b3a55,0x2b3a55,0x2b3a55,0x2b3a55,
    0x2b3a55,0x2b3a55,0x2b3a55,0x2b3a55,0x2b3a55,0x2b3a55,0x2b3a55,0x2b3a55,0x2b3a55,0x2b3a55,0x2b3a55,0x2b3a55,
    0x2b3a55,0x2b3a55,0x2b3a55,0x2b3a55,0x2b3a55,0x2b3a55,0x2b3a55,0x2b3a55,0x2b3a55,0x2b3a55,0x2b3a55,0x2b3a55,
    0x2b3a55,0x2b3a55,0x2b3a55,0x2b3a55,0x2b3a55,0x2b3a55,0x2b3a55,0x2b3a55,0x2b3a55,0x2b3a55,0x2b3a55,0x2b3a55,
    0x2b3a55,0x2b3a55,0x2b3a55,0x2b3a55,0x2b3a55,0x2b3a55,0x2b3a55,0x2b3a55,0x2b3a55,0x2b3a55,0x2b3a55,0x2b3a55,
    0x2b3a55,0x2b3a55,0x2b3a55,0x2b3a55,0x2b3a55,0x2b3a55,0x2b3a55,0x2b3a55,0x2b3a55,0x2b3a55,0x2b3a55,0x2b3a55,
    0x2b3a55,0x2b3a55,0x2b3a55,0x2b3a55,0x2b3a55,0x2b3a55,0x2b3a55,0x2b3a55,0x2b3a55,0x2b3a55,0x2b3a55,0x2b3a55,
    0x2b3a55,0x2b3a55,0x2b3a55,0x2b3a55,0x2b3a55,0x2b3a55,0x2b3a55,0x2b3a55,0x2b3a55,0x2b3a55,0x2b3a55,0x2b3a55,
    0x2b3a55,0x2b3a55,0x2b3a55,0x2b3a55,0x2b3a55,0x2b3a55,0x2b3a55,0x2b3a55,0x2b3a55,0x2b3a55,0x2b3a55,0x2b3a55,
    0x2b3a55,0x2b3a55,0x2b3a55,0x2b3a55,0x2b3a55,0x2b3a55,0x2b3a55,0x2b3a55,0x2b3a55,0x2b3a55,0x2b3a55,0x2b3a55,
    0x2b3a55,0x2b3a55,0x2b3a55,0x2b3a55,
    0x2b3a55,0x2b3a55,0x2b3a55,0x2b3a55,0x2b3a55,0x2b3a55,0x2b3a55,0x2b3a55,0x2b3a55,0x2b3a55,0x2b3a55,0x2b3a55,
    0x2b3a55,0x2b3a55,0x2b3a55,0x2b3a55,0x2b3a55,0x2b3a55,0x2b3a55,0x2b3a55,0x2b3a55,0x2b3a55,0x2b3a55,0x2b3a55,
    0x2b3a55,0x2b3a55,0x2b3a55,0x2b3a55,0x2b3a55,0x2b3a55,0x2b3a55,0x2b3a55,0x2b3a55,0x2b3a55,0x2b3a55,0x2b3a55,
    0x2b3a55,0x2b3a55,0x2b3a55,0x2b3a55,0x2b3a55,0x2b3a55,0x2b3a55,0x2b3a55,0x2b3954,0x2b3a54,0x2b3a55,0x2b3a55,
    0x2b3a55,0x2b3a55,0x2b3a55,0x2b3a55,0x2b3a55,0x2b3a55,0x2b3a55,0x2b3a55,0x2b3a55,0x2b3a55,0x2b3a55,0x2b3a55,
    0x2b3a55,0x2b3a55,0x2b3a55,0x2b3a55,0x2b3a55,0x2b3a55,0x2b3a55,0x2b3a55,0x2b3a55,0x2b3a55,0x2b3a55,0x2b3a55,
    0x2b3a55,0x2b3a55,0x2b3a55,0x2b3a55,0x2b3a55,0x2b3a55,0x2b3a55,0x2b3a55,0x2b3a55,0x2b3a55,0x2b3a55,0x2b3a55,
    0x2b3a55,0x2b3a55,0x2b3a55,0x2b3a55,0x2b3a55,0x2b3a55,0x2b3a55,0x2b3a55,0x2b3a55,0x2b3a55,0x2b3a55,0x2b3a55,
    0x2b3a55,0x2b3a55,0x2b3a55,0x2b3a55,0x2b3a55,0x2b3a55,0x2b3a55,0x2b3a55,0x2b3a55,0x2b3a55,0x2b3a55,0x2b3a55,
    0x2b3a55,0x2b3a55,0x2b3a55,0x2b3a55,0x2b3a55,0x2b3a55,0x2b3a55,0x2b3a55,0x2b3a55,0x2b3a55,0x2b3a55,0x2b3a55,
    0x2b3a55,0x2b3a55,0x2b3a55,0x2b3a55,0x2b3a55,0x2b3a55,0x2b3a55,0x2b3a55,0x2b3a55,0x2b3a55,0x2b3a55,0x2b3a55,
    0x2b3a55,0x2b3a55,0x2b3a55,0x2b3a55,0x2b3a55,0x2b3a55,0x2b3a55,0x2b3a55,0x2b3a55,0x2b3a55,0x2b3a55,0x2b3a55,
    0x2b3a55,0x2b3a55,0x2b3a55,0x2b3a55,0x2b3a55,0x2b3a55,0x2b3a55,0x2b3a55,0x2b3a55,0x2b3a55,0x2b3a55,0x2b3a55,
    0x2b3a55,0x2b3a55,0x2b3a55,0x2b3a55,
    0x2b3a55,0x2b3a55,0x2b3a55,0x2b3a55,0x2b3a55,0x2b3a55,0x2b3a55,0x2b3a55,0x2b3a55,0x2b3a55,0x2b3a55,0x2b3a55,
    0x2b3a55,0x2b3a55,0x2b3a55,0x2b3a55,0x2b3a55,0x2b3a55,0x2b3a55,0x2b3a55,0x2b3a55,0x2b3a55,0x2b3a55,0x2b3a55,
    0x2b3a55,0x2b3a55,0x2b3a55,0x2b3a55,0x2b3a55,0x2b3a55,0x2b3a55,0x2b3a55,0x2b3a55,0x2b3a55,0x2b3a55,0x2b3a55,
    0x2b3a55,0x2b3a55,0x2b3a55,0x2b3a55,0x2b3a55,0x2b3a55,0x2b3a55,0x2b3954,0x2e3f60,0x2d3d5b,0x2a3953,0x2b3a55,
    0x2b3a55,0x2b3a55,0x2b3a55,0x2b3a55,0x2b3a55,0x2b3a55,0x2b3a55,0x2b3a55,0x2b3a55,0x2b3a55,0x2b3a55,0x2b3a55,
    0x2b3a55,0x2b3a55,0x2b3a55,0x2b3a55,0x2b3a55,0x2b3a55,0x2b3a55,0x2b3a55,0x2b3a55,0x2b3a55,0x2b3a55,0x2b3a55,
    0x2b3a55,0x2b3a55,0x2b3a55,0x2b3a55,0x2b3a55,0x2b3a55,0x2b3a55,0x2b3a55,0x2b3a55,0x2b3a55,0x2b3a55,0x2b3a55,
    0x2b3a55,0x2b3a55,0x2b3a55,0x2b3a55,0x2b3a55,0x2b3a55,0x2b3a55,0x2b3a55,0x2b3a55,0x2b3a55,0x2b3a55,0x2b3a55,
    0x2b3a55,0x2b3a55,0x2b3a55,0x2b3a55,0x2b3a55,0x2b3a55,0x2b3a55,0x2b3a55,0x2b3a55,0x2b3a55,0x2b3a55,0x2b3a55,
    0x2b3a55,0x2b3a55,0x2b3a55,0x2b3a55,0x2b3a55,0x2b3a55,0x2b3a55,0x2b3a55,0x2b3a55,0x2b3a55,0x2b3a55,0x2b3a55,
    0x2b3a55,0x2b3a55,0x2b3a55,0x2b3a55,0x2b3a55,0x2b3a55,0x2b3a55,0x2b3a55,0x2b3a55,0x2b3a55,0x2b3a55,0x2b3a55,
    0x2b3a55,0x2b3a55,0x2b3a55,0x2b3a55,0x2b3a55,0x2b3a55,0x2b3a55,0x2b3a55,0x2b3a55,0x2b3a55,0x2b3a55,0x2b3a55,
    0x2b3a55,0x2b3a55,0x2b3a55,0x2b3a55,0x2b3a55,0x2b3a55,0x2b3a55,0x2b3a55,0x2b3a55,0x2b3a55,0x2b3a55,0x2b3a55,
    0x2b3a55,0x2b3a55,0x2b3a55,0x2b3a55,
    0x2b3a55,0x2b3a55,0x2b3a55,0x2b3a55,0x2b3a55,0x2b3a55,0x2b3a55,0x2b3a55,0x2b3a55,0x2b3a55,0x2b3a55,0x2b3a55,
    0x2b3a55,0x2b3a55,0x2b3a55,0x2b3a55,0x2b3a55,0x2b3a55,0x2b3a55,0x2b3a55,0x2b3a55,0x2b3a55,0x2b3a55,0x2b3a55,
    0x2b3a55,0x2b3a55,0x2b3a55,0x2b3a55,0x2b3a55,0x2b3a55,0x2b3a55,0x2b3a55,0x2b3a55,0x2b3a55,0x2b3a55,0x2b3a55,
    0x2b3a55,0x2b3a55,0x2b3a55,0x2b3a55,0x2b3a55,0x2b3a55,0x2b3954,0x2f4061,0x33466d,0x32456b,0x2d3d5c,0x2b3953,
    0x2b3a55,0x2b3a55,0x2b3a55,0x2b3a55,0x2b3a55,0x2b3a55,0x2b3a55,0x2b3a55,0x2b3a55,0x2b3a55,0x2b3a55,0x2b3a55,
    0x2b3a55,0x2b3a55,0x2b3a55,0x2b3a55,0x2b3a55,0x2b3a55,0x2b3a55,0x2b3a55,0x2b3a55,0x2b3a55,0x2b3a55,0x2b3a55,
    0x2b3a55,0x2b3a55,0x2b3a55,0x2b3a55,0x2b3a55,0x2b3a55,0x2b3a55,0x2b3a55,0x2b3a55,0x2b3a55,0x2b3a55,0x2b3a55,
    0x2b3a55,0x2b3a55,0x2b3a55,0x2b3a55,0x2b3a55,0x2b3a55,0x2b3a55,0x2b3a55,0x2b3a55,0x2b3a55,0x2b3a55,0x2b3a55,
    0x2b3a55,0x2b3a55,0x2b3a55,0x2b3a55,0x2b3a55,0x2b3a55,0x2b3a55,0x2b3a55,0x2b3a55,0x2b3a55,0x2b3a55,0x2b3a55,
    0x2b3a55,0x2b3a55,0x2b3a55,0x2b3a55,0x2b3a55,0x2b3a55,0x2b3a55,0x2b3a55,0x2b3a55,0x2b3a55,0x2b3a55,0x2b3a55,
    0x2b3a55,0x2b3a55,0x2b3a55,0x2b3a55,0x2b3a55,0x2b3a55,0x2b3a55,0x2b3a55,0x2b3a55,0x2b3a55,0x2b3a55,0x2b3a55,
    0x2b3a55,0x2b3a55,0x2b3a55,0x2b3a55,0x2b3a55,0x2b3a55,0x2b3a55,0x2b3a55,0x2b3a55,0x2b3a55,0x2b3a55,0x2b3a55,
    0x2b3a55,0x2b3a55,0x2b3a55,0x2b3a55,0x2b3a55,0x2b3a55,0x2b3a55,0x2b3a55,0x2b3a55,0x2b3a55,0x2b3a55,0x2b3a55,
    0x2b3a55,0x2b3a55,0x2b3a55,0x2b3a55,
    0x2b3a55,0x2b3a55,0x2b3a55,0x2b3a55,0x2b3a55,0x2b3a55,0x2b3a55,0x2b3a55,0x2b3a55,0x2b3a55,0x2b3a55,0x2b3a55,
    0x2b3a55,0x2b3a55,0x2b3a55,0x2b3a55,0x2b3a55,0x2b3a55,0x2b3a55,0x2b3a55,0x2b3a55,0x2b3a55,0x2b3a55,0x2b3a55,
    0x2b3a55,0x2b3a55,0x2b3a55,0x2b3a55,0x2b3a55,0x2b3a55,0x2b3a55,0x2b3a55,0x2b3a55,0x2b3a55,0x2b3a55,0x2b3a55,
    0x2b3a55,0x2b3a55,0x2b3a55,0x2b3a55,0x2b3a55,0x2b3a54,0x2f4163,0x32466d,0x32456b,0x32456b,0x32456c,0x2e3e5e,
    0x2b3953,0x2b3a55,0x2b3a55,0x2b3a55,0x2b3a55,0x2b3a55,0x2b3a55,0x2b3a55,0x2b3a55,0x2b3a55,0x2b3a55,0x2b3a55,
    0x2b3a55,0x2b3a55,0x2b3a55,0x2b3a55,0x2b3a55,0x2b3a55,0x2b3a55,0x2b3a55,0x2b3a55,0x2b3a55,0x2b3a55,0x2b3a55,
    0x2b3a55,0x2b3a55,0x2b3a55,0x2b3a55,0x2b3a55,0x2b3a55,0x2b3a55,0x2b3a55,0x2b3a55,0x2b3a55,0x2b3a55,0x2b3a55,
    0x2b3a55,0x2b3a55,0x2b3a55,0x2b3a55,0x2b3a55,0x2b3a55,0x2b3a55,0x2b3a55,0x2b3a55,0x2b3a55,0x2b3a55,0x2b3a55,
    0x2b3a55,0x2b3a55,0x2b3a55,0x2b3a55,0x2b3a55,0x2b3a55,0x2b3a55,0x2b3a55,0x2b3a55,0x2b3a55,0x2b3a55,0x2b3a55,
    0x2b3a55,0x2b3a55,0x2b3a55,0x2b3a55,0x2b3a55,0x2b3a55,0x2b3a55,0x2b3a55,0x2b3a55,0x2b3a55,0x2b3a55,0x2b3a55,
    0x2b3a55,0x2b3a55,0x2b3a55,0x2b3a55,0x2b3a55,0x2b3a55,0x2b3a55,0x2b3a55,0x2b3a55,0x2b3a55,0x2b3a55,0x2b3a55,
    0x2b3a55,0x2b3a55,0x2b3a55,0x2b3a55,0x2b3a55,0x2b3a55,0x2b3a55,0x2b3a55,0x2b3a55,0x2b3a55,0x2b3a55,0x2b3a55,
    0x2b3a55,0x2b3a55,0x2b3a55,0x2b3a55,0x2b3a55,0x2b3a55,0x2b3a55,0x2b3a55,0x2b3a55,0x2b3a55,0x2b3a55,0x2b3a55,
    0x2b3a55,0x2b3a55,0x2b3a55,0x2b3a55,
    0x2b3a55,0x2b3a55,0x2b3a55,0x2b3a55,0x2b3a55,0x2b3a55,0x2b3a55,0x2b3a55,0x2b3a55,0x2b3a55,0x2b3a55,0x2b3a55,
    0x2b3a55,0x2b3a55,0x2b3a55,0x2b3a55,0x2b3a55,0x2b3a55,0x2b3a55,0x2b3a55,0x2b3a55,0x2b3a55,0x2b3a55,0x2b3a55,
    0x2b3a55,0x2b3a55,0x2b3a55,0x2b3a55,0x2b3a55,0x2b3a55,0x2b3a55,0x2b3a55,0x2b3a55,0x2b3a55,0x2b3a55,0x2b3a55,
    0x2b3a55,0x2b3a55,0x2b3a55,0x2b3a54,0x2b3a55,0x304164,0x32466d,0x32456b,0x32456b,0x32456b,0x32456b,0x32466c,
    0x2f3f60,0x2b3954,0x2b3a55,0x2b3a55,0x2b3a55,0x2b3a55,0x2b3a55,0x2b3a55,0x2b3a55,0x2b3a55,0x2b3a55,0x2b3a55,
    0x2b3a55,0x2b3a55,0x2b3a55,0x2b3a55,0x2b3a55,0x2b3a55,0x2b3a55,0x2b3a55,0x2b3a55,0x2b3a55,0x2b3a55,0x2b3a55,
    0x2b3a55,0x2b3a55,0x2b3a55,0x2b3a55,0x2b3a55,0x2b3a55,0x2b3a55,0x2b3a55,0x2b3a55,0x2b3a55,0x2b3a55,0x2b3a55,
    0x2b3a55,0x2b3a55,0x2b3a55,0x2b3a55,0x2b3a55,0x2b3a55,0x2b3a55,0x2b3a55,0x2b3a55,0x2b3a55,0x2b3a55,0x2b3a55,
    0x2b3a55,0x2b3a55,0x2b3a55,0x2b3a55,0x2b3a55,0x2b3a55,0x2b3a55,0x2b3a55,0x2b3a55,0x2b3a55,0x2b3a55,0x2b3a55,
    0x2b3a55,0x2b3a55,0x2b3a55,0x2b3a55,0x2b3a55,0x2b3a55,0x2b3a55,0x2b3a55,0x2b3a55,0x2b3a55,0x2b3a55,0x2b3a55,
    0x2b3a55,0x2b3a55,0x2b3a55,0x2b3a55,0x2b3a55,0x2b3a55,0x2b3a55,0x2b3a55,0x2b3a55,0x2b3a55,0x2b3a55,0x2b3a55,
    0x2b3a55,0x2b3a55,0x2b3a55,0x2b3a55,0x2b3a55,0x2b3a55,0x2b3a55,0x2b3a55,0x2b3a55,0x2b3a55,0x2b3a55,0x2b3a55,
    0x2b3a55,0x2b3a55,0x2b3a55,0x2b3a55,0x2b3a55,0x2b3a55,0x2b3a55,0x2b3a55,0x2b3a55,0x2b3a55,0x2b3a55,0x2b3a55,
    0x2b3a55,0x2b3a55,0x2b3a55,0x2b3a55,
    0x2b3a55,0x2b3a55,0x2b3a55,0x2b3a55,0x2b3a55,0x2b3a55,0x2b3a55,0x2b3a55,0x2b3a55,0x2b3a55,0x2b3a55,0x2b3a55,
    0x2b3a55,0x2b3a55,0x2b3a55,0x2b3a55,0x2b3a55,0x2b3a55,0x2b3a55,0x2b3a55,0x2b3a55,0x2b3a55,0x2b3a55,0x2b3a55,
    0x2b3a55,0x2b3a55,0x2b3a55,0x2b3a55,0x2b3a55,0x2b3a55,0x2b3a55,0x2b3a55,0x2b3a55,0x2b3a55,0x2b3a55,0x2b3a55,
    0x2b3a55,0x2b3a55,0x2b3a54,0x2b3a55,0x304265,0x32466d,0x32456b,0x32456b,0x32456b,0x32456b,0x32456b,0x32456b,
    0x32466d,0x2f4162,0x2b3a54,0x2b3a55,0x2b3a55,0x2b3a55,0x2b3a55,0x2b3a55,0x2b3a55,0x2b3a55,0x2b3a55,0x2b3a55,
    0x2b3a55,0x2b3a55,0x2b3a55,0x2b3a55,0x2b3a55,0x2b3a55,0x2b3a55,0x2b3a55,0x2b3a55,0x2b3a55,0x2b3a55,0x2b3a55,
    0x2b3a55,0x2b3a55,0x2b3a55,0x2b3a55,0x2b3a55,0x2b3a55,0x2b3a55,0x2b3a55,0x2b3a55,0x2b3a55,0x2b3a55,0x2b3a55,
    0x2b3a55,0x2b3a55,0x2b3a55,0x2b3a55,0x2b3a55,0x2b3a55,0x2b3a55,0x2b3a55,0x2b3a55,0x2b3a55,0x2b3a55,0x2b3a55,
    0x2b3a55,0x2b3a55,0x2b3a55,0x2b3a55,0x2b3a55,0x2b3a55,0x2b3a55,0x2b3a55,0x2b3a55,0x2b3a55,0x2b3a55,0x2b3a55,
    0x2b3a55,0x2b3a55,0x2b3a55,0x2b3a55,0x2b3a55,0x2b3a55,0x2b3a55,0x2b3a55,0x2b3a55,0x2b3a55,0x2b3a55,0x2b3a55,
    0x2b3a55,0x2b3a55,0x2b3a55,0x2b3a55,0x2b3a55,0x2b3a55,0x2b3a55,0x2b3a55,0x2b3a55,0x2b3a55,0x2b3a55,0x2b3a55,
    0x2b3a55,0x2b3a55,0x2b3a55,0x2b3a55,0x2b3a55,0x2b3a55,0x2b3a55,0x2b3a55,0x2b3a55,0x2b3a55,0x2b3a55,0x2b3a55,
    0x2b3a55,0x2b3a55,0x2b3a55,0x2b3a55,0x2b3a55,0x2b3a55,0x2b3a55,0x2b3a55,0x2b3a55,0x2b3a55,0x2b3a55,0x2b3a55,
    0x2b3a55,0x2b3a55,0x2b3a55,0x2b3a55,
    0x2b3a55,0x2b3a55,0x2b3a55,0x2b3a55,0x2b3a55,0x2b3a55,0x2b3a55,0x2b3a55,0x2b3a55,0x2b3a55,0x2b3a55,0x2b3a55,
    0x2b3a55,0x2b3a55,0x2b3a55,0x2b3a55,0x2b3a55,0x2b3a55,0x2b3a55,0x2b3a55,0x2b3a55,0x2b3a55,0x2b3a55,0x2b3a55,
    0x2b3a55,0x2b3a55,0x2b3a55,0x2b3a55,0x2b3a55,0x2b3a55,0x2b3a55,0x2b3a55,0x2b3a55,0x2b3a55,0x2b3a55,0x2b3a55,
    0x2b3a55,0x2b3a54,0x2c3a56,0x304366,0x32466d,0x32456b,0x32456b,0x32456b,0x32456b,0x32456b,0x32456b,0x32456b,
    0x32456b,0x32466d,0x304264,0x2b3a55,0x2b3a54,0x2b3a55,0x2b3a55,0x2b3a55,0x2b3a55,0x2b3a55,0x2b3a55,0x2b3a55,
    0x2b3a55,0x2b3a55,0x2b3a55,0x2b3a55,0x2b3a55,0x2b3a55,0x2b3a55,0x2b3a55,0x2b3a55,0x2b3a55,0x2b3a55,0x2b3a55,
    0x2b3a55,0x2b3a55,0x2b3a55,0x2b3a55,0x2b3a55,0x2b3a55,0x2b3a55,0x2b3a55,0x2b3a55,0x2b3a55,0x2b3a55,0x2b3a55,
    0x2b3a55,0x2b3a55,0x2b3a55,0x2b3a55,0x2b3a55,0x2b3a55,0x2b3a55,0x2b3a55,0x2b3a55,0x2b3a55,0x2b3a55,0x2b3a55,
    0x2b3a55,0x2b3a55,0x2b3a55,0x2b3a55,0x2b3a55,0x2b3a55,0x2b3a55,0x2b3a55,0x2b3a55,0x2b3a55,0x2b3a55,0x2b3a55,
    0x2b3a55,0x2b3a55,0x2b3a55,0x2b3a55,0x2b3a55,0x2b3a55,0x2b3a55,0x2b3a55,0x2b3a55,0x2b3a55,0x2b3a55,0x2b3a55,
    0x2b3a55,0x2b3a55,0x2b3a55,0x2b3a55,0x2b3a55,0x2b3a55,0x2b3a55,0x2b3a55,0x2b3a55,0x2b3a55,0x2b3a55,0x2b3a55,
    0x2b3a55,0x2b3a55,0x2b3a55,0x2b3a55,0x2b3a55,0x2b3a55,0x2b3a55,0x2b3a55,0x2b3a55,0x2b3a55,0x2b3a55,0x2b3a55,
    0x2b3a55,0x2b3a55,0x2b3a55,0x2b3a55,0x2b3a55,0x2b3a55,0x2b3a55,0x2b3a55,0x2b3a55,0x2b3a55,0x2b3a55,0x2b3a55,
    0x2b3a55,0x2b3a55,0x2b3a55,0x2b3a55,
    0x2b3a55,0x2b3a55,0x2b3a55,0x2b3a55,0x2b3a55,0x2b3a55,0x2b3a55,0x2b3a55,0x2b3a55,0x2b3a55,0x2b3a55,0x2b3a55,
    0x2b3a55,0x2b3a55,0x2b3a55,0x2b3a55,0x2b3a55,0x2b3a55,0x2b3a55,0x2b3a55,0x2b3a55,0x2b3a55,0x2b3a55,0x2b3a55,
    0x2b3a55,0x2b3a55,0x2b3a55,0x2b3a55,0x2b3a55,0x2b3a55,0x2b3a55,0x2b3a55,0x2b3a55,0x2b3a55,0x2b3a55,0x2b3a55,
    0x2b3a54,0x2c3b56,0x314367,0x32466c,0x32456b,0x32456b,0x32456b,0x32456b,0x32456b,0x32456b,0x32456b,0x32456b,
    0x32456b,0x32456b,0x32466d,0x304367,0x2b3b56,0x2b3954,0x2b3a55,0x2b3a55,0x2b3a55,0x2b3a55,0x2b3a55,0x2b3a55,
    0x2b3a55,0x2b3a55,0x2b3a55,0x2b3a55,0x2b3a55,0x2b3a55,0x2b3a55,0x2b3a55,0x2b3a55,0x2b3a55,0x2b3a55,0x2b3a55,
    0x2b3a55,0x2b3a55,0x2b3a55,0x2b3a55,0x2b3a55,0x2b3a55,0x2b3a55,0x2b3a55,0x2b3a55,0x2b3a55,0x2b3a55,0x2b3a55,
    0x2b3a55,0x2b3a55,0x2b3a55,0x2b3a55,0x2b3a55,0x2b3a55,0x2b3a55,0x2b3a55,0x2b3a55,0x2b3a55,0x2b3a55,0x2b3a55,
    0x2b3a55,0x2b3a55,0x2b3a55,0x2b3a55,0x2b3a55,0x2b3a55,0x2b3a55,0x2b3a55,0x2b3a55,0x2b3a55,0x2b3a55,0x2b3a55,
    0x2b3a55,0x2b3a55,0x2b3a55,0x2b3a55,0x2b3a55,0x2b3a55,0x2b3a55,0x2b3a55,0x2b3a55,0x2b3a55,0x2b3a55,0x2b3a55,
    0x2b3a55,0x2b3a55,0x2b3a55,0x2b3a55,0x2b3a55,0x2b3a55,0x2b3a55,0x2b3a55,0x2b3a55,0x2b3a55,0x2b3a55,0x2b3a55,
    0x2b3a55,0x2b3a55,0x2b3a55,0x2b3a55,0x2b3a55,0x2b3a55,0x2b3a55,0x2b3a55,0x2b3a55,0x2b3a55,0x2b3a55,0x2b3a55,
    0x2b3a55,0x2b3a55,0x2b3a55,0x2b3a55,0x2b3a55,0x2b3a55,0x2b3a55,0x2b3a55,0x2b3a55,0x2b3a55,0x2b3a55,0x2b3a55,
    0x2b3a55,0x2b3a55,0x2b3a55,0x2b3954,
    0x2b3a55,0x2b3a55,0x2b3a55,0x2b3a55,0x2b3a55,0x2b3a55,0x2b3a55,0x2b3a55,0x2b3a55,0x2b3a55,0x2b3a55,0x2b3a55,
    0x2b3a55,0x2b3a55,0x2b3a55,0x2b3a55,0x2b3a55,0x2b3a55,0x2b3a55,0x2b3a55,0x2b3a55,0x2b3a55,0x2b3a55,0x2b3a55,
    0x2b3a55,0x2b3a55,0x2b3a55,0x2b3a55,0x2b3a55,0x2b3a55,0x2b3a55,0x2b3a55,0x2b3a55,0x2b3a55,0x2b3a55,0x2b3954,
    0x2c3b57,0x314368,0x32466c,0x32456b,0x32456b,0x32456b,0x32456b,0x32456b,0x32456b,0x32456b,0x32456b,0x32456b,
    0x32456b,0x32456b,0x32456b,0x32466c,0x314468,0x2c3b58,0x2b3954,0x2b3a55,0x2b3a55,0x2b3a55,0x2b3a55,0x2b3a55,
    0x2b3a55,0x2b3a55,0x2b3a55,0x2b3a55,0x2b3a55,0x2b3a55,0x2b3a55,0x2b3a55,0x2b3a55,0x2b3a55,0x2b3a55,0x2b3a55,
    0x2b3a55,0x2b3a55,0x2b3a55,0x2b3a55,0x2b3a55,0x2b3a55,0x2b3a55,0x2b3a55,0x2b3a55,0x2b3a55,0x2b3a55,0x2b3a55,
    0x2b3a55,0x2b3a55,0x2b3a55,0x2b3a55,0x2b3a55,0x2b3a55,0x2b3a55,0x2b3a55,0x2b3a55,0x2b3a55,0x2b3a55,0x2b3a55,
    0x2b3a55,0x2b3a55,0x2b3a55,0x2b3a55,0x2b3a55,0x2b3a55,0x2b3a55,0x2b3a55,0x2b3a55,0x2b3a55,0x2b3a55,0x2b3a55,
    0x2b3a55,0x2b3a55,0x2b3a55,0x2b3a55,0x2b3a55,0x2b3a55,0x2b3a55,0x2b3a55,0x2b3a55,0x2b3a55,0x2b3a55,0x2b3a55,
    0x2b3a55,0x2b3a55,0x2b3a55,0x2b3a55,0x2b3a55,0x2b3a55,0x2b3a55,0x2b3a55,0x2b3a55,0x2b3a55,0x2b3a55,0x2b3a55,
    0x2b3a55,0x2b3a55,0x2b3a55,0x2b3a55,0x2b3a55,0x2b3a55,0x2b3a55,0x2b3a55,0x2b3a55,0x2b3a55,0x2b3a55,0x2b3a55,
    0x2b3a55,0x2b3a55,0x2b3a55,0x2b3a55,0x2b3a55,0x2b3a55,0x2b3a55,0x2b3a55,0x2b3a55,0x2b3a55,0x2b3a55,0x2b3a55,
    0x2b3a54,0x2b3953,0x2b3b56,0x2d3e5d,
    0x2b3a55,0x2b3a55,0x2b3a55,0x2b3a55,0x2b3a55,0x2b3a55,0x2b3a55,0x2b3a55,0x2b3a55,0x2b3a55,0x2b3a55,0x2b3a55,
    0x2b3a55,0x2b3a55,0x2b3a55,0x2b3a55,0x2b3a55,0x2b3a55,0x2b3a55,0x2b3a55,0x2b3a55,0x2b3a55,0x2b3a55,0x2b3a55,
    0x2b3a55,0x2b3a55,0x2b3a55,0x2b3a55,0x2b3a55,0x2b3a55,0x2b3a55,0x2b3a55,0x2b3a55,0x2b3a55,0x2b3954,0x2c3c58,
    0x314469,0x32466c,0x32456b,0x32456b,0x32456b,0x32456b,0x32456b,0x32456b,0x32456b,0x32456b,0x32456b,0x32456b,
    0x32456b,0x32456b,0x32456b,0x32456b,0x32466c,0x31446a,0x2d3c5a,0x2b3953,0x2b3a55,0x2b3a55,0x2b3a55,0x2b3a55,
    0x2b3a55,0x2b3a55,0x2b3a55,0x2b3a55,0x2b3a55,0x2b3a55,0x2b3a55,0x2b3a55,0x2b3a55,0x2b3a55,0x2b3a55,0x2b3a55,
    0x2b3a55,0x2b3a55,0x2b3a55,0x2b3a55,0x2b3a55,0x2b3a55,0x2b3a55,0x2b3a55,0x2b3a55,0x2b3a55,0x2b3a55,0x2b3a55,
    0x2b3a55,0x2b3a55,0x2b3a55,0x2b3a55,0x2b3a55,0x2b3a55,0x2b3a55,0x2b3a55,0x2b3a55,0x2b3a55,0x2b3a55,0x2b3a55,
    0x2b3a55,0x2b3a55,0x2b3a55,0x2b3a55,0x2b3a55,0x2b3a55,0x2b3a55,0x2b3a55,0x2b3a55,0x2b3a55,0x2b3a55,0x2b3a55,
    0x2b3a55,0x2b3a55,0x2b3a55,0x2b3a55,0x2b3a55,0x2b3a55,0x2b3a55,0x2b3a55,0x2b3a55,0x2b3a55,0x2b3a55,0x2b3a55,
    0x2b3a55,0x2b3a55,0x2b3a55,0x2b3a55,0x2b3a55,0x2b3a55,0x2b3a55,0x2b3a55,0x2b3a55,0x2b3a55,0x2b3a55,0x2b3a55,
    0x2b3a55,0x2b3a55,0x2b3a55,0x2b3a55,0x2b3a55,0x2b3a55,0x2b3a55,0x2b3a55,0x2b3a55,0x2b3a55,0x2b3a55,0x2b3a55,
    0x2b3a55,0x2b3a55,0x2b3a55,0x2b3a55,0x2b3a55,0x2b3a55,0x2b3a55,0x2b3a55,0x2b3a55,0x2b3a55,0x2b3954,0x2b3954,
    0x2c3b58,0x2f4060,0x314469,0x32466c,
    0x2b3a55,0x2b3a55,0x2b3a55,0x2b3a55,0x2b3a55,0x2b3a55,0x2b3a55,0x2b3a55,0x2b3a55,0x2b3a55,0x2b3a55,0x2b3a55,
    0x2b3a55,0x2b3a55,0x2b3a55,0x2b3a55,0x2b3a55,0x2b3a55,0x2b3a55,0x2b3a55,0x2b3a55,0x2b3a55,0x2b3a55,0x2b3a55,
    0x2b3a55,0x2b3a55,0x2b3a55,0x2b3a55,0x2b3a55,0x2b3a55,0x2b3a55,0x2b3a55,0x2b3a55,0x2b3954,0x2c3c59,0x31456a,
    0x32456c,0x32456b,0x32456b,0x32456b,0x32456b,0x32456b,0x32456b,0x32456b,0x32456b,0x32456b,0x32456b,0x32456b,
    0x32456b,0x32456b,0x32456b,0x32456b,0x32456b,0x32456c,0x32456b,0x2d3d5c,0x2b3953,0x2b3a55,0x2b3a55,0x2b3a55,
    0x2b3a55,0x2b3a55,0x2b3a55,0x2b3a55,0x2b3a55,0x2b3a55,0x2b3a55,0x2b3a55,0x2b3a55,0x2b3a55,0x2b3a55,0x2b3a55,
    0x2b3a55,0x2b3a55,0x2b3a55,0x2b3a55,0x2b3a55,0x2b3a55,0x2b3a55,0x2b3a55,0x2b3a55,0x2b3a55,0x2b3a55,0x2b3a55,
    0x2b3a55,0x2b3a55,0x2b3a55,0x2b3a55,0x2b3a55,0x2b3a55,0x2b3a55,0x2b3a55,0x2b3a55,0x2b3a55,0x2b3a55,0x2b3a55,
    0x2b3a55,0x2b3a55,0x2b3a55,0x2b3a55,0x2b3a55,0x2b3a55,0x2b3a55,0x2b3a55,0x2b3a55,0x2b3a55,0x2b3a55,0x2b3a55,
    0x2b3a55,0x2b3a55,0x2b3a55,0x2b3a55,0x2b3a55,0x2b3a55,0x2b3a55,0x2b3a55,0x2b3a55,0x2b3a55,0x2b3a55,0x2b3a55,
    0x2b3a55,0x2b3a55,0x2b3a55,0x2b3a55,0x2b3a55,0x2b3a55,0x2b3a55,0x2b3a55,0x2b3a55,0x2b3a55,0x2b3a55,0x2b3a55,
    0x2b3a55,0x2b3a55,0x2b3a55,0x2b3a55,0x2b3a55,0x2b3a55,0x2b3a55,0x2b3a55,0x2b3a55,0x2b3a55,0x2b3a55,0x2b3a55,
    0x2b3a55,0x2b3a55,0x2b3a55,0x2b3a55,0x2b3a55,0x2b3a55,0x2b3a55,0x2b3a55,0x2b3954,0x2b3954,0x2d3c5a,0x2f4163,
    0x32456a,0x32466d,0x32456c,0x32456b,
    0x2b3a55,0x2b3a55,0x2b3a55,0x2b3a55,0x2b3a55,0x2b3a55,0x2b3a55,0x2b3a55,0x2b3a55,0x2b3a55,0x2b3a55,0x2b3a55,
    0x2b3a55,0x2b3a55,0x2b3a55,0x2b3a55,0x2b3a55,0x2b3a55,0x2b3a55,0x2b3a55,0x2b3a55,0x2b3a55,0x2b3a55,0x2b3a55,
    0x2b3a55,0x2b3a55,0x2b3a55,0x2b3a55,0x2b3a55,0x2b3a55,0x2b3a55,0x2b3a55,0x2b3953,0x2d3d5a,0x32456a,0x32456c,
    0x32456b,0x32456b,0x32456b,0x32456b,0x32456b,0x32456b,0x32456b,0x32456b,0x32456b,0x32456b,0x32456b,0x32456b,
    0x32456b,0x32456b,0x32456b,0x32456b,0x32456b,0x32456b,0x32456b,0x32456c,0x2e3e5e,0x2b3953,0x2b3a55,0x2b3a55,
    0x2b3a55,0x2b3a55,0x2b3a55,0x2b3a55,0x2b3a55,0x2b3a55,0x2b3a55,0x2b3a55,0x2b3a55,0x2b3a55,0x2b3a55,0x2b3a55,
    0x2b3a55,0x2b3a55,0x2b3a55,0x2b3a55,0x2b3a55,0x2b3a55,0x2b3a55,0x2b3a55,0x2b3a55,0x2b3a55,0x2b3a55,0x2b3a55,
    0x2b3a55,0x2b3a55,0x2b3a55,0x2b3a55,0x2b3a55,0x2b3a55,0x2b3a55,0x2b3a55,0x2b3a55,0x2b3a55,0x2b3a55,0x2b3a55,
    0x2b3a55,0x2b3a55,0x2b3a55,0x2b3a55,0x2b3a55,0x2b3a55,0x2b3a55,0x2b3a55,0x2b3a55,0x2b3a55,0x2b3a55,0x2b3a55,
    0x2b3a55,0x2b3a55,0x2b3a55,0x2b3a55,0x2b3a55,0x2b3a55,0x2b3a55,0x2b3a55,0x2b3a55,0x2b3a55,0x2b3a55,0x2b3a55,
    0x2b3a55,0x2b3a55,0x2b3a55,0x2b3a55,0x2b3a55,0x2b3a55,0x2b3a55,0x2b3a55,0x2b3a55,0x2b3a55,0x2b3a55,0x2b3a55,
    0x2b3a55,0x2b3a55,0x2b3a55,0x2b3a55,0x2b3a55,0x2b3a55,0x2b3a55,0x2b3a55,0x2b3a55,0x2b3a55,0x2b3a55,0x2b3a55,
    0x2b3a55,0x2b3a55,0x2b3a55,0x2b3a55,0x2b3a55,0x2b3a54,0x2b3953,0x2b3a55,0x2e3e5d,0x304266,0x32456c,0x32466c,
    0x32456b,0x32456b,0x32456b,0x32456b,
    0x2b3a55,0x2b3a55,0x2b3a55,0x2b3a55,0x2b3a55,0x2b3a55,0x2b3a55,0x2b3a55,0x2b3a55,0x2b3a55,0x2b3a55,0x2b3a55,
    0x2b3a55,0x2b3a55,0x2b3a55,0x2b3a55,0x2b3a55,0x2b3a55,0x2b3a55,0x2b3a55,0x2b3a55,0x2b3a55,0x2b3a55,0x2b3a55,
    0x2b3a55,0x2b3a55,0x2b3a55,0x2b3a55,0x2b3a55,0x2b3a55,0x2b3a55,0x2b3953,0x2d3d5b,0x32456b,0x32456c,0x32456b,
    0x32456b,0x32456b,0x32456b,0x32456b,0x32456b,0x32456b,0x32456b,0x32456b,0x32456b,0x32456b,0x32456b,0x32456b,
    0x32456b,0x32456b,0x32456b,0x32456b,0x32456b,0x32456b,0x32456b,0x32456b,0x32466c,0x2f3f60,0x2b3954,0x2b3a55,
    0x2b3a55,0x2b3a55,0x2b3a55,0x2b3a55,0x2b3a55,0x2b3a55,0x2b3a55,0x2b3a55,0x2b3a55,0x2b3a55,0x2b3a55,0x2b3a55,
    0x2b3a55,0x2b3a55,0x2b3a55,0x2b3a55,0x2b3a55,0x2b3a55,0x2b3a55,0x2b3a55,0x2b3a55,0x2b3a55,0x2b3a55,0x2b3a55,
    0x2b3a55,0x2b3a55,0x2b3a55,0x2b3a55,0x2b3a55,0x2b3a55,0x2b3a55,0x2b3a55,0x2b3a55,0x2b3a55,0x2b3a55,0x2b3a55,
    0x2b3a55,0x2b3a55,0x2b3a55,0x2b3a55,0x2b3a55,0x2b3a55,0x2b3a55,0x2b3a55,0x2b3a55,0x2b3a55,0x2b3a55,0x2b3a55,
    0x2b3a55,0x2b3a55,0x2b3a55,0x2b3a55,0x2b3a55,0x2b3a55,0x2b3a55,0x2b3a55,0x2b3a55,0x2b3a55,0x2b3a55,0x2b3a55,
    0x2b3a55,0x2b3a55,0x2b3a55,0x2b3a55,0x2b3a55,0x2b3a55,0x2b3a55,0x2b3a55,0x2b3a55,0x2b3a55,0x2b3a55,0x2b3a55,
    0x2b3a55,0x2b3a55,0x2b3a55,0x2b3a55,0x2b3a55,0x2b3a55,0x2b3a55,0x2b3a55,0x2b3a55,0x2b3a55,0x2b3a55,0x2b3a55,
    0x2b3a55,0x2b3a55,0x2b3a55,0x2b3954,0x2b3953,0x2c3b57,0x2e3f60,0x314468,0x32466c,0x32466c,0x32456b,0x32456b,
    0x32456b,0x32456b,0x32456b,0x32456b,
    0x2b3a55,0x2b3a55,0x2b3a55,0x2b3a55,0x2b3a55,0x2b3a55,0x2b3a55,0x2b3a55,0x2b3a55,0x2b3a55,0x2b3a55,0x2b3a55,
    0x2b3a55,0x2b3a55,0x2b3a55,0x2b3a55,0x2b3a55,0x2b3a55,0x2b3a55,0x2b3a55,0x2b3a55,0x2b3a55,0x2b3a55,0x2b3a55,
    0x2b3a55,0x2b3a55,0x2b3a55,0x2b3a55,0x2b3a55,0x2b3a55,0x2b3953,0x2d3e5c,0x32456c,0x32456b,0x32456b,0x32456b,
    0x32456b,0x32456b,0x32456b,0x32456b,0x32456b,0x32456b,0x32456b,0x32456b,0x32456b,0x32456b,0x32456b,0x32456b,
    0x32456b,0x32456b,0x32456b,0x32456b,0x32456b,0x32456b,0x32456b,0x32456b,0x32456b,0x32466d,0x2f4062,0x2b3a54,
    0x2b3a55,0x2b3a55,0x2b3a55,0x2b3a55,0x2b3a55,0x2b3a55,0x2b3a55,0x2b3a55,0x2b3a55,0x2b3a55,0x2b3a55,0x2b3a55,
    0x2b3a55,0x2b3a55,0x2b3a55,0x2b3a55,0x2b3a55,0x2b3a55,0x2b3a55,0x2b3a55,0x2b3a55,0x2b3a55,0x2b3a55,0x2b3a55,
    0x2b3a55,0x2b3a55,0x2b3a55,0x2b3a55,0x2b3a55,0x2b3a55,0x2b3a55,0x2b3a55,0x2b3a55,0x2b3a55,0x2b3a55,0x2b3a55,
    0x2b3a55,0x2b3a55,0x2b3a55,0x2b3a55,0x2b3a55,0x2b3a55,0x2b3a55,0x2b3a55,0x2b3a55,0x2b3a55,0x2b3a55,0x2b3a55,
    0x2b3a55,0x2b3a55,0x2b3a55,0x2b3a55,0x2b3a55,0x2b3a55,0x2b3a55,0x2b3a55,0x2b3a55,0x2b3a55,0x2b3a55,0x2b3a55,
    0x2b3a55,0x2b3a55,0x2b3a55,0x2b3a55,0x2b3a55,0x2b3a55,0x2b3a55,0x2b3a55,0x2b3a55,0x2b3a55,0x2b3a55,0x2b3a55,
    0x2b3a55,0x2b3a55,0x2b3a55,0x2b3a55,0x2b3a55,0x2b3a55,0x2b3a55,0x2b3a55,0x2b3a55,0x2b3a55,0x2b3a55,0x2b3a55,
    0x2b3a55,0x2b3954,0x2b3954,0x2c3c59,0x2f4162,0x32456a,0x32466d,0x32456c,0x32456b,0x32456b,0x32456b,0x32456b,
    0x32456b,0x32456b,0x32456b,0x32456b,
    0x2b3a55,0x2b3a55,0x2b3a55,0x2b3a55,0x2b3a55,0x2b3a55,0x2b3a55,0x2b3a55,0x2b3a55,0x2b3a55,0x2b3a55,0x2b3a55,
    0x2b3a55,0x2b3a55,0x2b3a55,0x2b3a55,0x2b3a55,0x2b3a55,0x2b3a55,0x2b3a55,0x2b3a55,0x2b3a55,0x2b3a55,0x2b3a55,
    0x2b3a55,0x2b3a55,0x2b3a55,0x2b3a55,0x2b3a55,0x2b3954,0x2e3e5e,0x32466c,0x32456b,0x32456b,0x32456b,0x32456b,
    0x32456b,0x32456b,0x32456b,0x32456b,0x32456b,0x32456b,0x32456b,0x32456b,0x32456b,0x32456b,0x32456b,0x32456b,
    0x32456b,0x32456b,0x32456b,0x32456b,0x32456b,0x32456b,0x32456b,0x32456b,0x32456b,0x32456b,0x32466d,0x304265,
    0x2b3a55,0x2b3a54,0x2b3a55,0x2b3a55,0x2b3a55,0x2b3a55,0x2b3a55,0x2b3a55,0x2b3a55,0x2b3a55,0x2b3a55,0x2b3a55,
    0x2b3a55,0x2b3a55,0x2b3a55,0x2b3a55,0x2b3a55,0x2b3a55,0x2b3a55,0x2b3a55,0x2b3a55,0x2b3a55,0x2b3a55,0x2b3a55,
    0x2b3a55,0x2b3a55,0x2b3a55,0x2b3a55,0x2b3a55,0x2b3a55,0x2b3a55,0x2b3a55,0x2b3a55,0x2b3a55,0x2b3a55,0x2b3a55,
    0x2b3a55,0x2b3a55,0x2b3a55,0x2b3a55,0x2b3a55,0x2b3a55,0x2b3a55,0x2b3a55,0x2b3a55,0x2b3a55,0x2b3a55,0x2b3a55,
    0x2b3a55,0x2b3a55,0x2b3a55,0x2b3a55,0x2b3a55,0x2b3a55,0x2b3a55,0x2b3a55,0x2b3a55,0x2b3a55,0x2b3a55,0x2b3a55,
    0x2b3a55,0x2b3a55,0x2b3a55,0x2b3a55,0x2b3a55,0x2b3a55,0x2b3a55,0x2b3a55,0x2b3a55,0x2b3a55,0x2b3a55,0x2b3a55,
    0x2b3a55,0x2b3a55,0x2b3a55,0x2b3a55,0x2b3a55,0x2b3a55,0x2b3a55,0x2b3a55,0x2b3a55,0x2b3a55,0x2b3a55,0x2b3953,
    0x2b3a55,0x2d3e5c,0x304265,0x32456b,0x32466d,0x32456b,0x32456b,0x32456b,0x32456b,0x32456b,0x32456b,0x32456b,
    0x32456b,0x32456b,0x32456b,0x32456b,
    0x2b3a55,0x2b3a55,0x2b3a55,0x2b3a55,0x2b3a55,0x2b3a55,0x2b3a55,0x2b3a55,0x2b3a55,0x2b3a55,0x2b3a55,0x2b3a55,
    0x2b3a55,0x2b3a55,0x2b3a55,0x2b3a55,0x2b3a55,0x2b3a55,0x2b3a55,0x2b3a55,0x2b3a55,0x2b3a55,0x2b3a55,0x2b3a55,
    0x2b3a55,0x2b3a55,0x2b3a55,0x2b3a55,0x2b3953,0x2e3f5f,0x32466c,0x32456b,0x32456b,0x32456b,0x32456b,0x32456b,
    0x32456b,0x32456b,0x32456b,0x32456b,0x32456b,0x32456b,0x32456b,0x32456b,0x32456b,0x32456b,0x32456b,0x32456b,
    0x32456b,0x32456b,0x32456b,0x32456b,0x32456b,0x32456b,0x32456b,0x32456b,0x32456b,0x32456b,0x32456b,0x32466d,
    0x304367,0x2c3b56,0x2b3954,0x2b3a55,0x2b3a55,0x2b3a55,0x2b3a55,0x2b3a55,0x2b3a55,0x2b3a55,0x2b3a55,0x2b3a55,
    0x2b3a55,0x2b3a55,0x2b3a55,0x2b3a55,0x2b3a55,0x2b3a55,0x2b3a55,0x2b3a55,0x2b3a55,0x2b3a55,0x2b3a55,0x2b3a55,
    0x2b3a55,0x2b3a55,0x2b3a55,0x2b3a55,0x2b3a55,0x2b3a55,0x2b3a55,0x2b3a55,0x2b3a55,0x2b3a55,0x2b3a55,0x2b3a55,
    0x2b3a55,0x2b3a55,0x2b3a55,0x2b3a55,0x2b3a55,0x2b3a55,0x2b3a55,0x2b3a55,0x2b3a55,0x2b3a55,0x2b3a55,0x2b3a55,
    0x2b3a55,0x2b3a55,0x2b3a55,0x2b3a55,0x2b3a55,0x2b3a55,0x2b3a55,0x2b3a55,0x2b3a55,0x2b3a55,0x2b3a55,0x2b3a55,
    0x2b3a55,0x2b3a55,0x2b3a55,0x2b3a55,0x2b3a55,0x2b3a55,0x2b3a55,0x2b3a55,0x2b3a55,0x2b3a55,0x2b3a55,0x2b3a55,
    0x2b3a55,0x2b3a55,0x2b3a55,0x2b3a55,0x2b3a55,0x2b3a55,0x2b3a55,0x2b3a55,0x2b3a54,0x2b3953,0x2c3b57,0x2e3f5f,
    0x314368,0x32466c,0x32466c,0x32456b,0x32456b,0x32456b,0x32456b,0x32456b,0x32456b,0x32456b,0x32456b,0x32456b,
    0x32456b,0x32456b,0x32456b,0x32456b,
    0x2b3a55,0x2b3a55,0x2b3a55,0x2b3a55,0x2b3a55,0x2b3a55,0x2b3a55,0x2b3a55,0x2b3a55,0x2b3a55,0x2b3a55,0x2b3a55,
    0x2b3a55,0x2b3a55,0x2b3a55,0x2b3a55,0x2b3a55,0x2b3a55,0x2b3a55,0x2b3a55,0x2b3a55,0x2b3a55,0x2b3a55,0x2b3a55,
    0x2b3a55,0x2b3a55,0x2b3a55,0x2b3954,0x2f4060,0x32466c,0x32456b,0x32456b,0x32456b,0x32456b,0x32456b,0x32456b,
    0x32456b,0x32456b,0x32456b,0x32456b,0x32456b,0x32456b,0x32456b,0x32456b,0x32456b,0x32456b,0x32456b,0x32456b,
    0x32456b,0x32456b,0x32456b,0x32456b,0x32456b,0x32456b,0x32456b,0x32456b,0x32456b,0x32456b,0x32456b,0x32456b,
    0x32466c,0x314468,0x2c3b58,0x2b3954,0x2b3a55,0x2b3a55,0x2b3a55,0x2b3a55,0x2b3a55,0x2b3a55,0x2b3a55,0x2b3a55,
    0x2b3a55,0x2b3a55,0x2b3a55,0x2b3a55,0x2b3a55,0x2b3a55,0x2b3a55,0x2b3a55,0x2b3a55,0x2b3a55,0x2b3a55,0x2b3a55,
    0x2b3a55,0x2b3a55,0x2b3a55,0x2b3a55,0x2b3a55,0x2b3a55,0x2b3a55,0x2b3a55,0x2b3a55,0x2b3a55,0x2b3a55,0x2b3a55,
    0x2b3a55,0x2b3a55,0x2b3a55,0x2b3a55,0x2b3a55,0x2b3a55,0x2b3a55,0x2b3a55,0x2b3a55,0x2b3a55,0x2b3a55,0x2b3a55,
    0x2b3a56,0x2b3a55,0x2b3a55,0x2b3a55,0x2b3a55,0x2b3a55,0x2b3a55,0x2b3a55,0x2b3a55,0x2b3a55,0x2b3a55,0x2b3a55,
    0x2b3a55,0x2b3a55,0x2b3a55,0x2b3a55,0x2b3a55,0x2b3a55,0x2b3a55,0x2b3a55,0x2b3a55,0x2b3a55,0x2b3a55,0x2b3a55,
    0x2b3a55,0x2b3a55,0x2b3a55,0x2b3a55,0x2b3a55,0x2b3a55,0x2b3954,0x2b3954,0x2c3c59,0x2f4062,0x31456a,0x32466d,
    0x32456c,0x32456b,0x32456b,0x32456b,0x32456b,0x32456b,0x32456b,0x32456b,0x32456b,0x32456b,0x32456b,0x32456b,
    0x32456b,0x32456b,0x32456b,0x32456b,
    0x2b3a55,0x2b3a55,0x2b3a55,0x2b3a55,0x2b3a55,0x2b3a55,0x2b3a55,0x2b3a55,0x2b3a55,0x2b3a55,0x2b3a55,0x2b3a55,
    0x2b3a55,0x2b3a55,0x2b3a55,0x2b3a55,0x2b3a55,0x2b3a55,0x2b3a55,0x2b3a55,0x2b3a55,0x2b3a55,0x2b3a55,0x2b3a55,
    0x2b3a55,0x2b3a55,0x2b3954,0x2f4061,0x32466d,0x32456b,0x32456b,0x32456b,0x32456b,0x32456b,0x32456b,0x32456b,
    0x32456b,0x32456b,0x32456b,0x32456b,0x32456b,0x32456b,0x32456b,0x32456b,0x32456b,0x32456b,0x32456b,0x32456b,
    0x32456b,0x32456b,0x32456b,0x32456b,0x32456b,0x32456b,0x32456b,0x32456b,0x32456b,0x32456b,0x32456b,0x32456b,
    0x32456b,0x32466c,0x31446a,0x2d3c5a,0x2b3953,0x2b3a55,0x2b3a55,0x2b3a55,0x2b3a55,0x2b3a55,0x2b3a55,0x2b3a55,
    0x2b3a55,0x2b3a55,0x2b3a55,0x2b3a55,0x2b3a55,0x2b3a55,0x2b3a55,0x2b3a55,0x2b3a55,0x2b3a55,0x2b3a55,0x2b3a55,
    0x2b3a55,0x2b3a55,0x2b3a55,0x2b3a55,0x2b3a55,0x2b3a55,0x2b3a55,0x2b3a55,0x2b3a55,0x2b3a55,0x2b3a55,0x2b3a55,
    0x2b3a55,0x2b3a55,0x2b3a55,0x2b3a55,0x2b3a55,0x2b3a55,0x2b3a55,0x2b3a55,0x2b3a56,0x2a3954,0x2a3953,0x2b3a55,
    0x2a3852,0x2b3a54,0x2b3a56,0x2b3a55,0x2b3a55,0x2b3a55,0x2b3a55,0x2b3a55,0x2b3a55,0x2b3a55,0x2b3a55,0x2b3a55,
    0x2b3a55,0x2b3a55,0x2b3a55,0x2b3a55,0x2b3a55,0x2b3a55,0x2b3a55,0x2b3a55,0x2b3a55,0x2b3a55,0x2b3a55,0x2b3a55,
    0x2b3a55,0x2b3a55,0x2b3a55,0x2b3a55,0x2b3953,0x2b3a55,0x2d3d5b,0x304265,0x32456b,0x32466d,0x32456b,0x32456b,
    0x32456b,0x32456b,0x32456b,0x32456b,0x32456b,0x32456b,0x32456b,0x32456b,0x32456b,0x32456b,0x32456b,0x32456b,
    0x32456b,0x32456b,0x32456b,0x32456b,
    0x2b3a55,0x2b3a55,0x2b3a55,0x2b3a55,0x2b3a55,0x2b3a55,0x2b3a55,0x2b3a55,0x2b3a55,0x2b3a55,0x2b3a55,0x2b3a55,
    0x2b3a55,0x2b3a55,0x2b3a55,0x2b3a55,0x2b3a55,0x2b3a55,0x2b3a55,0x2b3a55,0x2b3a55,0x2b3a55,0x2b3a55,0x2b3a55,
    0x2b3a55,0x2b3a54,0x2f4163,0x32466d,0x32456b,0x32456b,0x32456b,0x32456b,0x32456b,0x32456b,0x32456b,0x32456b,
    0x32456b,0x32456b,0x32456b,0x32456b,0x32456b,0x32456b,0x32456b,0x32456b,0x32456b,0x32456b,0x32456b,0x32456b,
    0x32456b,0x32456b,0x32456b,0x32456b,0x32456b,0x32456b,0x32456b,0x32456b,0x32456b,0x32456b,0x32456b,0x32456b,
    0x32456b,0x32456b,0x32456c,0x32456b,0x2d3d5c,0x2b3953,0x2b3a55,0x2b3a55,0x2b3a55,0x2b3a55,0x2b3a55,0x2b3a55,
    0x2b3a55,0x2b3a55,0x2b3a55,0x2b3a55,0x2b3a55,0x2b3a55,0x2b3a55,0x2b3a55,0x2b3a55,0x2b3a55,0x2b3a55,0x2b3a55,
    0x2b3a55,0x2b3a55,0x2b3a55,0x2b3a55,0x2b3a55,0x2b3a55,0x2b3a55,0x2b3a55,0x2b3a55,0x2b3a55,0x2b3a55,0x2b3a55,
    0x2b3a55,0x2b3a55,0x2b3a55,0x2b3a55,0x2b3a55,0x2b3a55,0x2b3a56,0x2b3a54,0x2a3852,0x2d3c5a,0x364a70,0x3a4f79,
    0x324466,0x2c3b57,0x2a3852,0x2b3954,0x2b3a56,0x2b3a55,0x2b3a55,0x2b3a55,0x2b3a55,0x2b3a55,0x2b3a55,0x2b3a55,
    0x2b3a55,0x2b3a55,0x2b3a55,0x2b3a55,0x2b3a55,0x2b3a55,0x2b3a55,0x2b3a55,0x2b3a55,0x2b3a55,0x2b3a55,0x2b3a55,
    0x2b3a55,0x2b3a54,0x2b3953,0x2b3b56,0x2e3e5e,0x314367,0x32466c,0x32466c,0x32456b,0x32456b,0x32456b,0x32456b,
    0x32456b,0x32456b,0x32456b,0x32456b,0x32456b,0x32456b,0x32456b,0x32456b,0x32456b,0x32456b,0x32456b,0x32456b,
    0x32456b,0x32456b,0x32456b,0x32456b,
    0x2b3a55,0x2b3a55,0x2b3a55,0x2b3a55,0x2b3a55,0x2b3a55,0x2b3a55,0x2b3a55,0x2b3a55,0x2b3a55,0x2b3a55,0x2b3a55,
    0x2b3a55,0x2b3a55,0x2b3a55,0x2b3a55,0x2b3a55,0x2b3a55,0x2b3a55,0x2b3a55,0x2b3a55,0x2b3a55,0x2b3a55,0x2b3a55,
    0x2b3a55,0x304164,0x32466d,0x32456b,0x32456b,0x32456b,0x32456b,0x32456b,0x32456b,0x32456b,0x32456b,0x32456b,
    0x32456b,0x32456b,0x32456b,0x32456b,0x32456b,0x32456b,0x32456b,0x32456b,0x32456b,0x32456b,0x32456b,0x32456b,
    0x32456b,0x32456b,0x32456b,0x32456b,0x32456b,0x32456b,0x32456b,0x32456b,0x32456b,0x32456b,0x32456b,0x32456b,
    0x32456b,0x32456b,0x32456b,0x32456b,0x32456c,0x2e3e5e,0x2b3953,0x2b3a55,0x2b3a55,0x2b3a55,0x2b3a55,0x2b3a55,
    0x2b3a55,0x2b3a55,0x2b3a55,0x2b3a55,0x2b3a55,0x2b3a55,0x2b3a55,0x2b3a55,0x2b3a55,0x2b3a55,0x2b3a55,0x2b3a55,
    0x2b3a55,0x2b3a55,0x2b3a55,0x2b3a55,0x2b3a55,0x2b3a55,0x2b3a55,0x2b3a55,0x2b3a55,0x2b3a55,0x2b3a55,0x2b3a55,
    0x2b3a55,0x2b3a55,0x2b3a55,0x2b3a55,0x2b3a56,0x2b3a55,0x2a3852,0x2c3b57,0x34476b,0x3c527f,0x3e5583,0x3e5482,
    0x3e5583,0x3b517c,0x34466a,0x2c3c59,0x2a3852,0x2a3953,0x2b3a56,0x2b3a56,0x2b3a55,0x2b3a55,0x2b3a55,0x2b3a55,
    0x2b3a55,0x2b3a55,0x2b3a55,0x2b3a55,0x2b3a55,0x2b3a55,0x2b3a55,0x2b3a55,0x2b3a55,0x2b3a55,0x2b3a55,0x2b3954,
    0x2b3954,0x2c3c58,0x2f4061,0x314469,0x32466d,0x32456c,0x32456b,0x32456b,0x32456b,0x32456b,0x32456b,0x32456b,
    0x32456b,0x32456b,0x32456b,0x32456b,0x32456b,0x32456b,0x32456b,0x32456b,0x32456b,0x32456b,0x32456b,0x32456b,
    0x32456b,0x32456b,0x32456b,0x32456b,
    0x2b3a55,0x2b3a55,0x2b3a55,0x2b3a55,0x2b3a55,0x2b3a55,0x2b3a55,0x2b3a55,0x2b3a55,0x2b3a55,0x2b3a55,0x2b3a55,
    0x2b3a55,0x2b3a55,0x2b3a55,0x2b3a55,0x2b3a55,0x2b3a55,0x2b3a55,0x2b3a55,0x2b3a55,0x2b3a55,0x2b3a54,0x2b3a55,
    0x304265,0x32466d,0x32456b,0x32456b,0x32456b,0x32456b,0x32456b,0x32456b,0x32456b,0x32456b,0x32456b,0x32456b,
    0x32456b,0x32456b,0x32456b,0x32456b,0x32456b,0x32456b,0x32456b,0x32456b,0x32456b,0x32456b,0x32456b,0x32456b,
    0x32456b,0x32456b,0x32456b,0x32456b,0x32456b,0x32456b,0x32456b,0x32456b,0x32456b,0x32456b,0x32456b,0x32456b,
    0x32456b,0x32456b,0x32456b,0x32456b,0x32456b,0x32466c,0x2f3f60,0x2b3954,0x2b3a55,0x2b3a55,0x2b3a55,0x2b3a55,
    0x2b3a55,0x2b3a55,0x2b3a55,0x2b3a55,0x2b3a55,0x2b3a55,0x2b3a55,0x2b3a55,0x2b3a55,0x2b3a55,0x2b3a55,0x2b3a55,
    0x2b3a55,0x2b3a55,0x2b3a55,0x2b3a55,0x2b3a55,0x2b3a55,0x2b3a55,0x2b3a55,0x2b3a55,0x2b3a55,0x2b3a55,0x2b3a55,
    0x2b3a55,0x2b3a55,0x2b3a55,0x2b3a55,0x2a3852,0x2b3a55,0x324467,0x3b517c,0x3e5583,0x3d5380,0x3d537f,0x3d5380,
    0x3d537f,0x3d5481,0x3e5583,0x3c527e,0x35496e,0x2e3e5c,0x2a3853,0x2a3953,0x2b3a55,0x2b3a56,0x2b3a55,0x2b3a55,
    0x2b3a55,0x2b3a55,0x2b3a55,0x2b3a55,0x2b3a55,0x2b3a55,0x2b3a55,0x2b3a55,0x2b3a55,0x2b3953,0x2b3a55,0x2d3d5b,
    0x2f4164,0x32456b,0x32466d,0x32456c,0x32456b,0x32456b,0x32456b,0x32456b,0x32456b,0x32456b,0x32456b,0x32456b,
    0x32456b,0x32456b,0x32456b,0x32456b,0x32456b,0x32456b,0x32456b,0x32456b,0x32456b,0x32456b,0x32456b,0x32456b,
    0x32456b,0x32456b,0x32456b,0x32456b,
    0x2b3a55,0x2b3a55,0x2b3a55,0x2b3a55,0x2b3a55,0x2b3a55,0x2b3a55,0x2b3a55,0x2b3a55,0x2b3a55,0x2b3a55,0x2b3a55,
    0x2b3a55,0x2b3a55,0x2b3a55,0x2b3a55,0x2b3a55,0x2b3a55,0x2b3a55,0x2b3a55,0x2b3a55,0x2b3a54,0x2b3a56,0x304366,
    0x32466c,0x32456b,0x32456b,0x32456b,0x32456b,0x32456b,0x32456b,0x32456b,0x32456b,0x32456b,0x32456b,0x32456b,
    0x32456b,0x32456b,0x32456b,0x32456b,0x32456b,0x32456b,0x32456b,0x32456b,0x32456b,0x32456b,0x32456b,0x32456b,
    0x32456b,0x32456b,0x32456b,0x32456b,0x32456b,0x32456b,0x32456b,0x32456b,0x32456b,0x32456b,0x32456b,0x32456b,
    0x32456b,0x32456b,0x32456b,0x32456b,0x32456b,0x32456b,0x32466d,0x2f4162,0x2b3a54,0x2b3a55,0x2b3a55,0x2b3a55,
    0x2b3a55,0x2b3a55,0x2b3a55,0x2b3a55,0x2b3a55,0x2b3a55,0x2b3a55,0x2b3a55,0x2b3a55,0x2b3a55,0x2b3a55,0x2b3a55,
    0x2b3a55,0x2b3a55,0x2b3a55,0x2b3a55,0x2b3a55,0x2b3a55,0x2b3a55,0x2b3a55,0x2b3a55,0x2b3a55,0x2b3a55,0x2b3a55,
    0x2b3a55,0x2b3a56,0x2a3953,0x2a3954,0x314263,0x3a4f79,0x3e5583,0x3d5481,0x3d537f,0x3d5380,0x3d5380,0x3d5380,
    0x3d5380,0x3d5380,0x3d537f,0x3d5381,0x3e5583,0x3d5380,0x374b72,0x2f405f,0x2a3953,0x2a3852,0x2b3a55,0x2b3a56,
    0x2b3a55,0x2b3a55,0x2b3a55,0x2b3a55,0x2b3a55,0x2b3a55,0x2b3a54,0x2b3953,0x2b3a56,0x2e3e5d,0x304367,0x32466c,
    0x32466c,0x32456b,0x32456b,0x32456b,0x32456b,0x32456b,0x32456b,0x32456b,0x32456b,0x32456b,0x32456b,0x32456b,
    0x32456b,0x32456b,0x32456b,0x32456b,0x32456b,0x32456b,0x32456b,0x32456b,0x32456b,0x32456b,0x32456b,0x32456b,
    0x32456b,0x32456b,0x32456b,0x32456b,
    0x2b3a55,0x2b3a55,0x2b3a55,0x2b3a55,0x2b3a55,0x2b3a55,0x2b3a55,0x2b3a55,0x2b3a55,0x2b3a55,0x2b3a55,0x2b3a55,
    0x2b3a55,0x2b3a55,0x2b3a55,0x2b3a55,0x2b3a55,0x2b3a55,0x2b3a55,0x2b3a55,0x2b3954,0x2c3b56,0x304367,0x32466d,
    0x32456b,0x32456b,0x32456b,0x32456b,0x32456b,0x32456b,0x32456b,0x32456b,0x32456b,0x32456b,0x32456b,0x32456b,
    0x32456b,0x32456b,0x32456b,0x32456b,0x32456b,0x32456b,0x32456b,0x32456b,0x32456b,0x32456b,0x32456b,0x32456b,
    0x32456b,0x32456b,0x32456b,0x32456b,0x32456b,0x32456b,0x32456b,0x32456b,0x32456b,0x32456b,0x32456b,0x32456b,
    0x32456b,0x32456b,0x32456b,0x32456b,0x32456b,0x32456b,0x32456b,0x32466d,0x304264,0x2b3a55,0x2b3a54,0x2b3a55,
    0x2b3a55,0x2b3a55,0x2b3a55,0x2b3a55,0x2b3a55,0x2b3a55,0x2b3a55,0x2b3a55,0x2b3a55,0x2b3a55,0x2b3a55,0x2b3a55,
    0x2b3a55,0x2b3a55,0x2b3a55,0x2b3a55,0x2b3a55,0x2b3a55,0x2b3a55,0x2b3a55,0x2b3a55,0x2b3a55,0x2b3a55,0x2b3a56,
    0x2a3954,0x2a3852,0x2f405f,0x384d75,0x3e5583,0x3e5482,0x3d537f,0x3d5380,0x3d5380,0x3d5380,0x3d5380,0x3d5380,
    0x3d5380,0x3d5380,0x3d5380,0x3d5380,0x3d537f,0x3d5380,0x3e5583,0x3e5482,0x394d76,0x314263,0x2b3a55,0x2a3852,
    0x2b3a54,0x2b3a56,0x2b3a55,0x2b3a55,0x2b3954,0x2b3954,0x2c3b58,0x2e4060,0x314469,0x32466d,0x32466c,0x32456b,
    0x32456b,0x32456b,0x32456b,0x32456b,0x32456b,0x32456b,0x32456b,0x32456b,0x32456b,0x32456b,0x32456b,0x32456b,
    0x32456b,0x32456b,0x32456b,0x32456b,0x32456b,0x32456b,0x32456b,0x32456b,0x32456b,0x32456b,0x32456b,0x32456b,
    0x32456b,0x32456b,0x32456b,0x32456b,
    0x2b3a56,0x2b3a55,0x2b3a55,0x2b3a55,0x2b3a55,0x2b3a55,0x2b3a55,0x2b3a55,0x2b3a55,0x2b3a55,0x2b3a55,0x2b3a55,
    0x2b3a55,0x2b3a55,0x2b3a55,0x2b3a55,0x2b3a55,0x2b3a55,0x2b3a55,0x2b3954,0x2c3b57,0x314468,0x32466c,0x32456b,
    0x32456b,0x32456b,0x32456b,0x32456b,0x32456b,0x32456b,0x32456b,0x32456b,0x32456b,0x32456b,0x32456b,0x32456b,
    0x32456b,0x32456b,0x32456b,0x32456b,0x32456b,0x32456b,0x32456b,0x32456b,0x32456b,0x32456b,0x32456b,0x32456b,
    0x32456b,0x32456b,0x32456b,0x32456b,0x32456b,0x32456b,0x32456b,0x32456b,0x32456b,0x32456b,0x32456b,0x32456b,
    0x32456b,0x32456b,0x32456b,0x32456b,0x32456b,0x32456b,0x32456b,0x32456b,0x32466d,0x304367,0x2b3b56,0x2b3954,
    0x2b3a55,0x2b3a55,0x2b3a55,0x2b3a55,0x2b3a55,0x2b3a55,0x2b3a55,0x2b3a55,0x2b3a55,0x2b3a55,0x2b3a55,0x2b3a55,
    0x2b3a55,0x2b3a55,0x2b3a55,0x2b3a55,0x2b3a55,0x2b3a55,0x2b3a55,0x2b3a55,0x2b3a55,0x2b3a56,0x2b3954,0x2a3852,
    0x2d3e5b,0x374a71,0x3e5481,0x3e5482,0x3d537f,0x3d5380,0x3d5380,0x3d5380,0x3d5380,0x3d5380,0x3d5380,0x3d5380,
    0x3d5380,0x3d5380,0x3d5380,0x3d5380,0x3d5380,0x3d5380,0x3d537f,0x3d5380,0x3e5482,0x3e5583,0x3a4f79,0x324467,
    0x2c3b57,0x2a3852,0x2a3953,0x2b3a55,0x2d3d5a,0x2f4163,0x32456a,0x32466d,0x32456c,0x32456b,0x32456b,0x32456b,
    0x32456b,0x32456b,0x32456b,0x32456b,0x32456b,0x32456b,0x32456b,0x32456b,0x32456b,0x32456b,0x32456b,0x32456b,
    0x32456b,0x32456b,0x32456b,0x32456b,0x32456b,0x32456b,0x32456b,0x32456b,0x32456b,0x32456b,0x32456b,0x32456b,
    0x32456b,0x32456b,0x32456b,0x32456b,
    0x2a3852,0x2a3953,0x2b3a55,0x2b3a56,0x2b3a55,0x2b3a55,0x2b3a55,0x2b3a55,0x2b3a55,0x2b3a55,0x2b3a55,0x2b3a55,
    0x2b3a55,0x2b3a55,0x2b3a55,0x2b3a55,0x2b3a55,0x2b3a55,0x2b3954,0x2c3b58,0x314469,0x32466c,0x32456b,0x32456b,
    0x32456b,0x32456b,0x32456b,0x32456b,0x32456b,0x32456b,0x32456b,0x32456b,0x32456b,0x32456b,0x32456b,0x32456b,
    0x32456b,0x32456b,0x32456b,0x32456b,0x32456b,0x32456b,0x32456b,0x32456b,0x32456b,0x32456b,0x32456b,0x32456b,
    0x32456b,0x32456b,0x32456b,0x32456b,0x32456b,0x32456b,0x32456b,0x32456b,0x32456b,0x32456b,0x32456b,0x32456b,
    0x32456b,0x32456b,0x32456b,0x32456b,0x32456b,0x32456b,0x32456b,0x32456b,0x32456b,0x32466c,0x314468,0x2c3b58,
    0x2b3954,0x2b3a55,0x2b3a55,0x2b3a55,0x2b3a55,0x2b3a55,0x2b3a55,0x2b3a55,0x2b3a55,0x2b3a55,0x2b3a55,0x2b3a55,
    0x2b3a55,0x2b3a55,0x2b3a55,0x2b3a55,0x2b3a55,0x2b3a55,0x2b3a55,0x2b3a56,0x2b3a55,0x2a3852,0x2c3c58,0x35486d,
    0x3d5380,0x3e5583,0x3d5380,0x3d537f,0x3d5380,0x3d5380,0x3d5380,0x3d5380,0x3d5380,0x3d5380,0x3d5380,0x3d5380,
    0x3d5380,0x3d5380,0x3d5380,0x3d5380,0x3d5380,0x3d5380,0x3d5380,0x3d5380,0x3d537f,0x3d537f,0x3e5482,0x3e5583,
    0x3b517c,0x34466a,0x2e3f5e,0x2f4164,0x32456b,0x33466d,0x32456b,0x32456b,0x32456b,0x32456b,0x32456b,0x32456b,
    0x32456b,0x32456b,0x32456b,0x32456b,0x32456b,0x32456b,0x32456b,0x32456b,0x32456b,0x32456b,0x32456b,0x32456b,
    0x32456b,0x32456b,0x32456b,0x32456b,0x32456b,0x32456b,0x32456b,0x32456b,0x32456b,0x32456b,0x32456b,0x32456b,
    0x32456b,0x32456b,0x32456b,0x32456b,
    0x334669,0x2e3e5d,0x2b3954,0x2a3852,0x2a3953,0x2b3a55,0x2b3a56,0x2b3a55,0x2b3a55,0x2b3a55,0x2b3a55,0x2b3a55,
    0x2b3a55,0x2b3a55,0x2b3a55,0x2b3a55,0x2b3a55,0x2b3953,0x2d3c59,0x32446a,0x32466c,0x32456b,0x32456b,0x32456b,
    0x32456b,0x32456b,0x32456b,0x32456b,0x32456b,0x32456b,0x32456b,0x32456b,0x32456b,0x32456b,0x32456b,0x32456b,
    0x32456b,0x32456b,0x32456b,0x32456b,0x32456b,0x32456b,0x32456b,0x32456b,0x32456b,0x32456b,0x32456b,0x32456b,
    0x32456b,0x32456b,0x32456b,0x32456b,0x32456b,0x32456b,0x32456b,0x32456b,0x32456b,0x32456b,0x32456b,0x32456b,
    0x32456b,0x32456b,0x32456b,0x32456b,0x32456b,0x32456b,0x32456b,0x32456b,0x32456b,0x32456b,0x32466c,0x31446a,
    0x2d3c5a,0x2b3953,0x2b3a55,0x2b3a55,0x2b3a55,0x2b3a55,0x2b3a55,0x2b3a55,0x2b3a55,0x2b3a55,0x2b3a55,0x2b3a55,
    0x2b3a55,0x2b3a55,0x2b3a55,0x2b3a55,0x2b3a55,0x2b3a56,0x2b3a55,0x2a3852,0x2b3a56,0x334569,0x3c517e,0x3e5583,
    0x3d5380,0x3d537f,0x3d5380,0x3d5380,0x3d5380,0x3d5380,0x3d5380,0x3d5380,0x3d5380,0x3d5380,0x3d5380,0x3d5380,
    0x3d5380,0x3d5380,0x3d5380,0x3d5380,0x3d5380,0x3d5380,0x3d5380,0x3d5380,0x3d5380,0x3d5380,0x3d5380,0x3d537f,
    0x3e5481,0x3e5583,0x3d5380,0x394e79,0x34476e,0x314469,0x31446a,0x32456b,0x32456b,0x32456b,0x32456b,0x32456b,
    0x32456b,0x32456b,0x32456b,0x32456b,0x32456b,0x32456b,0x32456b,0x32456b,0x32456b,0x32456b,0x32456b,0x32456b,
    0x32456b,0x32456b,0x32456b,0x32456b,0x32456b,0x32456b,0x32456b,0x32456b,0x32456b,0x32456b,0x32456b,0x32456b,
    0x32456b,0x32456b,0x32456b,0x32456b,
    0x3e5583,0x3d5380,0x394e77,0x34466b,0x2e3f5e,0x2b3a55,0x2a3852,0x2a3953,0x2b3a55,0x2b3a56,0x2b3a56,0x2b3a55,
    0x2b3a55,0x2b3a55,0x2b3a55,0x2b3a55,0x2b3953,0x2d3c5a,0x32456b,0x32456c,0x32456b,0x32456b,0x32456b,0x32456b,
    0x32456b,0x32456b,0x32456b,0x32456b,0x32456b,0x32456b,0x32456b,0x32456b,0x32456b,0x32456b,0x32456b,0x32456b,
    0x32456b,0x32456b,0x32456b,0x32456b,0x32456b,0x32456b,0x32456b,0x32456b,0x32456b,0x32456b,0x32456b,0x32456b,
    0x32456b,0x32456b,0x32456b,0x32456b,0x32456b,0x32456b,0x32456b,0x32456b,0x32456b,0x32456b,0x32456b,0x32456b,
    0x32456b,0x32456b,0x32456b,0x32456b,0x32456b,0x32456b,0x32456b,0x32456b,0x32456b,0x32456b,0x32456b,0x32456c,
    0x32456b,0x2d3d5c,0x2b3953,0x2b3a55,0x2b3a55,0x2b3a55,0x2b3a55,0x2b3a55,0x2b3a55,0x2b3a55,0x2b3a55,0x2b3a55,
    0x2b3a55,0x2b3a55,0x2b3a55,0x2b3a55,0x2b3a55,0x2a3853,0x2b3954,0x324365,0x3b507b,0x3e5583,0x3d5481,0x3d537f,
    0x3d5380,0x3d5380,0x3d5380,0x3d5380,0x3d5380,0x3d5380,0x3d5380,0x3d5380,0x3d5380,0x3d5380,0x3d5380,0x3d5380,
    0x3d5380,0x3d5380,0x3d5380,0x3d5380,0x3d5380,0x3d5380,0x3d5380,0x3d5380,0x3d5380,0x3d5380,0x3d5380,0x3d5380,
    0x3d5380,0x3d537f,0x3d5380,0x3e5481,0x3d5380,0x394f79,0x344870,0x31446a,0x31446a,0x32456b,0x32456b,0x32456b,
    0x32456b,0x32456b,0x32456b,0x32456b,0x32456b,0x32456b,0x32456b,0x32456b,0x32456b,0x32456b,0x32456b,0x32456b,
    0x32456b,0x32456b,0x32456b,0x32456b,0x32456b,0x32456b,0x32456b,0x32456b,0x32456b,0x32456b,0x32456b,0x32456b,
    0x32456b,0x32456b,0x32456b,0x32456b,
    0x3d537f,0x3d5380,0x3e5482,0x3e5583,0x3d5481,0x3a4f79,0x35476c,0x2f405f,0x2b3a55,0x2a3852,0x2a3953,0x2b3a55,
    0x2b3a56,0x2b3a56,0x2b3a55,0x2b3953,0x2d3d5b,0x32456b,0x32456c,0x32456b,0x32456b,0x32456b,0x32456b,0x32456b,
    0x32456b,0x32456b,0x32456b,0x32456b,0x32456b,0x32456b,0x32456b,0x32456b,0x32456b,0x32456b,0x32456b,0x32456b,
    0x32456b,0x32456b,0x32456b,0x32456b,0x32456b,0x32456b,0x32456b,0x32456b,0x32456b,0x32456b,0x32456b,0x32456b,
    0x32456b,0x32456b,0x32456b,0x32456b,0x32456b,0x32456b,0x32456b,0x32456b,0x32456b,0x32456b,0x32456b,0x32456b,
    0x32456b,0x32456b,0x32456b,0x32456b,0x32456b,0x32456b,0x32456b,0x32456b,0x32456b,0x32456b,0x32456b,0x32456b,
    0x32456b,0x32456c,0x2e3e5e,0x2b3953,0x2b3a55,0x2b3a55,0x2b3a55,0x2b3a55,0x2b3a55,0x2b3a55,0x2b3a55,0x2b3a55,
    0x2b3a55,0x2b3a55,0x2b3a56,0x2a3953,0x2a3953,0x304161,0x394e77,0x3e5583,0x3e5481,0x3d537f,0x3d5380,0x3d5380,
    0x3d5380,0x3d5380,0x3d5380,0x3d5380,0x3d5380,0x3d5380,0x3d5380,0x3d5380,0x3d5380,0x3d5380,0x3d5380,0x3d5380,
    0x3d5380,0x3d5380,0x3d5380,0x3d5380,0x3d5380,0x3d5380,0x3d5380,0x3d5380,0x3d5380,0x3d5380,0x3d5380,0x3d5380,
    0x3d5380,0x3d5380,0x3d5380,0x3d5380,0x3d5380,0x3e5481,0x3d5481,0x3a507b,0x354972,0x32456b,0x31446a,0x32456b,
    0x32456b,0x32456b,0x32456b,0x32456b,0x32456b,0x32456b,0x32456b,0x32456b,0x32456b,0x32456b,0x32456b,0x32456b,
    0x32456b,0x32456b,0x32456b,0x32456b,0x32456b,0x32456b,0x32456b,0x32456b,0x32456b,0x32456b,0x32456b,0x32456b,
    0x32456b,0x32456b,0x32456b,0x32456b,
    0x3d5380,0x3d5380,0x3d5380,0x3d537f,0x3d5380,0x3e5482,0x3e5583,0x3e5481,0x3b4f7a,0x35486e,0x304060,0x2b3b56,
    0x2a3852,0x2a3953,0x2b3953,0x2e3e5d,0x32466c,0x32456c,0x32456b,0x32456b,0x32456b,0x32456b,0x32456b,0x32456b,
    0x32456b,0x32456b,0x32456b,0x32456b,0x32456b,0x32456b,0x32456b,0x32456b,0x32456b,0x32456b,0x32456b,0x32456b,
    0x32456b,0x32456b,0x32456b,0x32456b,0x32456b,0x32456b,0x32456b,0x32456b,0x32456b,0x32456b,0x32456b,0x32456b,
    0x32456b,0x32456b,0x32456b,0x32456b,0x32456b,0x32456b,0x32456b,0x32456b,0x32456b,0x32456b,0x32456b,0x32456b,
    0x32456b,0x32456b,0x32456b,0x32456b,0x32456b,0x32456b,0x32456b,0x32456b,0x32456b,0x32456b,0x32456b,0x32456b,
    0x32456b,0x32456b,0x32466c,0x2f3f60,0x2b3954,0x2b3a55,0x2b3a55,0x2b3a55,0x2b3a55,0x2b3a55,0x2b3a55,0x2b3a55,
    0x2b3a56,0x2a3954,0x2a3852,0x2e3e5d,0x384c73,0x3e5482,0x3e5482,0x3d537f,0x3d5380,0x3d5380,0x3d5380,0x3d5380,
    0x3d5380,0x3d5380,0x3d5380,0x3d5380,0x3d5380,0x3d5380,0x3d5380,0x3d5380,0x3d5380,0x3d5380,0x3d5380,0x3d5380,
    0x3d5380,0x3d5380,0x3d5380,0x3d5380,0x3d5380,0x3d5380,0x3d5380,0x3d5380,0x3d5380,0x3d5380,0x3d5380,0x3d5380,
    0x3d5380,0x3d5380,0x3d5380,0x3d5380,0x3d5380,0x3d5380,0x3d5380,0x3e5481,0x3e5481,0x3b517d,0x364b74,0x32456c,
    0x314469,0x32456a,0x32456b,0x32456b,0x32456b,0x32456b,0x32456b,0x32456b,0x32456b,0x32456b,0x32456b,0x32456b,
    0x32456b,0x32456b,0x32456b,0x32456b,0x32456b,0x32456b,0x32456b,0x32456b,0x32456b,0x32456b,0x32456b,0x32456b,
    0x32456b,0x32456b,0x32456b,0x32456b,
    0x3d5380,0x3d5380,0x3d5380,0x3d5380,0x3d5380,0x3d5380,0x3d537f,0x3d5380,0x3e5481,0x3e5583,0x3e5482,0x3b507b,
    0x36496f,0x304161,0x2e3f5f,0x32456b,0x31446a,0x32456a,0x32456b,0x32456b,0x32456b,0x32456b,0x32456b,0x32456b,
    0x32456b,0x32456b,0x32456b,0x32456b,0x32456b,0x32456b,0x32456b,0x32456b,0x32456b,0x32456b,0x32456b,0x32456b,
    0x32456b,0x32456b,0x32456b,0x32456b,0x32456b,0x32456b,0x32456b,0x32456b,0x32456b,0x32456b,0x32456b,0x32456b,
    0x32456b,0x32456b,0x32456b,0x32456b,0x32456b,0x32456b,0x32456b,0x32456b,0x32456b,0x32456b,0x32456b,0x32456b,
    0x32456b,0x32456b,0x32456b,0x32456b,0x32456b,0x32456b,0x32456b,0x32456b,0x32456b,0x32456b,0x32456b,0x32456b,
    0x32456b,0x32456b,0x32456b,0x32466d,0x2f4062,0x2b3a54,0x2b3a55,0x2b3a55,0x2b3a55,0x2b3a55,0x2b3a56,0x2b3a54,
    0x2a3852,0x2d3d5a,0x36496f,0x3d5381,0x3e5582,0x3d5380,0x3d5380,0x3d5380,0x3d5380,0x3d5380,0x3d5380,0x3d5380,
    0x3d5380,0x3d5380,0x3d5380,0x3d5380,0x3d5380,0x3d5380,0x3d5380,0x3d5380,0x3d5380,0x3d5380,0x3d5380,0x3d5380,
    0x3d5380,0x3d5380,0x3d5380,0x3d5380,0x3d5380,0x3d5380,0x3d5380,0x3d5380,0x3d5380,0x3d5380,0x3d5380,0x3d5380,
    0x3d5380,0x3d5380,0x3d5380,0x3d5380,0x3d5380,0x3d5380,0x3d5380,0x3d5380,0x3d5380,0x3d5481,0x3e5481,0x3c527e,
    0x374c75,0x33466d,0x314469,0x32446a,0x32456b,0x32456b,0x32456b,0x32456b,0x32456b,0x32456b,0x32456b,0x32456b,
    0x32456b,0x32456b,0x32456b,0x32456b,0x32456b,0x32456b,0x32456b,0x32456b,0x32456b,0x32456b,0x32456b,0x32456b,
    0x32456b,0x32456b,0x32456b,0x32456b,
    0x3d5380,0x3d5380,0x3d5380,0x3d5380,0x3d5380,0x3d5380,0x3d5380,0x3d5380,0x3d5380,0x3d537f,0x3d5380,0x3e5481,
    0x3e5583,0x3e5482,0x3c527f,0x394e78,0x354a71,0x33466c,0x31446a,0x31446a,0x32456b,0x32456b,0x32456b,0x32456b,
    0x32456b,0x32456b,0x32456b,0x32456b,0x32456b,0x32456b,0x32456b,0x32456b,0x32456b,0x32456b,0x32456b,0x32456b,
    0x32456b,0x32456b,0x32456b,0x32456b,0x32456b,0x32456b,0x32456b,0x32456b,0x32456b,0x32456b,0x32456b,0x32456b,
    0x32456b,0x32456b,0x32456b,0x32456b,0x32456b,0x32456b,0x32456b,0x32456b,0x32456b,0x32456b,0x32456b,0x32456b,
    0x32456b,0x32456b,0x32456b,0x32456b,0x32456b,0x32456b,0x32456b,0x32456b,0x32456b,0x32456b,0x32456b,0x32456b,
    0x32456b,0x32456b,0x32456b,0x32456b,0x32466d,0x304265,0x2b3a55,0x2b3a54,0x2b3a56,0x2b3a55,0x2a3852,0x2c3b57,
    0x34476b,0x3c527f,0x3e5583,0x3d5380,0x3d537f,0x3d5380,0x3d5380,0x3d5380,0x3d5380,0x3d5380,0x3d5380,0x3d5380,
    0x3d5380,0x3d5380,0x3d5380,0x3d5380,0x3d5380,0x3d5380,0x3d5380,0x3d5380,0x3d5380,0x3d5380,0x3d5380,0x3d5380,
    0x3d5380,0x3d5380,0x3d5380,0x3d5380,0x3d5380,0x3d5380,0x3d5380,0x3d5380,0x3d5380,0x3d5380,0x3d5380,0x3d5380,
    0x3d5380,0x3d5380,0x3d5380,0x3d5380,0x3d5380,0x3d5380,0x3d5380,0x3d5380,0x3d5380,0x3d5380,0x3d5380,0x3d5381,
    0x3e5482,0x3d527f,0x384d77,0x34476e,0x31446a,0x31446a,0x32456b,0x32456b,0x32456b,0x32456b,0x32456b,0x32456b,
    0x32456b,0x32456b,0x32456b,0x32456b,0x32456b,0x32456b,0x32456b,0x32456b,0x32456b,0x32456b,0x32456b,0x32456b,
    0x32456b,0x32456b,0x32456b,0x32456b,
    0x3d5380,0x3d5380,0x3d5380,0x3d5380,0x3d5380,0x3d5380,0x3d5380,0x3d5380,0x3d5380,0x3d5380,0x3d5380,0x3d5380,
    0x3d537f,0x3d5380,0x3d5380,0x3e5481,0x3e5481,0x3c527f,0x3a4e79,0x364a73,0x33466d,0x31446a,0x31446a,0x32456a,
    0x32456b,0x32456b,0x32456b,0x32456b,0x32456b,0x32456b,0x32456b,0x32456b,0x32456b,0x32456b,0x32456b,0x32456b,
    0x32456b,0x32456b,0x32456b,0x32456b,0x32456b,0x32456b,0x32456b,0x32456b,0x32456b,0x32456b,0x32456b,0x32456b,
    0x32456b,0x32456b,0x32456b,0x32456b,0x32456b,0x32456b,0x32456b,0x32456b,0x32456b,0x32456b,0x32456b,0x32456b,
    0x32456b,0x32456b,0x32456b,0x32456b,0x32456b,0x32456b,0x32456b,0x32456b,0x32456b,0x32456b,0x32456b,0x32456b,
    0x32456b,0x32456b,0x32456b,0x32456b,0x32456b,0x32466d,0x304367,0x2c3b57,0x2a3852,0x2b3a55,0x324467,0x3b517c,
    0x3e5583,0x3d5380,0x3d537f,0x3d5380,0x3d5380,0x3d5380,0x3d5380,0x3d5380,0x3d5380,0x3d5380,0x3d5380,0x3d5380,
    0x3d5380,0x3d5380,0x3d5380,0x3d5380,0x3d5380,0x3d5380,0x3d5380,0x3d5380,0x3d5380,0x3d5380,0x3d5380,0x3d5380,
    0x3d5380,0x3d5380,0x3d5380,0x3d5380,0x3d5380,0x3d5380,0x3d5380,0x3d5380,0x3d5380,0x3d5380,0x3d5380,0x3d5380,
    0x3d5380,0x3d5380,0x3d5380,0x3d5380,0x3d5380,0x3d5380,0x3d5380,0x3d5380,0x3d5380,0x3d5380,0x3d5380,0x3d5380,
    0x3d5380,0x3d5380,0x3e5482,0x3d5380,0x394e79,0x354870,0x32446a,0x31446a,0x32456b,0x32456b,0x32456b,0x32456b,
    0x32456b,0x32456b,0x32456b,0x32456b,0x32456b,0x32456b,0x32456b,0x32456b,0x32456b,0x32456b,0x32456b,0x32456b,
    0x32456b,0x32456b,0x32456b,0x32456b,
    0x3d5380,0x3d5380,0x3d5380,0x3d5380,0x3d5380,0x3d5380,0x3d5380,0x3d5380,0x3d5380,0x3d5380,0x3d5380,0x3d5380,
    0x3d5380,0x3d5380,0x3d5380,0x3d5380,0x3d5380,0x3d5380,0x3e5481,0x3e5481,0x3d527f,0x3a4f7a,0x364a73,0x33476d,
    0x31446a,0x314469,0x32456a,0x32456b,0x32456b,0x32456b,0x32456b,0x32456b,0x32456b,0x32456b,0x32456b,0x32456b,
    0x32456b,0x32456b,0x32456b,0x32456b,0x32456b,0x32456b,0x32456b,0x32456b,0x32456b,0x32456b,0x32456b,0x32456b,
    0x32456b,0x32456b,0x32456b,0x32456b,0x32456b,0x32456b,0x32456b,0x32456b,0x32456b,0x32456b,0x32456b,0x32456b,
    0x32456b,0x32456b,0x32456b,0x32456b,0x32456b,0x32456b,0x32456b,0x32456b,0x32456b,0x32456b,0x32456b,0x32456b,
    0x32456b,0x32456b,0x32456b,0x32456b,0x32456b,0x32456b,0x32456c,0x314367,0x314264,0x3a4f79,0x3e5583,0x3e5481,
    0x3d537f,0x3d5380,0x3d5380,0x3d5380,0x3d5380,0x3d5380,0x3d5380,0x3d5380,0x3d5380,0x3d5380,0x3d5380,0x3d5380,
    0x3d5380,0x3d5380,0x3d5380,0x3d5380,0x3d5380,0x3d5380,0x3d5380,0x3d5380,0x3d5380,0x3d5380,0x3d5380,0x3d5380,
    0x3d5380,0x3d5380,0x3d5380,0x3d5380,0x3d5380,0x3d5380,0x3d5380,0x3d5380,0x3d5380,0x3d5380,0x3d5380,0x3d5380,
    0x3d5380,0x3d5380,0x3d5380,0x3d5380,0x3d5380,0x3d5380,0x3d5380,0x3d5380,0x3d5380,0x3d5380,0x3d5380,0x3d5380,
    0x3d5380,0x3d5380,0x3d5380,0x3d5380,0x3e5481,0x3d5481,0x3a507b,0x364972,0x32456b,0x314469,0x32456b,0x32456b,
    0x32456b,0x32456b,0x32456b,0x32456b,0x32456b,0x32456b,0x32456b,0x32456b,0x32456b,0x32456b,0x32456b,0x32456b,
    0x32456b,0x32456b,0x32456b,0x32456b,
    0x3d5380,0x3d5380,0x3d5380,0x3d5380,0x3d5380,0x3d5380,0x3d5380,0x3d5380,0x3d5380,0x3d5380,0x3d5380,0x3d5380,
    0x3d5380,0x3d5380,0x3d5380,0x3d5380,0x3d5380,0x3d5380,0x3d5380,0x3d5380,0x3d5380,0x3e5481,0x3e5481,0x3d537f,
    0x3a4f7b,0x374b74,0x33476e,0x32456a,0x314469,0x32446a,0x32456b,0x32456b,0x32456b,0x32456b,0x32456b,0x32456b,
    0x32456b,0x32456b,0x32456b,0x32456b,0x32456b,0x32456b,0x32456b,0x32456b,0x32456b,0x32456b,0x32456b,0x32456b,
    0x32456b,0x32456b,0x32456b,0x32456b,0x32456b,0x32456b,0x32456b,0x32456b,0x32456b,0x32456b,0x32456b,0x32456b,
    0x32456b,0x32456b,0x32456b,0x32456b,0x32456b,0x32456b,0x32456b,0x32456b,0x32456b,0x32456b,0x32456b,0x32456b,
    0x32456b,0x32456b,0x32456b,0x32456b,0x32446a,0x31446a,0x34486f,0x3a507b,0x3e5483,0x3e5482,0x3d537f,0x3d5380,
    0x3d5380,0x3d5380,0x3d5380,0x3d5380,0x3d5380,0x3d5380,0x3d5380,0x3d5380,0x3d5380,0x3d5380,0x3d5380,0x3d5380,
    0x3d5380,0x3d5380,0x3d5380,0x3d5380,0x3d5380,0x3d5380,0x3d5380,0x3d5380,0x3d5380,0x3d5380,0x3d5380,0x3d5380,
    0x3d5380,0x3d5380,0x3d5380,0x3d5380,0x3d5380,0x3d5380,0x3d5380,0x3d5380,0x3d5380,0x3d5380,0x3d5380,0x3d5380,
    0x3d5380,0x3d5380,0x3d5380,0x3d5380,0x3d5380,0x3d5380,0x3d5380,0x3d5380,0x3d5380,0x3d5380,0x3d5380,0x3d5380,
    0x3d5380,0x3d5380,0x3d5380,0x3d5380,0x3d5380,0x3d5380,0x3e5481,0x3e5481,0x3b517c,0x364b74,0x32456c,0x314469,
    0x32456a,0x32456b,0x32456b,0x32456b,0x32456b,0x32456b,0x32456b,0x32456b,0x32456b,0x32456b,0x32456b,0x32456b,
    0x32456b,0x32456b,0x32456b,0x32456b,
    0x3d5380,0x3d5380,0x3d5380,0x3d5380,0x3d5380,0x3d5380,0x3d5380,0x3d5380,0x3d5380,0x3d5380,0x3d5380,0x3d5380,
    0x3d5380,0x3d5380,0x3d5380,0x3d5380,0x3d5380,0x3d5380,0x3d5380,0x3d5380,0x3d5380,0x3d5380,0x3d5380,0x3d5380,
    0x3e5481,0x3e5481,0x3d5380,0x3a507b,0x374b75,0x34476f,0x32456b,0x314469,0x32446a,0x32456b,0x32456b,0x32456b,
    0x32456b,0x32456b,0x32456b,0x32456b,0x32456b,0x32456b,0x32456b,0x32456b,0x32456b,0x32456b,0x32456b,0x32456b,
    0x32456b,0x32456b,0x32456b,0x32456b,0x32456b,0x32456b,0x32456b,0x32456b,0x32456b,0x32456b,0x32456b,0x32456b,
    0x32456b,0x32456b,0x32456b,0x32456b,0x32456b,0x32456b,0x32456b,0x32456b,0x32456b,0x32456b,0x32456b,0x32456b,
    0x32456b,0x32456b,0x32456b,0x314469,0x33476e,0x394e79,0x3d5481,0x3e5481,0x3d537f,0x3d5380,0x3d5380,0x3d5380,
    0x3d5380,0x3d5380,0x3d5380,0x3d5380,0x3d5380,0x3d5380,0x3d5380,0x3d5380,0x3d5380,0x3d5380,0x3d5380,0x3d5380,
    0x3d5380,0x3d5380,0x3d5380,0x3d5380,0x3d5380,0x3d5380,0x3d5380,0x3d5380,0x3d5380,0x3d5380,0x3d5380,0x3d5380,
    0x3d5380,0x3d5380,0x3d5380,0x3d5380,0x3d5380,0x3d5380,0x3d5380,0x3d5380,0x3d5380,0x3d5380,0x3d5380,0x3d5380,
    0x3d5380,0x3d5380,0x3d5380,0x3d5380,0x3d5380,0x3d5380,0x3d5380,0x3d5380,0x3d5380,0x3d5380,0x3d5380,0x3d5380,
    0x3d5380,0x3d5380,0x3d5380,0x3d5380,0x3d5380,0x3d5380,0x3d5380,0x3d5380,0x3d5481,0x3e5482,0x3c527e,0x374c75,
    0x33466d,0x31446a,0x32446a,0x32456b,0x32456b,0x32456b,0x32456b,0x32456b,0x32456b,0x32456b,0x32456b,0x32456b,
    0x32456b,0x32456b,0x32456b,0x32456b,
    0x3d5380,0x3d5380,0x3d5380,0x3d5380,0x3d5380,0x3d5380,0x3d5380,0x3d5380,0x3d5380,0x3d5380,0x3d5380,0x3d5380,
    0x3d5380,0x3d5380,0x3d5380,0x3d5380,0x3d5380,0x3d5380,0x3d5380,0x3d5380,0x3d5380,0x3d5380,0x3d5380,0x3d5380,
    0x3d5380,0x3d5380,0x3d5380,0x3e5481,0x3e5482,0x3d5380,0x3b507c,0x374c76,0x34486f,0x32456b,0x314469,0x31446a,
    0x32456b,0x32456b,0x32456b,0x32456b,0x32456b,0x32456b,0x32456b,0x32456b,0x32456b,0x32456b,0x32456b,0x32456b,
    0x32456b,0x32456b,0x32456b,0x32456b,0x32456b,0x32456b,0x32456b,0x32456b,0x32456b,0x32456b,0x32456b,0x32456b,
    0x32456b,0x32456b,0x32456b,0x32456b,0x32456b,0x32456b,0x32456b,0x32456b,0x32456b,0x32456b,0x32456b,0x32456b,
    0x32456b,0x314469,0x33466d,0x384d77,0x3d5380,0x3e5481,0x3d5380,0x3d5380,0x3d5380,0x3d5380,0x3d5380,0x3d5380,
    0x3d5380,0x3d5380,0x3d5380,0x3d5380,0x3d5380,0x3d5380,0x3d5380,0x3d5380,0x3d5380,0x3d5380,0x3d5380,0x3d5380,
    0x3d5380,0x3d5380,0x3d5380,0x3d5380,0x3d5380,0x3d5380,0x3d5380,0x3d5380,0x3d5380,0x3d5380,0x3d5380,0x3d5380,
    0x3d5380,0x3d5380,0x3d5380,0x3d5380,0x3d5380,0x3d5380,0x3d5380,0x3d5380,0x3d5380,0x3d5380,0x3d5380,0x3d5380,
    0x3d5380,0x3d5380,0x3d5380,0x3d5380,0x3d5380,0x3d5380,0x3d5380,0x3d5380,0x3d5380,0x3d5380,0x3d5380,0x3d5380,
    0x3d5380,0x3d5380,0x3d5380,0x3d5380,0x3d5380,0x3d5380,0x3d5380,0x3d5380,0x3d5380,0x3d5380,0x3d5381,0x3e5482,
    0x3c527f,0x384d78,0x34476e,0x31446a,0x31446a,0x32456b,0x32456b,0x32456b,0x32456b,0x32456b,0x32456b,0x32456b,
    0x32456b,0x32456b,0x32456b,0x32456b,
    0x3d5380,0x3d5380,0x3d5380,0x3d5380,0x3d5380,0x3d5380,0x3d5380,0x3d5380,0x3d5380,0x3d5380,0x3d5380,0x3d5380,
    0x3d5380,0x3d5380,0x3d5380,0x3d5380,0x3d5380,0x3d5380,0x3d5380,0x3d5380,0x3d5380,0x3d5380,0x3d5380,0x3d5380,
    0x3d5380,0x3d5380,0x3d5380,0x3d5380,0x3d5380,0x3d5380,0x3e5481,0x3e5482,0x3d5380,0x3b517d,0x384d76,0x344870,
    0x32456b,0x314469,0x31446a,0x32456b,0x32456b,0x32456b,0x32456b,0x32456b,0x32456b,0x32456b,0x32456b,0x32456b,
    0x32456b,0x32456b,0x32456b,0x32456b,0x32456b,0x32456b,0x32456b,0x32456b,0x32456b,0x32456b,0x32456b,0x32456b,
    0x32456b,0x32456b,0x32456b,0x32456b,0x32456b,0x32456b,0x32456b,0x32456b,0x32456b,0x32456b,0x32456b,0x314469,
    0x32456b,0x374b75,0x3c527f,0x3e5482,0x3d5380,0x3d5380,0x3d5380,0x3d5380,0x3d5380,0x3d5380,0x3d5380,0x3d5380,
    0x3d5380,0x3d5380,0x3d5380,0x3d5380,0x3d5380,0x3d5380,0x3d5380,0x3d5380,0x3d5380,0x3d5380,0x3d5380,0x3d5380,
    0x3d5380,0x3d5380,0x3d5380,0x3d5380,0x3d5380,0x3d5380,0x3d5380,0x3d5380,0x3d5380,0x3d5380,0x3d5380,0x3d5380,
    0x3d5380,0x3d5380,0x3d5380,0x3d5380,0x3d5380,0x3d5380,0x3d5380,0x3d5380,0x3d5380,0x3d5380,0x3d5380,0x3d5380,
    0x3d5380,0x3d5380,0x3d5380,0x3d5380,0x3d5380,0x3d5380,0x3d5380,0x3d5380,0x3d5380,0x3d5380,0x3d5380,0x3d5380,
    0x3d5380,0x3d5380,0x3d5380,0x3d5380,0x3d5380,0x3d5380,0x3d5380,0x3d5380,0x3d5380,0x3d5380,0x3d5380,0x3d5380,
    0x3d5380,0x3e5482,0x3d5380,0x394f79,0x344870,0x31446a,0x31446a,0x32456b,0x32456b,0x32456b,0x32456b,0x32456b,
    0x32456b,0x32456b,0x32456b,0x32456b,
    0x3d5380,0x3d5380,0x3d5380,0x3d5380,0x3d5380,0x3d5380,0x3d5380,0x3d5380,0x3d5380,0x3d5380,0x3d5380,0x3d5380,
    0x3d5380,0x3d5380,0x3d5380,0x3d5380,0x3d5380,0x3d5380,0x3d5380,0x3d5380,0x3d5380,0x3d5380,0x3d5380,0x3d5380,
    0x3d5380,0x3d5380,0x3d5380,0x3d5380,0x3d5380,0x3d5380,0x3d5380,0x3d5380,0x3d5380,0x3d5481,0x3e5482,0x3d5381,
    0x3c517d,0x384d77,0x354970,0x32456b,0x31446a,0x31446a,0x32456b,0x32456b,0x32456b,0x32456b,0x32456b,0x32456b,
    0x32456b,0x32456b,0x32456b,0x32456b,0x32456b,0x32456b,0x32456b,0x32456b,0x32456b,0x32456b,0x32456b,0x32456b,
    0x32456b,0x32456b,0x32456b,0x32456b,0x32456b,0x32456b,0x32456b,0x32456b,0x32456b,0x31446a,0x32446b,0x364a73,
    0x3c517d,0x3e5482,0x3d5380,0x3d5380,0x3d5380,0x3d5380,0x3d5380,0x3d5380,0x3d5380,0x3d5380,0x3d5380,0x3d5380,
    0x3d5380,0x3d5380,0x3d5380,0x3d5380,0x3d5380,0x3d5380,0x3d5380,0x3d5380,0x3d5380,0x3d5380,0x3d5380,0x3d5380,
    0x3d5380,0x3d5380,0x3d5380,0x3d5380,0x3d5380,0x3d5380,0x3d5380,0x3d5380,0x3d5380,0x3d5380,0x3d5380,0x3d5380,
    0x3d5380,0x3d5380,0x3d5380,0x3d5380,0x3d5380,0x3d5380,0x3d5380,0x3d5380,0x3d5380,0x3d5380,0x3d5380,0x3d5380,
    0x3d5380,0x3d5380,0x3d5380,0x3d5380,0x3d5380,0x3d5380,0x3d5380,0x3d5380,0x3d5380,0x3d5380,0x3d5380,0x3d5380,
    0x3d5380,0x3d5380,0x3d5380,0x3d5380,0x3d5380,0x3d5380,0x3d5380,0x3d5380,0x3d5380,0x3d5380,0x3d5380,0x3d5380,
    0x3d5380,0x3d5380,0x3d5380,0x3e5481,0x3d5481,0x3a507b,0x354972,0x32456b,0x31446a,0x32456b,0x32456b,0x32456b,
    0x32456b,0x32456b,0x32456b,0x32456b,
    0x3d5380,0x3d5380,0x3d5380,0x3d5380,0x3d5380,0x3d5380,0x3d5380,0x3d5380,0x3d5380,0x3d5380,0x3d5380,0x3d5380,
    0x3d5380,0x3d5380,0x3d5380,0x3d5380,0x3d5380,0x3d5380,0x3d5380,0x3d5380,0x3d5380,0x3d5380,0x3d5380,0x3d5380,
    0x3d5380,0x3d5380,0x3d5380,0x3d5380,0x3d5380,0x3d5380,0x3d5380,0x3d5380,0x3d5380,0x3d5380,0x3d5380,0x3d5380,
    0x3d5381,0x3e5482,0x3d5481,0x3c517e,0x394d78,0x354971,0x32466c,0x31446a,0x31446a,0x32456b,0x32456b,0x32456b,
    0x32456b,0x32456b,0x32456b,0x32456b,0x32456b,0x32456b,0x32456b,0x32456b,0x32456b,0x32456b,0x32456b,0x32456b,
    0x32456b,0x32456b,0x32456b,0x32456b,0x32456b,0x32456b,0x32456b,0x31446a,0x31446a,0x354971,0x3b507c,0x3e5481,
    0x3d5381,0x3d5380,0x3d5380,0x3d5380,0x3d5380,0x3d5380,0x3d5380,0x3d5380,0x3d5380,0x3d5380,0x3d5380,0x3d5380,
    0x3d5380,0x3d5380,0x3d5380,0x3d5380,0x3d5380,0x3d5380,0x3d5380,0x3d5380,0x3d5380,0x3d5380,0x3d5380,0x3d5380,
    0x3d5380,0x3d5380,0x3d5380,0x3d5380,0x3d5380,0x3d5380,0x3d5380,0x3d5380,0x3d5380,0x3d5380,0x3d5380,0x3d5380,
    0x3d5380,0x3d5380,0x3d5380,0x3d5380,0x3d5380,0x3d5380,0x3d5380,0x3d5380,0x3d5380,0x3d5380,0x3d5380,0x3d5380,
    0x3d5380,0x3d5380,0x3d5380,0x3d5380,0x3d5380,0x3d5380,0x3d5380,0x3d5380,0x3d5380,0x3d5380,0x3d5380,0x3d5380,
    0x3d5380,0x3d5380,0x3d5380,0x3d5380,0x3d5380,0x3d5380,0x3d5380,0x3d5380,0x3d5380,0x3d5380,0x3d5380,0x3d5380,
    0x3d5380,0x3d5380,0x3d5380,0x3d5380,0x3d5380,0x3e5481,0x3e5481,0x3b517d,0x364b74,0x32456c,0x314469,0x32456a,
    0x32456b,0x32456b,0x32456b,0x32456b,
    0x3d5380,0x3d5380,0x3d5380,0x3d5380,0x3d5380,0x3d5380,0x3d5380,0x3d5380,0x3d5380,0x3d5380,0x3d5380,0x3d5380,
    0x3d5380,0x3d5380,0x3d5380,0x3d5380,0x3d5380,0x3d5380,0x3d5380,0x3d5380,0x3d5380,0x3d5380,0x3d5380,0x3d5380,
    0x3d5380,0x3d5380,0x3d5380,0x3d5380,0x3d5380,0x3d5380,0x3d5380,0x3d5380,0x3d5380,0x3d5380,0x3d5380,0x3d5380,
    0x3d5380,0x3d5380,0x3d5380,0x3d5381,0x3e5481,0x3e5481,0x3c527e,0x394e79,0x354972,0x33466c,0x31446a,0x31446a,
    0x32456b,0x32456b,0x32456b,0x32456b,0x32456b,0x32456b,0x32456b,0x32456b,0x32456b,0x32456b,0x32456b,0x32456b,
    0x32456b,0x32456b,0x32456b,0x32456b,0x32456b,0x32456a,0x31446a,0x34476f,0x3a4f7a,0x3d5481,0x3e5481,0x3d5380,
    0x3d5380,0x3d5380,0x3d5380,0x3d5380,0x3d5380,0x3d5380,0x3d5380,0x3d5380,0x3d5380,0x3d5380,0x3d5380,0x3d5380,
    0x3d5380,0x3d5380,0x3d5380,0x3d5380,0x3d5380,0x3d5380,0x3d5380,0x3d5380,0x3d5380,0x3d5380,0x3d5380,0x3d5380,
    0x3d5380,0x3d5380,0x3d5380,0x3d5380,0x3d5380,0x3d5380,0x3d5380,0x3d5380,0x3d5380,0x3d5380,0x3d5380,0x3d5380,
    0x3d5380,0x3d5380,0x3d5380,0x3d5380,0x3d5380,0x3d5380,0x3d5380,0x3d5380,0x3d5380,0x3d5380,0x3d5380,0x3d5380,
    0x3d5380,0x3d5380,0x3d5380,0x3d5380,0x3d5380,0x3d5380,0x3d5380,0x3d5380,0x3d5380,0x3d5380,0x3d5380,0x3d5380,
    0x3d5380,0x3d5380,0x3d5380,0x3d5380,0x3d5380,0x3d5380,0x3d5380,0x3d5380,0x3d5380,0x3d5380,0x3d5380,0x3d5380,
    0x3d5380,0x3d5380,0x3d5380,0x3d5380,0x3d5380,0x3d5380,0x3d5380,0x3d5481,0x3e5481,0x3c527e,0x374c75,0x33466d,
    0x314469,0x32446a,0x32456b,0x32456b,
    0x3d5380,0x3d5380,0x3d5380,0x3d5380,0x3d5380,0x3d5380,0x3d5380,0x3d5380,0x3d5380,0x3d5380,0x3d5380,0x3d5380,
    0x3d5380,0x3d5380,0x3d5380,0x3d5380,0x3d5380,0x3d5380,0x3d5380,0x3d5380,0x3d5380,0x3d5380,0x3d5380,0x3d5380,
    0x3d5380,0x3d5380,0x3d5380,0x3d5380,0x3d5380,0x3d5380,0x3d5380,0x3d5380,0x3d5380,0x3d5380,0x3d5380,0x3d5380,
    0x3d5380,0x3d5380,0x3d5380,0x3d5380,0x3d5380,0x3d5380,0x3d5380,0x3e5481,0x3e5481,0x3c527f,0x394e79,0x364a72,
    0x33466d,0x31446a,0x31446a,0x32456a,0x32456b,0x32456b,0x32456b,0x32456b,0x32456b,0x32456b,0x32456b,0x32456b,
    0x32456b,0x32456b,0x32456b,0x32456b,0x314469,0x33466d,0x394d78,0x3d5380,0x3e5481,0x3d5380,0x3d5380,0x3d5380,
    0x3d5380,0x3d5380,0x3d5380,0x3d5380,0x3d5380,0x3d5380,0x3d5380,0x3d5380,0x3d5380,0x3d5380,0x3d5380,0x3d5380,
    0x3d5380,0x3d5380,0x3d5380,0x3d5380,0x3d5380,0x3d5380,0x3d5380,0x3d5380,0x3d5380,0x3d5380,0x3d5380,0x3d5380,
    0x3d5380,0x3d5380,0x3d5380,0x3d5380,0x3d5380,0x3d5380,0x3d5380,0x3d5380,0x3d5380,0x3d5380,0x3d5380,0x3d5380,
    0x3d5380,0x3d5380,0x3d5380,0x3d5380,0x3d5380,0x3d5380,0x3d5380,0x3d5380,0x3d5380,0x3d5380,0x3d5380,0x3d5380,
    0x3d5380,0x3d5380,0x3d5380,0x3d5380,0x3d5380,0x3d5380,0x3d5380,0x3d5380,0x3d5380,0x3d5380,0x3d5380,0x3d5380,
    0x3d5380,0x3d5380,0x3d5380,0x3d5380,0x3d5380,0x3d5380,0x3d5380,0x3d5380,0x3d5380,0x3d5380,0x3d5380,0x3d5380,
    0x3d5380,0x3d5380,0x3d5380,0x3d5380,0x3d5380,0x3d5380,0x3d5380,0x3d5380,0x3d5380,0x3d5381,0x3e5482,0x3d527f,
    0x384d77,0x34476e,0x31446a,0x31446a,
    0x3d5380,0x3d5380,0x3d5380,0x3d5380,0x3d5380,0x3d5380,0x3d5380,0x3d5380,0x3d5380,0x3d5380,0x3d5380,0x3d5380,
    0x3d5380,0x3d5380,0x3d5380,0x3d5380,0x3d5380,0x3d5380,0x3d5380,0x3d5380,0x3d5380,0x3d5380,0x3d5380,0x3d5380,
    0x3d5380,0x3d5380,0x3d5380,0x3d5380,0x3d5380,0x3d5380,0x3d5380,0x3d5380,0x3d5380,0x3d5380,0x3d5380,0x3d5380,
    0x3d5380,0x3d5380,0x3d5380,0x3d5380,0x3d5380,0x3d5380,0x3d5380,0x3d5380,0x3d5380,0x3d5380,0x3e5481,0x3e5481,
    0x3d527f,0x3a4f7a,0x364a73,0x33476d,0x32446a,0x31446a,0x32456a,0x32456b,0x32456b,0x32456b,0x32456b,0x32456b,
    0x32456b,0x32456b,0x31446a,0x32456c,0x374c76,0x3d537f,0x3e5482,0x3d5380,0x3d5380,0x3d5380,0x3d5380,0x3d5380,
    0x3d5380,0x3d5380,0x3d5380,0x3d5380,0x3d5380,0x3d5380,0x3d5380,0x3d5380,0x3d5380,0x3d5380,0x3d5380,0x3d5380,
    0x3d5380,0x3d5380,0x3d5380,0x3d5380,0x3d5380,0x3d5380,0x3d5380,0x3d5380,0x3d5380,0x3d5380,0x3d5380,0x3d5380,
    0x3d5380,0x3d5380,0x3d5380,0x3d5380,0x3d5380,0x3d5380,0x3d5380,0x3d5380,0x3d5380,0x3d5380,0x3d5380,0x3d5380,
    0x3d5380,0x3d5380,0x3d5380,0x3d5380,0x3d5380,0x3d5380,0x3d5380,0x3d5380,0x3d5380,0x3d5380,0x3d5380,0x3d5380,
    0x3d5380,0x3d5380,0x3d5380,0x3d5380,0x3d5380,0x3d5380,0x3d5380,0x3d5380,0x3d5380,0x3d5380,0x3d5380,0x3d5380,
    0x3d5380,0x3d5380,0x3d5380,0x3d5380,0x3d5380,0x3d5380,0x3d5380,0x3d5380,0x3d5380,0x3d5380,0x3d5380,0x3d5380,
    0x3d5380,0x3d5380,0x3d5380,0x3d5380,0x3d5380,0x3d5380,0x3d5380,0x3d5380,0x3d5380,0x3d5380,0x3d5380,0x3d5380,
    0x3e5482,0x3d5380,0x394e79,0x354870,
    0x3d5380,0x3d5380,0x3d5380,0x3d5380,0x3d5380,0x3d5380,0x3d5380,0x3d5380,0x3d5380,0x3d5380,0x3d5380,0x3d5380,
    0x3d5380,0x3d5380,0x3d5380,0x3d5380,0x3d5380,0x3d5380,0x3d5380,0x3d5380,0x3d5380,0x3d5380,0x3d5380,0x3d5380,
    0x3d5380,0x3d5380,0x3d5380,0x3d5380,0x3d5380,0x3d5380,0x3d5380,0x3d5380,0x3d5380,0x3d5380,0x3d5380,0x3d5380,
    0x3d5380,0x3d5380,0x3d5380,0x3d5380,0x3d5380,0x3d5380,0x3d5380,0x3d5380,0x3d5380,0x3d5380,0x3d5380,0x3d5380,
    0x3d5380,0x3e5481,0x3e5481,0x3d5380,0x3a4f7b,0x374b74,0x33476e,0x32446a,0x314469,0x32446a,0x32456b,0x32456b,
    0x31446a,0x32456b,0x364b74,0x3c527e,0x3e5482,0x3d5380,0x3d5380,0x3d5380,0x3d5380,0x3d5380,0x3d5380,0x3d5380,
    0x3d5380,0x3d5380,0x3d5380,0x3d5380,0x3d5380,0x3d5380,0x3d5380,0x3d5380,0x3d5380,0x3d5380,0x3d5380,0x3d5380,
    0x3d5380,0x3d5380,0x3d5380,0x3d5380,0x3d5380,0x3d5380,0x3d5380,0x3d5380,0x3d5380,0x3d5380,0x3d5380,0x3d5380,
    0x3d5380,0x3d5380,0x3d5380,0x3d5380,0x3d5380,0x3d5380,0x3d5380,0x3d5380,0x3d5380,0x3d5380,0x3d5380,0x3d5380,
    0x3d5380,0x3d5380,0x3d5380,0x3d5380,0x3d5380,0x3d5380,0x3d5380,0x3d5380,0x3d5380,0x3d5380,0x3d5380,0x3d5380,
    0x3d5380,0x3d5380,0x3d5380,0x3d5380,0x3d5380,0x3d5380,0x3d5380,0x3d5380,0x3d5380,0x3d5380,0x3d5380,0x3d5380,
    0x3d5380,0x3d5380,0x3d5380,0x3d5380,0x3d5380,0x3d5380,0x3d5380,0x3d5380,0x3d5380,0x3d5380,0x3d5380,0x3d5380,
    0x3d5380,0x3d5380,0x3d5380,0x3d5380,0x3d5380,0x3d5380,0x3d5380,0x3d5380,0x3d5380,0x3d5380,0x3d5380,0x3d5380,
    0x3d5380,0x3d5380,0x3e5481,0x3d5381,
    0x3d5380,0x3d5380,0x3d5380,0x3d5380,0x3d5380,0x3d5380,0x3d5380,0x3d5380,0x3d5380,0x3d5380,0x3d5380,0x3d5380,
    0x3d5380,0x3d5380,0x3d5380,0x3d5380,0x3d5380,0x3d5380,0x3d5380,0x3d5380,0x3d5380,0x3d5380,0x3d5380,0x3d5380,
    0x3d5380,0x3d5380,0x3d5380,0x3d5380,0x3d5380,0x3d5380,0x3d5380,0x3d5380,0x3d5380,0x3d5380,0x3d5380,0x3d5380,
    0x3d5380,0x3d5380,0x3d5380,0x3d5380,0x3d5380,0x3d5380,0x3d5380,0x3d5380,0x3d5380,0x3d5380,0x3d5380,0x3d5380,
    0x3d5380,0x3d5380,0x3d5380,0x3d5380,0x3e5481,0x3e5481,0x3d5380,0x3a507b,0x374b75,0x34476e,0x32456a,0x31446a,
    0x354972,0x3b517c,0x3e5481,0x3d5380,0x3d5380,0x3d5380,0x3d5380,0x3d5380,0x3d5380,0x3d5380,0x3d5380,0x3d5380,
    0x3d5380,0x3d5380,0x3d5380,0x3d5380,0x3d5380,0x3d5380,0x3d5380,0x3d5380,0x3d5380,0x3d5380,0x3d5380,0x3d5380,
    0x3d5380,0x3d5380,0x3d5380,0x3d5380,0x3d5380,0x3d5380,0x3d5380,0x3d5380,0x3d5380,0x3d5380,0x3d5380,0x3d5380,
    0x3d5380,0x3d5380,0x3d5380,0x3d5380,0x3d5380,0x3d5380,0x3d5380,0x3d5380,0x3d5380,0x3d5380,0x3d5380,0x3d5380,
    0x3d5380,0x3d5380,0x3d5380,0x3d5380,0x3d5380,0x3d5380,0x3d5380,0x3d5380,0x3d5380,0x3d5380,0x3d5380,0x3d5380,
    0x3d5380,0x3d5380,0x3d5380,0x3d5380,0x3d5380,0x3d5380,0x3d5380,0x3d5380,0x3d5380,0x3d5380,0x3d5380,0x3d5380,
    0x3d5380,0x3d5380,0x3d5380,0x3d5380,0x3d5380,0x3d5380,0x3d5380,0x3d5380,0x3d5380,0x3d5380,0x3d5380,0x3d5380,
    0x3d5380,0x3d5380,0x3d5380,0x3d5380,0x3d5380,0x3d5380,0x3d5380,0x3d5380,0x3d5380,0x3d5380,0x3d5380,0x3d5380,
    0x3d5380,0x3d5380,0x3d5380,0x3d5380,
    0x3d5380,0x3d5380,0x3d5380,0x3d5380,0x3d5380,0x3d5380,0x3d5380,0x3d5380,0x3d5380,0x3d5380,0x3d5380,0x3d5380,
    0x3d5380,0x3d5380,0x3d5380,0x3d5380,0x3d5380,0x3d5380,0x3d5380,0x3d5380,0x3d5380,0x3d5380,0x3d5380,0x3d5380,
    0x3d5380,0x3d5380,0x3d5380,0x3d5380,0x3d5380,0x3d5380,0x3d5380,0x3d5380,0x3d5380,0x3d5380,0x3d5380,0x3d5380,
    0x3d5380,0x3d5380,0x3d5380,0x3d5380,0x3d5380,0x3d5380,0x3d5380,0x3d5380,0x3d5380,0x3d5380,0x3d5380,0x3d5380,
    0x3d5380,0x3d5380,0x3d5380,0x3d5380,0x3d5380,0x3d5380,0x3d5380,0x3e5481,0x3e5481,0x3d5380,0x3a507b,0x3a4f7b,
    0x3e5481,0x3d5481,0x3d5380,0x3d5380,0x3d5380,0x3d5380,0x3d5380,0x3d5380,0x3d5380,0x3d5380,0x3d5380,0x3d5380,
    0x3d5380,0x3d5380,0x3d5380,0x3d5380,0x3d5380,0x3d5380,0x3d5380,0x3d5380,0x3d5380,0x3d5380,0x3d5380,0x3d5380,
    0x3d5380,0x3d5380,0x3d5380,0x3d5380,0x3d5380,0x3d5380,0x3d5380,0x3d5380,0x3d5380,0x3d5380,0x3d5380,0x3d5380,
    0x3d5380,0x3d5380,0x3d5380,0x3d5380,0x3d5380,0x3d5380,0x3d5380,0x3d5380,0x3d5380,0x3d5380,0x3d5380,0x3d5380,
    0x3d5380,0x3d5380,0x3d5380,0x3d5380,0x3d5380,0x3d5380,0x3d5380,0x3d5380,0x3d5380,0x3d5380,0x3d5380,0x3d5380,
    0x3d5380,0x3d5380,0x3d5380,0x3d5380,0x3d5380,0x3d5380,0x3d5380,0x3d5380,0x3d5380,0x3d5380,0x3d5380,0x3d5380,
    0x3d5380,0x3d5380,0x3d5380,0x3d5380,0x3d5380,0x3d5380,0x3d5380,0x3d5380,0x3d5380,0x3d5380,0x3d5380,0x3d5380,
    0x3d5380,0x3d5380,0x3d5380,0x3d5380,0x3d5380,0x3d5380,0x3d5380,0x3d5380,0x3d5380,0x3d5380,0x3d5380,0x3d5380,
    0x3d5380,0x3d5380,0x3d5380,0x3d5380,
    0x3d5381,0x3d5381,0x3e5481,0x3e5481,0x3e5481,0x3e5481,0x3e5481,0x3e5481,0x3e5481,0x3e5481,0x3d5481,0x3d5381,
    0x3d5381,0x3d5381,0x3d5381,0x3d5381,0x3d5381,0x3e5481,0x3e5481,0x3e5481,0x3e5481,0x3e5481,0x3e5481,0x3e5481,
    0x3e5481,0x3d5481,0x3d5381,0x3d5381,0x3d5381,0x3d5381,0x3d5381,0x3d5381,0x3d5381,0x3d5381,0x3d5381,0x3d5381,
    0x3d5381,0x3d5381,0x3d5381,0x3d5381,0x3d5381,0x3d5381,0x3d5381,0x3d5381,0x3d5381,0x3d5381,0x3d5381,0x3d5381,
    0x3d5381,0x3d5381,0x3d5381,0x3d5381,0x3d5381,0x3d5381,0x3d5381,0x3d5381,0x3d5380,0x3d5381,0x3e5482,0x3e5482,
    0x3d5381,0x3d5381,0x3d5381,0x3d5381,0x3d5381,0x3d5381,0x3d5381,0x3d5381,0x3d5381,0x3d5381,0x3d5381,0x3d5381,
    0x3d5381,0x3d5381,0x3d5381,0x3d5381,0x3d5381,0x3d5381,0x3d5381,0x3d5381,0x3d5381,0x3d5381,0x3d5381,0x3d5381,
    0x3d5381,0x3d5381,0x3d5381,0x3d5381,0x3d5381,0x3d5381,0x3d5381,0x3d5381,0x3d5381,0x3d5381,0x3d5381,0x3d5381,
    0x3d5381,0x3d5381,0x3d5381,0x3d5381,0x3d5381,0x3d5381,0x3d5381,0x3d5381,0x3d5381,0x3d5381,0x3d5381,0x3d5481,
    0x3d5481,0x3d5481,0x3d5481,0x3d5481,0x3d5481,0x3d5481,0x3d5481,0x3d5481,0x3d5481,0x3d5481,0x3d5481,0x3d5481,
    0x3d5481,0x3d5481,0x3d5481,0x3d5481,0x3d5481,0x3d5481,0x3d5481,0x3d5481,0x3d5481,0x3d5481,0x3d5481,0x3d5481,
    0x3d5481,0x3d5481,0x3d5481,0x3d5481,0x3d5481,0x3d5481,0x3d5481,0x3d5481,0x3d5481,0x3d5481,0x3d5481,0x3d5481,
    0x3d5481,0x3d5481,0x3d5481,0x3d5481,0x3d5481,0x3d5481,0x3d5481,0x3d5481,0x3d5481,0x3d5481,0x3d5481,0x3d5481,
    0x3d5481,0x3d5481,0x3d5481,0x3d5481,
    0x243044,0x243044,0x232f43,0x232f42,0x232f43,0x232f43,0x232f43,0x232f43,0x232f43,0x232f42,0x243043,0x243044,
    0x243044,0x243044,0x243044,0x243044,0x243044,0x232f43,0x232f42,0x232f43,0x232f43,0x232f43,0x232f43,0x232f43,
    0x232f42,0x243043,0x243044,0x243044,0x243044,0x243044,0x243044,0x243044,0x243044,0x243044,0x243044,0x243044,
    0x243044,0x243044,0x243044,0x243044,0x243044,0x243044,0x243044,0x243044,0x243044,0x253144,0x253144,0x253144,
    0x253144,0x243144,0x253144,0x243144,0x243044,0x243144,0x253144,0x253144,0x253144,0x253144,0x243144,0x243044,
    0x243044,0x243044,0x243044,0x243044,0x243044,0x243044,0x243044,0x243044,0x243044,0x243044,0x243044,0x243044,
    0x243044,0x243044,0x243044,0x243044,0x243044,0x243044,0x243044,0x243044,0x243044,0x243044,0x243044,0x243044,
    0x243044,0x243044,0x243044,0x243044,0x243044,0x243044,0x243044,0x243044,0x243044,0x243044,0x243044,0x243044,
    0x243044,0x243044,0x243044,0x243044,0x243044,0x243044,0x243044,0x243044,0x243044,0x243044,0x243044,0x243043,
    0x243043,0x243043,0x243043,0x243043,0x243043,0x243043,0x243043,0x243043,0x243043,0x243043,0x243043,0x243043,
    0x243043,0x243043,0x243043,0x243043,0x243043,0x243043,0x243043,0x243043,0x243043,0x243043,0x243044,0x243044,
    0x243044,0x243043,0x243043,0x243044,0x243044,0x243043,0x243043,0x243043,0x243043,0x243043,0x243043,0x243043,
    0x243043,0x243043,0x243043,0x243043,0x243043,0x243043,0x243043,0x243043,0x243043,0x243043,0x243043,0x243043,
    0x243043,0x243043,0x243043,0x243043,
    0x1e2734,0x1e2734,0x222c39,0x252f3c,0x242d38,0x242c37,0x242c37,0x242c37,0x252d39,0x252f3c,0x212b38,0x1d2733,
    0x1e2734,0x1e2734,0x1e2734,0x1e2734,0x1e2734,0x232d3a,0x252f3c,0x242d38,0x242c37,0x242c37,0x242c37,0x252d39,
    0x252f3c,0x202a37,0x1d2734,0x1e2734,0x1e2734,0x1e2734,0x1e2734,0x1e2734,0x1e2734,0x1e2734,0x1e2734,0x1e2734,
    0x1e2734,0x1e2734,0x1e2734,0x1e2734,0x1e2734,0x1e2734,0x1e2734,0x1e2734,0x1e2734,0x1c2633,0x1e2734,0x1d2633,
    0x1a2330,0x1d2734,0x1c2532,0x1d2633,0x1f2835,0x1e2834,0x1d2633,0x1d2633,0x1b2531,0x1b2532,0x1c2633,0x1e2734,
    0x1e2734,0x1e2734,0x1e2734,0x1e2734,0x1e2734,0x1e2734,0x1e2734,0x1e2734,0x1e2734,0x1e2734,0x1e2734,0x1e2734,
    0x1e2734,0x1e2734,0x1e2734,0x1e2734,0x1e2734,0x1e2734,0x1e2734,0x1e2734,0x1e2734,0x1e2734,0x1e2734,0x1e2734,
    0x1e2734,0x1e2734,0x1e2734,0x1e2734,0x1e2734,0x1e2734,0x1e2734,0x1e2734,0x1e2734,0x1e2734,0x1e2734,0x1e2734,
    0x1e2734,0x1e2734,0x1e2734,0x1e2734,0x1e2734,0x1e2734,0x1e2734,0x1e2734,0x1e2734,0x1e2734,0x1d2734,0x222b39,
    0x26303f,0x263040,0x263040,0x263040,0x263040,0x263040,0x263040,0x263040,0x263040,0x263040,0x263040,0x263040,
    0x263040,0x263040,0x263040,0x263040,0x263040,0x263040,0x263040,0x263040,0x263040,0x273140,0x232e3d,0x25303f,
    0x242e3e,0x273140,0x263140,0x252f3f,0x252f3e,0x26303f,0x263040,0x263040,0x263040,0x263040,0x263040,0x263040,
    0x263040,0x263040,0x263040,0x263040,0x263040,0x263040,0x263040,0x263040,0x263040,0x263040,0x263040,0x263040,
    0x263040,0x263040,0x26303f,0x232d3b,
    0x1e2836,0x263140,0x394353,0x384353,0x3b4a64,0x3b4c68,0x3b4b67,0x3c4c69,0x3a4961,0x394252,0x374151,0x232d3b,
    0x1e2937,0x1f2938,0x1f2938,0x1e2836,0x293342,0x394353,0x394355,0x3b4b65,0x3b4c68,0x3b4b67,0x3b4c69,0x3a485e,
    0x394252,0x353f4f,0x212b39,0x1f2937,0x1f2938,0x1f2938,0x1f2938,0x1f2938,0x1f2938,0x1f2938,0x1f2938,0x1f2938,
    0x1f2938,0x1f2938,0x1f2938,0x1f2938,0x1f2938,0x1f2938,0x1f2938,0x1f2a38,0x1f2937,0x252f3d,0x1e2837,0x222c3a,
    0x313a47,0x202a39,0x28323f,0x232d3b,0x1b2534,0x1c2635,0x222c3a,0x232d3b,0x2a3442,0x2a3441,0x252e3d,0x1f2937,
    0x1f2a38,0x1f2938,0x1f2938,0x1f2938,0x1f2938,0x1f2938,0x1f2938,0x1f2938,0x1f2938,0x1f2938,0x1f2938,0x1f2938,
    0x1f2938,0x1f2938,0x1f2938,0x1f2938,0x1f2938,0x1f2938,0x1f2938,0x1f2938,0x1f2938,0x1f2938,0x1f2938,0x1f2938,
    0x1f2938,0x1f2938,0x1f2938,0x1f2938,0x1f2938,0x1f2938,0x1f2938,0x1f2938,0x1f2938,0x1f2938,0x1f2938,0x1f2938,
    0x1f2938,0x1f2938,0x1f2938,0x1f2938,0x1f2938,0x1f2938,0x1f2938,0x1f2938,0x1f2938,0x1f2938,0x1f2938,0x283344,
    0x2c3749,0x2b3647,0x2b3647,0x2b3647,0x2b3647,0x2b3647,0x2b3647,0x2b3647,0x2b3647,0x2b3647,0x2b3647,0x2b3647,
    0x2b3647,0x2b3647,0x2b3647,0x2b3647,0x2b3647,0x2b3647,0x2b3647,0x2b3647,0x2b3648,0x283445,0x354050,0x2d3849,
    0x323d4e,0x263244,0x283345,0x2e394a,0x2f3a4b,0x2b3648,0x2b3647,0x2b3647,0x2b3647,0x2b3647,0x2b3647,0x2b3647,
    0x2b3647,0x2b3647,0x2b3647,0x2b3647,0x2b3647,0x2b3647,0x2b3647,0x2b3647,0x2b3647,0x2b3647,0x2b3647,0x2b3647,
    0x2b3647,0x2b3647,0x2b3647,0x2b3647,
    0x1d2735,0x293343,0x38404c,0x3b4e70,0x4b83e5,0x4b81e3,0x4b81e2,0x4b83e6,0x497cd6,0x38455c,0x37414f,0x242f3d,
    0x1e2836,0x1f2937,0x1f2937,0x1d2735,0x2c3647,0x373f4a,0x3d557f,0x4c84ea,0x4b81e2,0x4b81e2,0x4c84e8,0x4776ca,
    0x374253,0x364050,0x222c3b,0x1e2836,0x1f2937,0x1f2937,0x1f2937,0x1f2937,0x1f2937,0x1f2937,0x1f2937,0x1f2937,
    0x1f2937,0x1f2937,0x1f2937,0x1f2937,0x1f2937,0x1f2937,0x1f2937,0x212b38,0x182331,0x444c58,0x81878e,0x646b75,
    0x4d5560,0x6c737c,0x737982,0x313a47,0x2b3442,0x757b84,0x838890,0x515963,0x868c94,0x8e939a,0x48505b,0x192432,
    0x202a38,0x1f2937,0x1f2937,0x1f2937,0x1f2937,0x1f2937,0x1f2937,0x1f2937,0x1f2937,0x1f2937,0x1f2937,0x1f2937,
    0x1f2937,0x1f2937,0x1f2937,0x1f2937,0x1f2937,0x1f2937,0x1f2937,0x1f2937,0x1f2937,0x1f2937,0x1f2937,0x1f2937,
    0x1f2937,0x1f2937,0x1f2937,0x1f2937,0x1f2937,0x1f2937,0x1f2937,0x1f2937,0x1f2937,0x1f2937,0x1f2937,0x1f2937,
    0x1f2937,0x1f2937,0x1f2937,0x1f2937,0x1f2937,0x1f2937,0x1f2937,0x1f2937,0x1f2937,0x1f2937,0x1f2937,0x273243,
    0x2b3647,0x2a3546,0x2a3546,0x2a3546,0x2a3546,0x2a3546,0x2a3546,0x2a3546,0x2a3546,0x2a3546,0x2a3546,0x2a3546,
    0x2a3546,0x2a3546,0x2a3546,0x2a3546,0x2a3546,0x2a3546,0x2a3546,0x2b3647,0x242f41,0x434d5c,0x6f7682,0x777e89,
    0x818791,0x4f5866,0x717883,0x6a727d,0x6a717d,0x384252,0x273243,0x2a3546,0x2a3546,0x2a3546,0x2a3546,0x2a3546,
    0x2a3546,0x2a3546,0x2a3546,0x2a3546,0x2a3546,0x2a3546,0x2a3546,0x2a3546,0x2a3546,0x2a3546,0x2a3546,0x2a3546,
    0x2a3546,0x2a3546,0x2a3546,0x2a3546,
    0x1d2735,0x293343,0x383e4a,0x3c5279,0x4e8cfa,0x4d88f2,0x4d89f2,0x4d8af5,0x4c86eb,0x394761,0x37404d,0x242f3d,
    0x1e2836,0x1f2937,0x1f2937,0x1d2735,0x2c3647,0x363d48,0x3e5b8b,0x4e8dff,0x4d88f1,0x4d89f2,0x4e8bf8,0x4a7fe0,
    0x384356,0x36404f,0x222c3b,0x1e2836,0x1f2937,0x1f2937,0x1f2937,0x1f2937,0x1f2937,0x1f2937,0x1f2937,0x1f2937,
    0x1f2937,0x1f2937,0x1f2937,0x1f2937,0x1f2937,0x1f2937,0x1f2937,0x202a38,0x1a2533,0x3f4853,0x626973,0x555c67,
    0x4e5561,0x4e5661,0x5e656f,0x3e4753,0x3d4551,0x888d95,0x7e838b,0x5d646e,0x6d737c,0x747a83,0x4a525d,0x192331,
    0x202a38,0x1f2937,0x1f2937,0x1f2937,0x1f2937,0x1f2937,0x1f2937,0x1f2937,0x1f2937,0x1f2937,0x1f2937,0x1f2937,
    0x1f2937,0x1f2937,0x1f2937,0x1f2937,0x1f2937,0x1f2937,0x1f2937,0x1f2937,0x1f2937,0x1f2937,0x1f2937,0x1f2937,
    0x1f2937,0x1f2937,0x1f2937,0x1f2937,0x1f2937,0x1f2937,0x1f2937,0x1f2937,0x1f2937,0x1f2937,0x1f2937,0x1f2937,
    0x1f2937,0x1f2937,0x1f2937,0x1f2937,0x1f2937,0x1f2937,0x1f2937,0x1f2937,0x1f2937,0x1f2937,0x1f2937,0x273243,
    0x2b3647,0x2a3546,0x2a3546,0x2a3546,0x2a3546,0x2a3546,0x2a3546,0x2a3546,0x2a3546,0x2a3546,0x2a3546,0x2a3546,
    0x2a3546,0x2a3546,0x2a3546,0x2a3546,0x2a3546,0x2a3546,0x2a3546,0x2b3647,0x263142,0x3b4555,0x646c78,0x545d6a,
    0x666f7a,0x4b5563,0x606875,0x555e6b,0x4b5563,0x364050,0x273344,0x2a3546,0x2a3546,0x2a3546,0x2a3546,0x2a3546,
    0x2a3546,0x2a3546,0x2a3546,0x2a3546,0x2a3546,0x2a3546,0x2a3546,0x2a3546,0x2a3546,0x2a3546,0x2a3546,0x2a3546,
    0x2a3546,0x2a3546,0x2a3546,0x2a3546,
    0x1d2735,0x283241,0x3a4352,0x3a485f,0x4465a0,0x4467a5,0x4467a4,0x4468a7,0x426197,0x394456,0x384251,0x232d3c,
    0x1e2836,0x1f2937,0x1f2937,0x1d2735,0x2b3545,0x3a4351,0x3b4b66,0x4467a4,0x4467a5,0x4467a3,0x4568a8,0x415e8f,
    0x394352,0x374151,0x212b3a,0x1e2836,0x1f2937,0x1f2937,0x1f2937,0x1f2937,0x1f2937,0x1f2937,0x1f2937,0x1f2937,
    0x1f2937,0x1f2937,0x1f2937,0x1f2937,0x1f2937,0x1f2937,0x1f2937,0x1f2937,0x1f2937,0x1e2937,0x172130,0x1b2533,
    0x222c3a,0x1b2533,0x1e2836,0x1c2634,0x202a38,0x1b2534,0x1d2735,0x212b39,0x1d2735,0x1c2634,0x202a38,0x1f2937,
    0x1f2937,0x1f2937,0x1f2937,0x1f2937,0x1f2937,0x1f2937,0x1f2937,0x1f2937,0x1f2937,0x1f2937,0x1f2937,0x1f2937,
    0x1f2937,0x1f2937,0x1f2937,0x1f2937,0x1f2937,0x1f2937,0x1f2937,0x1f2937,0x1f2937,0x1f2937,0x1f2937,0x1f2937,
    0x1f2937,0x1f2937,0x1f2937,0x1f2937,0x1f2937,0x1f2937,0x1f2937,0x1f2937,0x1f2937,0x1f2937,0x1f2937,0x1f2937,
    0x1f2937,0x1f2937,0x1f2937,0x1f2937,0x1f2937,0x1f2937,0x1f2937,0x1f2937,0x1f2937,0x1f2937,0x1f2937,0x273344,
    0x2b3648,0x2a3546,0x2a3546,0x2a3546,0x2a3546,0x2a3546,0x2a3546,0x2a3546,0x2a3546,0x2a3546,0x2a3546,0x2a3546,
    0x2a3546,0x2a3546,0x2a3546,0x2a3546,0x2a3546,0x2a3546,0x2a3546,0x2a3546,0x2b3647,0x273344,0x293445,0x273243,
    0x263143,0x273244,0x232e40,0x263143,0x283344,0x293446,0x2b3547,0x2a3546,0x2a3546,0x2a3546,0x2a3546,0x2a3546,
    0x2a3546,0x2a3546,0x2a3546,0x2a3546,0x2a3546,0x2a3546,0x2a3546,0x2a3546,0x2a3546,0x2a3546,0x2a3546,0x2a3546,
    0x2a3546,0x2a3546,0x2a3546,0x2b3647,
    0x1f2937,0x202a38,0x283241,0x2b3442,0x293039,0x293039,0x293039,0x293039,0x29303a,0x2b3443,0x26303f,0x1f2937,
    0x1f2937,0x1f2937,0x1f2937,0x1f2937,0x202a38,0x293342,0x2a3340,0x293038,0x293039,0x293039,0x293038,0x2a313b,
    0x2b3543,0x252f3d,0x1f2937,0x1f2937,0x1f2937,0x1f2937,0x1f2937,0x1f2937,0x1f2937,0x1f2937,0x1f2937,0x1f2937,
    0x1f2937,0x1f2937,0x1f2937,0x1f2937,0x1f2937,0x1f2937,0x1f2937,0x1f2937,0x1f2937,0x1f2937,0x202a38,0x202a38,
    0x1f2937,0x202a38,0x1f2937,0x202a38,0x1e2937,0x1f2937,0x1f2937,0x1e2836,0x1f2937,0x1f2937,0x1f2937,0x1f2937,
    0x1f2937,0x1f2937,0x1f2937,0x1f2937,0x1f2937,0x1f2937,0x1f2937,0x1f2937,0x1f2937,0x1f2937,0x1f2937,0x1f2937,
    0x1f2937,0x1f2937,0x1f2937,0x1f2937,0x1f2937,0x1f2937,0x1f2937,0x1f2937,0x1f2937,0x1f2937,0x1f2937,0x1f2937,
    0x1f2937,0x1f2937,0x1f2937,0x1f2937,0x1f2937,0x1f2937,0x1f2937,0x1f2937,0x1f2937,0x1f2937,0x1f2937,0x1f2937,
    0x1f2937,0x1f2937,0x1f2937,0x1f2937,0x1f2937,0x1f2937,0x1f2937,0x1f2937,0x1f2937,0x1f2937,0x1f2936,0x242f3e,
    0x293445,0x293444,0x293444,0x293444,0x293444,0x293444,0x293444,0x293444,0x293444,0x293444,0x293444,0x293444,
    0x293444,0x293444,0x293444,0x293444,0x293444,0x293444,0x293444,0x293444,0x293444,0x293445,0x293445,0x293445,
    0x2a3545,0x293445,0x2a3546,0x2a3545,0x293445,0x293445,0x293444,0x293444,0x293444,0x293444,0x293444,0x293444,
    0x293444,0x293444,0x293444,0x293444,0x293444,0x293444,0x293444,0x293444,0x293444,0x293444,0x293444,0x293444,
    0x293444,0x293444,0x293444,0x263141,
    0x1f2937,0x1f2937,0x1d2735,0x1d2735,0x1e2838,0x1e2838,0x1e2838,0x1e2838,0x1d2837,0x1d2735,0x1e2835,0x1f2937,
    0x1f2937,0x1f2937,0x1f2937,0x1f2937,0x1f2937,0x1d2735,0x1d2736,0x1e2838,0x1e2838,0x1e2838,0x1e2838,0x1d2837,
    0x1d2735,0x1e2836,0x1f2937,0x1f2937,0x1f2937,0x1f2937,0x1f2937,0x1f2937,0x1f2937,0x1f2937,0x1f2937,0x1f2937,
    0x1f2937,0x1f2937,0x1f2937,0x1f2937,0x1f2937,0x1f2937,0x1f2937,0x1f2937,0x1f2937,0x1f2937,0x1f2937,0x1f2937,
    0x1f2937,0x1f2937,0x1f2937,0x1f2937,0x1f2937,0x1f2937,0x1f2937,0x1f2937,0x1f2937,0x1f2937,0x1f2937,0x1f2937,
    0x1f2937,0x1f2937,0x1f2937,0x1f2937,0x1f2937,0x1f2937,0x1f2937,0x1f2937,0x1f2937,0x1f2937,0x1f2937,0x1f2937,
    0x1f2937,0x1f2937,0x1f2937,0x1f2937,0x1f2937,0x1f2937,0x1f2937,0x1f2937,0x1f2937,0x1f2937,0x1f2937,0x1f2937,
    0x1f2937,0x1f2937,0x1f2937,0x1f2937,0x1f2937,0x1f2937,0x1f2937,0x1f2937,0x1f2937,0x1f2937,0x1f2937,0x1f2937,
    0x1f2937,0x1f2937,0x1f2937,0x1f2937,0x1f2937,0x1f2937,0x1f2937,0x1f2937,0x1f2937,0x1f2937,0x1f2937,0x1f2936,
    0x1f2937,0x202a38,0x202a38,0x202a38,0x202a38,0x202a38,0x202a38,0x202a38,0x202a38,0x202a38,0x202a38,0x202a38,
    0x202a38,0x202a38,0x202a38,0x202a38,0x202a38,0x202a38,0x202a38,0x202a38,0x202a38,0x202a38,0x202a38,0x202a38,
    0x202a38,0x202a38,0x202a38,0x202a38,0x202a38,0x202a38,0x202a38,0x202a38,0x202a38,0x202a38,0x202a38,0x202a38,
    0x202a38,0x202a38,0x202a38,0x202a38,0x202a38,0x202a38,0x202a38,0x202a38,0x202a38,0x202a38,0x202a38,0x202a38,
    0x202a38,0x202a38,0x1f2938,0x1f2836,
};